<?xml version="1.0"?>
<COLLADA xmlns="http://www.collada.org/2005/11/COLLADASchema" version="1.4.1">
	<asset>
		<contributor>
			<author>Assimp</author>
			<authoring_tool>Assimp Exporter</authoring_tool>
		</contributor>
		<created>2022-01-22T15:52:39</created>
		<modified>2022-01-22T15:52:39</modified>
		<unit name="meter" meter="1.000000" />
		<up_axis>Y_UP</up_axis>
	</asset>
	<library_effects>
		<effect id="lambert2SG-fx" name="lambert2SG">
			<profile_COMMON>
				<technique sid="standard">
					<lambert>
						<emission>
							<color sid="emission">0.000000   0.000000   0.000000   1.000000</color>
						</emission>
						<ambient>
							<color sid="ambient">0.000000   0.000000   0.000000   1.000000</color>
						</ambient>
						<diffuse>
							<color sid="diffuse">0.500000   0.500000   0.500000   1.000000</color>
						</diffuse>
						<specular>
							<color sid="specular">0.000000   0.000000   0.000000   1.000000</color>
						</specular>
						<shininess>
							<float sid="shininess">0.000000</float>
						</shininess>
						<transparency>
							<float sid="transparency">0.000000</float>
						</transparency>
						<index_of_refraction>
							<float sid="index_of_refraction">1.000000</float>
						</index_of_refraction>
					</lambert>
				</technique>
			</profile_COMMON>
		</effect>
		<effect id="Suporte1-fx" name="Suporte1">
			<profile_COMMON>
				<technique sid="standard">
					<lambert>
						<emission>
							<color sid="emission">0.000000   0.000000   0.000000   1.000000</color>
						</emission>
						<ambient>
							<color sid="ambient">0.000000   0.000000   0.000000   1.000000</color>
						</ambient>
						<diffuse>
							<color sid="diffuse">0.500000   0.500000   0.500000   1.000000</color>
						</diffuse>
						<specular>
							<color sid="specular">0.000000   0.000000   0.000000   1.000000</color>
						</specular>
						<shininess>
							<float sid="shininess">0.000000</float>
						</shininess>
						<transparency>
							<float sid="transparency">0.000000</float>
						</transparency>
						<index_of_refraction>
							<float sid="index_of_refraction">1.000000</float>
						</index_of_refraction>
					</lambert>
				</technique>
			</profile_COMMON>
		</effect>
	</library_effects>
	<library_materials>
		<material id="lambert2SG" name="lambert2SG">
			<instance_effect url="#lambert2SG-fx"/>
		</material>
		<material id="Suporte1" name="Suporte1">
			<instance_effect url="#Suporte1-fx"/>
		</material>
	</library_materials>
	<library_geometries>
		<geometry id="meshId0" name="meshId0_name" >
			<mesh>
				<source id="meshId0-positions" name="meshId0-positions">
					<float_array id="meshId0-positions-array" count="2592"> 
						-3.163077 1.386549 -1.315229 -3.180048 1.393579 -1.315229 -3.180048 1.393579 -1.902898 -3.163077 1.386549 -1.902898 -3.180048 1.393579 -1.315229 -3.187078 1.410550 -1.315229 -3.187078 1.410550 -1.902898 -3.180048 1.393579 -1.902898 -3.163077 1.410550 -1.291228 -3.163077 1.393579 -1.298258 3.218166 1.393579 -1.298258 3.218166 1.410550 -1.291228 -3.163077 1.393579 -1.298258 3.218166 1.386549 -1.315229 3.218166 1.393579 -1.298258 -3.180048 1.410550 -1.298258 -3.180048 1.458561 -1.298258 -3.187078 1.458561 -1.315229 -3.180048 1.410550 -1.298258 -3.163077 1.458561 -1.291228 -3.180048 1.458561 -1.298258 3.242167 1.410550 -1.315229 3.235138 1.393579 -1.315229 3.235138 1.393579 -1.902898 3.242167 1.410550 -1.902898 3.235138 1.393579 -1.315229 3.218166 1.386549 -1.902898 3.235138 1.393579 -1.902898 3.235138 1.410550 -1.298258 3.235138 1.458561 -1.298258 3.218166 1.458561 -1.291228 3.235138 1.410550 -1.298258 3.242167 1.458561 -1.315229 3.235138 1.458561 -1.298258 -3.180048 1.475532 -1.315229 -3.180048 1.475532 -1.902898 -3.187078 1.458561 -1.902898 -3.180048 1.475532 -1.315229 -3.163077 1.482562 -1.315229 -3.163077 1.482562 -1.902898 -3.180048 1.475532 -1.902898 -3.163077 1.475532 -1.298258 3.218166 1.475532 -1.298258 3.218166 1.482562 -1.315229 -3.163077 1.475532 -1.298258 3.218166 1.475532 -1.298258 3.235138 1.475532 -1.315229 3.235138 1.475532 -1.902898 3.218166 1.482562 -1.902898 3.235138 1.475532 -1.315229 3.242167 1.458561 -1.902898 3.235138 1.475532 -1.902898 -3.180048 1.458561 -1.919869 -3.180048 1.410550 -1.919869 -3.180048 1.458561 -1.919869 -3.163077 1.458561 -1.926899 -3.163077 1.410550 -1.926899 -3.180048 1.410550 -1.919869 -3.163077 1.475532 -1.919869 3.218166 1.475532 -1.919869 3.218166 1.458561 -1.926899 -3.163077 1.475532 -1.919869 3.218166 1.475532 -1.919869 3.235138 1.458561 -1.919869 
						3.235138 1.410550 -1.919869 3.218166 1.410550 -1.926899 3.235138 1.458561 -1.919869 3.235138 1.410550 -1.919869 -3.163077 1.393579 -1.919869 3.218166 1.393579 -1.919869 -3.163077 1.393579 -1.919869 3.218166 1.393579 -1.919869 -3.176929 1.396698 -1.301377 -3.176929 1.396698 -1.301377 -3.176929 1.396698 -1.301377 3.232018 1.396698 -1.301377 3.232018 1.396698 -1.301377 3.232018 1.396698 -1.301377 -3.176929 1.472413 -1.301377 -3.176929 1.472413 -1.301377 -3.176929 1.472413 -1.301377 3.232018 1.472413 -1.301377 3.232018 1.472413 -1.301377 3.232018 1.472413 -1.301377 -3.176929 1.472413 -1.916750 -3.176929 1.472413 -1.916750 -3.176929 1.472413 -1.916750 3.232018 1.472413 -1.916750 3.232018 1.472413 -1.916750 3.232018 1.472413 -1.916750 -3.176929 1.396698 -1.916750 -3.176929 1.396698 -1.916750 -3.176929 1.396698 -1.916750 3.232018 1.396698 -1.916750 3.232018 1.396698 -1.916750 3.232018 1.396698 -1.916750 -3.163077 1.386549 -0.674818 -3.180048 1.393579 -0.674818 -3.180048 1.393579 -1.262487 -3.163077 1.386549 -1.262487 -3.180048 1.393579 -0.674818 -3.187078 1.410550 -0.674818 -3.187078 1.410550 -1.262487 -3.180048 1.393579 -1.262487 -3.163077 1.410550 -0.650817 -3.163077 1.393579 -0.657847 3.218166 1.393579 -0.657847 3.218166 1.410550 -0.650817 -3.163077 1.393579 -0.657847 3.218166 1.386549 -0.674818 3.218166 1.393579 -0.657847 -3.180048 1.410550 -0.657847 -3.180048 1.458561 -0.657847 -3.187078 1.458561 -0.674818 -3.180048 1.410550 -0.657847 -3.163077 1.458561 -0.650817 -3.180048 1.458561 -0.657847 3.242167 1.410550 -0.674818 3.235138 1.393579 -0.674818 3.235138 1.393579 -1.262487 3.242167 1.410550 -1.262487 3.235138 1.393579 -0.674818 3.218166 1.386549 -1.262487 3.235138 1.393579 -1.262487 3.235138 1.410550 -0.657847 3.235138 1.458561 -0.657847 3.218166 1.458561 -0.650817 3.235138 1.410550 -0.657847 
						3.242167 1.458561 -0.674818 3.235138 1.458561 -0.657847 -3.180048 1.475532 -0.674818 -3.180048 1.475532 -1.262487 -3.187078 1.458561 -1.262487 -3.180048 1.475532 -0.674818 -3.163077 1.482562 -0.674818 -3.163077 1.482562 -1.262487 -3.180048 1.475532 -1.262487 -3.163077 1.475532 -0.657847 3.218166 1.475532 -0.657847 3.218166 1.482562 -0.674818 -3.163077 1.475532 -0.657847 3.218166 1.475532 -0.657847 3.235138 1.475532 -0.674818 3.235138 1.475532 -1.262487 3.218166 1.482562 -1.262487 3.235138 1.475532 -0.674818 3.242167 1.458561 -1.262487 3.235138 1.475532 -1.262487 -3.180048 1.458561 -1.279458 -3.180048 1.410550 -1.279458 -3.180048 1.458561 -1.279458 -3.163077 1.458561 -1.286488 -3.163077 1.410550 -1.286488 -3.180048 1.410550 -1.279458 -3.163077 1.475532 -1.279458 3.218166 1.475532 -1.279458 3.218166 1.458561 -1.286488 -3.163077 1.475532 -1.279458 3.218166 1.475532 -1.279458 3.235138 1.458561 -1.279458 3.235138 1.410550 -1.279458 3.218166 1.410550 -1.286488 3.235138 1.458561 -1.279458 3.235138 1.410550 -1.279458 -3.163077 1.393579 -1.279458 3.218166 1.393579 -1.279458 -3.163077 1.393579 -1.279458 3.218166 1.393579 -1.279458 -3.176929 1.396698 -0.660966 -3.176929 1.396698 -0.660966 -3.176929 1.396698 -0.660966 3.232018 1.396698 -0.660966 3.232018 1.396698 -0.660966 3.232018 1.396698 -0.660966 -3.176929 1.472413 -0.660966 -3.176929 1.472413 -0.660966 -3.176929 1.472413 -0.660966 3.232018 1.472413 -0.660966 3.232018 1.472413 -0.660966 3.232018 1.472413 -0.660966 -3.176929 1.472413 -1.276339 -3.176929 1.472413 -1.276339 -3.176929 1.472413 -1.276339 3.232018 1.472413 -1.276339 3.232018 1.472413 -1.276339 3.232018 1.472413 -1.276339 -3.176929 1.396698 -1.276339 -3.176929 1.396698 -1.276339 -3.176929 1.396698 -1.276339 3.232018 1.396698 -1.276339 3.232018 1.396698 -1.276339 3.232018 1.396698 -1.276339 
						-3.187078 0.815673 2.354615 -3.180048 0.798702 2.354615 -3.180048 0.798702 2.942284 -3.187078 0.815673 2.942284 -3.180048 0.798702 2.354615 -3.163077 0.791672 2.354615 -3.163077 0.791672 2.942284 -3.180048 0.798702 2.942284 -3.163077 0.815673 2.330614 -3.180048 0.815673 2.337644 -3.180048 0.863684 2.337644 -3.163077 0.863684 2.330614 -3.180048 0.815673 2.337644 -3.187078 0.863684 2.354615 -3.180048 0.863684 2.337644 -3.163077 0.798702 2.337644 3.218166 0.798702 2.337644 3.218166 0.791672 2.354615 -3.163077 0.798702 2.337644 3.218166 0.815673 2.330614 3.218166 0.798702 2.337644 3.235138 0.798702 2.354615 3.235138 0.798702 2.942284 3.218166 0.791672 2.942284 3.235138 0.798702 2.354615 3.242167 0.815673 2.354615 3.242167 0.815673 2.942284 3.235138 0.798702 2.942284 3.235138 0.815673 2.337644 3.235138 0.863684 2.337644 3.242167 0.863684 2.354615 3.235138 0.815673 2.337644 3.218166 0.863684 2.330614 3.235138 0.863684 2.337644 3.235138 0.880655 2.354615 3.235138 0.880655 2.942284 3.242167 0.863684 2.942284 3.235138 0.880655 2.354615 3.218166 0.887685 2.354615 3.218166 0.887685 2.942284 3.235138 0.880655 2.942284 3.218166 0.880655 2.337644 -3.163077 0.880655 2.337644 -3.163077 0.887685 2.354615 3.218166 0.880655 2.337644 -3.163077 0.880655 2.337644 -3.180048 0.880655 2.354615 -3.180048 0.880655 2.942284 -3.163077 0.887685 2.942284 -3.180048 0.880655 2.354615 -3.187078 0.863684 2.942284 -3.180048 0.880655 2.942284 3.235138 0.863684 2.959255 3.235138 0.815673 2.959255 3.235138 0.863684 2.959255 3.218166 0.863684 2.966284 3.218166 0.815673 2.966284 3.235138 0.815673 2.959255 3.218166 0.880655 2.959255 -3.163077 0.880655 2.959255 -3.163077 0.863684 2.966284 3.218166 0.880655 2.959255 -3.163077 0.880655 2.959255 -3.180048 0.863684 2.959255 
						-3.180048 0.815673 2.959255 -3.163077 0.815673 2.966284 -3.180048 0.863684 2.959255 -3.180048 0.815673 2.959255 3.218166 0.798702 2.959255 -3.163077 0.798702 2.959255 3.218166 0.798702 2.959255 -3.163077 0.798702 2.959255 -3.176929 0.801821 2.340763 -3.176929 0.801821 2.340763 -3.176929 0.801821 2.340763 3.232018 0.801821 2.340763 3.232018 0.801821 2.340763 3.232018 0.801821 2.340763 3.232018 0.877536 2.340763 3.232018 0.877536 2.340763 3.232018 0.877536 2.340763 -3.176929 0.877536 2.340763 -3.176929 0.877536 2.340763 -3.176929 0.877536 2.340763 3.232018 0.877536 2.956136 3.232018 0.877536 2.956136 3.232018 0.877536 2.956136 -3.176929 0.877536 2.956136 -3.176929 0.877536 2.956136 -3.176929 0.877536 2.956136 3.232018 0.801821 2.956136 3.232018 0.801821 2.956136 3.232018 0.801821 2.956136 -3.176929 0.801821 2.956136 -3.176929 0.801821 2.956136 -3.176929 0.801821 2.956136 -3.163077 1.386549 0.607420 -3.180048 1.393579 0.607420 -3.180048 1.393579 0.019751 -3.163077 1.386549 0.019751 -3.180048 1.393579 0.607420 -3.187078 1.410550 0.607420 -3.187078 1.410550 0.019751 -3.180048 1.393579 0.019751 -3.163077 1.410550 0.631420 -3.163077 1.393579 0.624391 3.218166 1.393579 0.624391 3.218166 1.410550 0.631420 -3.163077 1.393579 0.624391 3.218166 1.386549 0.607420 3.218166 1.393579 0.624391 -3.180048 1.410550 0.624391 -3.180048 1.458561 0.624391 -3.187078 1.458561 0.607420 -3.180048 1.410550 0.624391 -3.163077 1.458561 0.631420 -3.180048 1.458561 0.624391 3.242167 1.410550 0.607420 3.235138 1.393579 0.607420 3.235138 1.393579 0.019751 3.242167 1.410550 0.019751 3.235138 1.393579 0.607420 3.218166 1.386549 0.019751 3.235138 1.393579 0.019751 3.235138 1.410550 0.624391 3.235138 1.458561 0.624391 3.218166 1.458561 0.631420 3.235138 1.410550 0.624391 
						3.242167 1.458561 0.607420 3.235138 1.458561 0.624391 -3.180048 1.475532 0.607420 -3.180048 1.475532 0.019751 -3.187078 1.458561 0.019751 -3.180048 1.475532 0.607420 -3.163077 1.482562 0.607420 -3.163077 1.482562 0.019751 -3.180048 1.475532 0.019751 -3.163077 1.475532 0.624391 3.218166 1.475532 0.624391 3.218166 1.482562 0.607420 -3.163077 1.475532 0.624391 3.218166 1.475532 0.624391 3.235138 1.475532 0.607420 3.235138 1.475532 0.019751 3.218166 1.482562 0.019751 3.235138 1.475532 0.607420 3.242167 1.458561 0.019751 3.235138 1.475532 0.019751 -3.180048 1.458561 0.002780 -3.180048 1.410550 0.002780 -3.180048 1.458561 0.002780 -3.163077 1.458561 -0.004250 -3.163077 1.410550 -0.004250 -3.180048 1.410550 0.002780 -3.163077 1.475532 0.002780 3.218166 1.475532 0.002780 3.218166 1.458561 -0.004250 -3.163077 1.475532 0.002780 3.218166 1.475532 0.002780 3.235138 1.458561 0.002780 3.235138 1.410550 0.002780 3.218166 1.410550 -0.004250 3.235138 1.458561 0.002780 3.235138 1.410550 0.002780 -3.163077 1.393579 0.002780 3.218166 1.393579 0.002780 -3.163077 1.393579 0.002780 3.218166 1.393579 0.002780 -3.176929 1.396698 0.621272 -3.176929 1.396698 0.621272 -3.176929 1.396698 0.621272 3.232018 1.396698 0.621272 3.232018 1.396698 0.621272 3.232018 1.396698 0.621272 -3.176929 1.472413 0.621272 -3.176929 1.472413 0.621272 -3.176929 1.472413 0.621272 3.232018 1.472413 0.621272 3.232018 1.472413 0.621272 3.232018 1.472413 0.621272 -3.176929 1.472413 0.005899 -3.176929 1.472413 0.005899 -3.176929 1.472413 0.005899 3.232018 1.472413 0.005899 3.232018 1.472413 0.005899 3.232018 1.472413 0.005899 -3.176929 1.396698 0.005899 -3.176929 1.396698 0.005899 -3.176929 1.396698 0.005899 3.232018 1.396698 0.005899 3.232018 1.396698 0.005899 3.232018 1.396698 0.005899 
						-3.163077 0.791672 -3.051075 -3.180048 0.798702 -3.051075 -3.180048 0.798702 -3.638743 -3.163077 0.791672 -3.638743 -3.180048 0.798702 -3.051075 -3.187078 0.815673 -3.051075 -3.187078 0.815673 -3.638743 -3.180048 0.798702 -3.638743 -3.163077 0.815673 -3.027074 -3.163077 0.798702 -3.034103 3.218166 0.798702 -3.034103 3.218166 0.815673 -3.027074 -3.163077 0.798702 -3.034103 3.218166 0.791672 -3.051075 3.218166 0.798702 -3.034103 -3.180048 0.815673 -3.034103 -3.180048 0.863684 -3.034103 -3.187078 0.863684 -3.051075 -3.180048 0.815673 -3.034103 -3.163077 0.863684 -3.027074 -3.180048 0.863684 -3.034103 3.242167 0.815673 -3.051075 3.235138 0.798702 -3.051075 3.235138 0.798702 -3.638743 3.242167 0.815673 -3.638743 3.235138 0.798702 -3.051075 3.218166 0.791672 -3.638743 3.235138 0.798702 -3.638743 3.235138 0.815673 -3.034103 3.235138 0.863684 -3.034103 3.218166 0.863684 -3.027074 3.235138 0.815673 -3.034103 3.242167 0.863684 -3.051075 3.235138 0.863684 -3.034103 -3.180048 0.880655 -3.051075 -3.180048 0.880655 -3.638743 -3.187078 0.863684 -3.638743 -3.180048 0.880655 -3.051075 -3.163077 0.887685 -3.051075 -3.163077 0.887685 -3.638743 -3.180048 0.880655 -3.638743 -3.163077 0.880655 -3.034103 3.218166 0.880655 -3.034103 3.218166 0.887685 -3.051075 -3.163077 0.880655 -3.034103 3.218166 0.880655 -3.034103 3.235138 0.880655 -3.051075 3.235138 0.880655 -3.638743 3.218166 0.887685 -3.638743 3.235138 0.880655 -3.051075 3.242167 0.863684 -3.638743 3.235138 0.880655 -3.638743 -3.180048 0.863684 -3.655715 -3.180048 0.815673 -3.655715 -3.180048 0.863684 -3.655715 -3.163077 0.863684 -3.662744 -3.163077 0.815673 -3.662744 -3.180048 0.815673 -3.655715 -3.163077 0.880655 -3.655715 3.218166 0.880655 -3.655715 3.218166 0.863684 -3.662744 -3.163077 0.880655 -3.655715 3.218166 0.880655 -3.655715 3.235138 0.863684 -3.655715 
						3.235138 0.815673 -3.655715 3.218166 0.815673 -3.662744 3.235138 0.863684 -3.655715 3.235138 0.815673 -3.655715 -3.163077 0.798702 -3.655715 3.218166 0.798702 -3.655715 -3.163077 0.798702 -3.655715 3.218166 0.798702 -3.655715 -3.176929 0.801821 -3.037223 -3.176929 0.801821 -3.037223 -3.176929 0.801821 -3.037223 3.232018 0.801821 -3.037223 3.232018 0.801821 -3.037223 3.232018 0.801821 -3.037223 -3.176929 0.877536 -3.037223 -3.176929 0.877536 -3.037223 -3.176929 0.877536 -3.037223 3.232018 0.877536 -3.037223 3.232018 0.877536 -3.037223 3.232018 0.877536 -3.037223 -3.176929 0.877536 -3.652595 -3.176929 0.877536 -3.652595 -3.176929 0.877536 -3.652595 3.232018 0.877536 -3.652595 3.232018 0.877536 -3.652595 3.232018 0.877536 -3.652595 -3.176929 0.801821 -3.652595 -3.176929 0.801821 -3.652595 -3.176929 0.801821 -3.652595 3.232018 0.801821 -3.652595 3.232018 0.801821 -3.652595 3.232018 0.801821 -3.652595 -3.163077 0.791672 -2.404301 -3.180048 0.798702 -2.404301 -3.180048 0.798702 -2.991970 -3.163077 0.791672 -2.991970 -3.180048 0.798702 -2.404301 -3.187078 0.815673 -2.404301 -3.187078 0.815673 -2.991970 -3.180048 0.798702 -2.991970 -3.163077 0.815673 -2.380301 -3.163077 0.798702 -2.387330 3.218166 0.798702 -2.387330 3.218166 0.815673 -2.380301 -3.163077 0.798702 -2.387330 3.218166 0.791672 -2.404301 3.218166 0.798702 -2.387330 -3.180048 0.815673 -2.387330 -3.180048 0.863684 -2.387330 -3.187078 0.863684 -2.404301 -3.180048 0.815673 -2.387330 -3.163077 0.863684 -2.380301 -3.180048 0.863684 -2.387330 3.242167 0.815673 -2.404301 3.235138 0.798702 -2.404301 3.235138 0.798702 -2.991970 3.242167 0.815673 -2.991970 3.235138 0.798702 -2.404301 3.218166 0.791672 -2.991970 3.235138 0.798702 -2.991970 3.235138 0.815673 -2.387330 3.235138 0.863684 -2.387330 3.218166 0.863684 -2.380301 3.235138 0.815673 -2.387330 
						3.242167 0.863684 -2.404301 3.235138 0.863684 -2.387330 -3.180048 0.880655 -2.404301 -3.180048 0.880655 -2.991970 -3.187078 0.863684 -2.991970 -3.180048 0.880655 -2.404301 -3.163077 0.887685 -2.404301 -3.163077 0.887685 -2.991970 -3.180048 0.880655 -2.991970 -3.163077 0.880655 -2.387330 3.218166 0.880655 -2.387330 3.218166 0.887685 -2.404301 -3.163077 0.880655 -2.387330 3.218166 0.880655 -2.387330 3.235138 0.880655 -2.404301 3.235138 0.880655 -2.991970 3.218166 0.887685 -2.991970 3.235138 0.880655 -2.404301 3.242167 0.863684 -2.991970 3.235138 0.880655 -2.991970 -3.180048 0.863684 -3.008941 -3.180048 0.815673 -3.008941 -3.180048 0.863684 -3.008941 -3.163077 0.863684 -3.015971 -3.163077 0.815673 -3.015971 -3.180048 0.815673 -3.008941 -3.163077 0.880655 -3.008941 3.218166 0.880655 -3.008941 3.218166 0.863684 -3.015971 -3.163077 0.880655 -3.008941 3.218166 0.880655 -3.008941 3.235138 0.863684 -3.008941 3.235138 0.815673 -3.008941 3.218166 0.815673 -3.015971 3.235138 0.863684 -3.008941 3.235138 0.815673 -3.008941 -3.163077 0.798702 -3.008941 3.218166 0.798702 -3.008941 -3.163077 0.798702 -3.008941 3.218166 0.798702 -3.008941 -3.176929 0.801821 -2.390450 -3.176929 0.801821 -2.390450 -3.176929 0.801821 -2.390450 3.232018 0.801821 -2.390450 3.232018 0.801821 -2.390450 3.232018 0.801821 -2.390450 -3.176929 0.877536 -2.390450 -3.176929 0.877536 -2.390450 -3.176929 0.877536 -2.390450 3.232018 0.877536 -2.390450 3.232018 0.877536 -2.390450 3.232018 0.877536 -2.390450 -3.176929 0.877536 -3.005822 -3.176929 0.877536 -3.005822 -3.176929 0.877536 -3.005822 3.232018 0.877536 -3.005822 3.232018 0.877536 -3.005822 3.232018 0.877536 -3.005822 -3.176929 0.801821 -3.005822 -3.176929 0.801821 -3.005822 -3.176929 0.801821 -3.005822 3.232018 0.801821 -3.005822 3.232018 0.801821 -3.005822 3.232018 0.801821 -3.005822 
						-3.163077 1.386549 1.251777 -3.180048 1.393579 1.251777 -3.180048 1.393579 0.664109 -3.163077 1.386549 0.664109 -3.180048 1.393579 1.251777 -3.187078 1.410550 1.251777 -3.187078 1.410550 0.664109 -3.180048 1.393579 0.664109 -3.163077 1.410550 1.275778 -3.163077 1.393579 1.268749 3.218166 1.393579 1.268749 3.218166 1.410550 1.275778 -3.163077 1.393579 1.268749 3.218166 1.386549 1.251777 3.218166 1.393579 1.268749 -3.180048 1.410550 1.268749 -3.180048 1.458561 1.268749 -3.187078 1.458561 1.251777 -3.180048 1.410550 1.268749 -3.163077 1.458561 1.275778 -3.180048 1.458561 1.268749 3.242167 1.410550 1.251777 3.235138 1.393579 1.251777 3.235138 1.393579 0.664109 3.242167 1.410550 0.664109 3.235138 1.393579 1.251777 3.218166 1.386549 0.664109 3.235138 1.393579 0.664109 3.235138 1.410550 1.268749 3.235138 1.458561 1.268749 3.218166 1.458561 1.275778 3.235138 1.410550 1.268749 3.242167 1.458561 1.251777 3.235138 1.458561 1.268749 -3.180048 1.475532 1.251777 -3.180048 1.475532 0.664109 -3.187078 1.458561 0.664109 -3.180048 1.475532 1.251777 -3.163077 1.482562 1.251777 -3.163077 1.482562 0.664109 -3.180048 1.475532 0.664109 -3.163077 1.475532 1.268749 3.218166 1.475532 1.268749 3.218166 1.482562 1.251777 -3.163077 1.475532 1.268749 3.218166 1.475532 1.268749 3.235138 1.475532 1.251777 3.235138 1.475532 0.664109 3.218166 1.482562 0.664109 3.235138 1.475532 1.251777 3.242167 1.458561 0.664109 3.235138 1.475532 0.664109 -3.180048 1.458561 0.647137 -3.180048 1.410550 0.647137 -3.180048 1.458561 0.647137 -3.163077 1.458561 0.640108 -3.163077 1.410550 0.640108 -3.180048 1.410550 0.647137 -3.163077 1.475532 0.647137 3.218166 1.475532 0.647137 3.218166 1.458561 0.640108 -3.163077 1.475532 0.647137 3.218166 1.475532 0.647137 3.235138 1.458561 0.647137 
						3.235138 1.410550 0.647137 3.218166 1.410550 0.640108 3.235138 1.458561 0.647137 3.235138 1.410550 0.647137 -3.163077 1.393579 0.647137 3.218166 1.393579 0.647137 -3.163077 1.393579 0.647137 3.218166 1.393579 0.647137 -3.176929 1.396698 1.265629 -3.176929 1.396698 1.265629 -3.176929 1.396698 1.265629 3.232018 1.396698 1.265629 3.232018 1.396698 1.265629 3.232018 1.396698 1.265629 -3.176929 1.472413 1.265629 -3.176929 1.472413 1.265629 -3.176929 1.472413 1.265629 3.232018 1.472413 1.265629 3.232018 1.472413 1.265629 3.232018 1.472413 1.265629 -3.176929 1.472413 0.650257 -3.176929 1.472413 0.650257 -3.176929 1.472413 0.650257 3.232018 1.472413 0.650257 3.232018 1.472413 0.650257 3.232018 1.472413 0.650257 -3.176929 1.396698 0.650257 -3.176929 1.396698 0.650257 -3.176929 1.396698 0.650257 3.232018 1.396698 0.650257 3.232018 1.396698 0.650257 3.232018 1.396698 0.650257 -3.163077 1.386549 -0.033098 -3.180048 1.393579 -0.033098 -3.180048 1.393579 -0.620766 -3.163077 1.386549 -0.620766 -3.180048 1.393579 -0.033098 -3.187078 1.410550 -0.033098 -3.187078 1.410550 -0.620766 -3.180048 1.393579 -0.620766 -3.163077 1.410550 -0.009097 -3.163077 1.393579 -0.016126 3.218166 1.393579 -0.016126 3.218166 1.410550 -0.009097 -3.163077 1.393579 -0.016126 3.218166 1.386549 -0.033098 3.218166 1.393579 -0.016126 -3.180048 1.410550 -0.016126 -3.180048 1.458561 -0.016126 -3.187078 1.458561 -0.033098 -3.180048 1.410550 -0.016126 -3.163077 1.458561 -0.009097 -3.180048 1.458561 -0.016126 3.242167 1.410550 -0.033098 3.235138 1.393579 -0.033098 3.235138 1.393579 -0.620766 3.242167 1.410550 -0.620766 3.235138 1.393579 -0.033098 3.218166 1.386549 -0.620766 3.235138 1.393579 -0.620766 3.235138 1.410550 -0.016126 3.235138 1.458561 -0.016126 3.218166 1.458561 -0.009097 3.235138 1.410550 -0.016126 
						3.242167 1.458561 -0.033098 3.235138 1.458561 -0.016126 -3.180048 1.475532 -0.033098 -3.180048 1.475532 -0.620766 -3.187078 1.458561 -0.620766 -3.180048 1.475532 -0.033098 -3.163077 1.482562 -0.033098 -3.163077 1.482562 -0.620766 -3.180048 1.475532 -0.620766 -3.163077 1.475532 -0.016126 3.218166 1.475532 -0.016126 3.218166 1.482562 -0.033098 -3.163077 1.475532 -0.016126 3.218166 1.475532 -0.016126 3.235138 1.475532 -0.033098 3.235138 1.475532 -0.620766 3.218166 1.482562 -0.620766 3.235138 1.475532 -0.033098 3.242167 1.458561 -0.620766 3.235138 1.475532 -0.620766 -3.180048 1.458561 -0.637738 -3.180048 1.410550 -0.637738 -3.180048 1.458561 -0.637738 -3.163077 1.458561 -0.644767 -3.163077 1.410550 -0.644767 -3.180048 1.410550 -0.637738 -3.163077 1.475532 -0.637738 3.218166 1.475532 -0.637738 3.218166 1.458561 -0.644767 -3.163077 1.475532 -0.637738 3.218166 1.475532 -0.637738 3.235138 1.458561 -0.637738 3.235138 1.410550 -0.637738 3.218166 1.410550 -0.644767 3.235138 1.458561 -0.637738 3.235138 1.410550 -0.637738 -3.163077 1.393579 -0.637738 3.218166 1.393579 -0.637738 -3.163077 1.393579 -0.637738 3.218166 1.393579 -0.637738 -3.176929 1.396698 -0.019246 -3.176929 1.396698 -0.019246 -3.176929 1.396698 -0.019246 3.232018 1.396698 -0.019246 3.232018 1.396698 -0.019246 3.232018 1.396698 -0.019246 -3.176929 1.472413 -0.019246 -3.176929 1.472413 -0.019246 -3.176929 1.472413 -0.019246 3.232018 1.472413 -0.019246 3.232018 1.472413 -0.019246 3.232018 1.472413 -0.019246 -3.176929 1.472413 -0.634618 -3.176929 1.472413 -0.634618 -3.176929 1.472413 -0.634618 3.232018 1.472413 -0.634618 3.232018 1.472413 -0.634618 3.232018 1.472413 -0.634618 -3.176929 1.396698 -0.634618 -3.176929 1.396698 -0.634618 -3.176929 1.396698 -0.634618 3.232018 1.396698 -0.634618 3.232018 1.396698 -0.634618 3.232018 1.396698 -0.634618 
						-3.187078 0.815673 1.707842 -3.180048 0.798702 1.707842 -3.180048 0.798702 2.295511 -3.187078 0.815673 2.295511 -3.180048 0.798702 1.707842 -3.163077 0.791672 1.707842 -3.163077 0.791672 2.295511 -3.180048 0.798702 2.295511 -3.163077 0.815673 1.683841 -3.180048 0.815673 1.690871 -3.180048 0.863684 1.690871 -3.163077 0.863684 1.683841 -3.180048 0.815673 1.690871 -3.187078 0.863684 1.707842 -3.180048 0.863684 1.690871 -3.163077 0.798702 1.690871 3.218166 0.798702 1.690871 3.218166 0.791672 1.707842 -3.163077 0.798702 1.690871 3.218166 0.815673 1.683841 3.218166 0.798702 1.690871 3.235138 0.798702 1.707842 3.235138 0.798702 2.295511 3.218166 0.791672 2.295511 3.235138 0.798702 1.707842 3.242167 0.815673 1.707842 3.242167 0.815673 2.295511 3.235138 0.798702 2.295511 3.235138 0.815673 1.690871 3.235138 0.863684 1.690871 3.242167 0.863684 1.707842 3.235138 0.815673 1.690871 3.218166 0.863684 1.683841 3.235138 0.863684 1.690871 3.235138 0.880655 1.707842 3.235138 0.880655 2.295511 3.242167 0.863684 2.295511 3.235138 0.880655 1.707842 3.218166 0.887685 1.707842 3.218166 0.887685 2.295511 3.235138 0.880655 2.295511 3.218166 0.880655 1.690871 -3.163077 0.880655 1.690871 -3.163077 0.887685 1.707842 3.218166 0.880655 1.690871 -3.163077 0.880655 1.690871 -3.180048 0.880655 1.707842 -3.180048 0.880655 2.295511 -3.163077 0.887685 2.295511 -3.180048 0.880655 1.707842 -3.187078 0.863684 2.295511 -3.180048 0.880655 2.295511 3.235138 0.863684 2.312482 3.235138 0.815673 2.312482 3.235138 0.863684 2.312482 3.218166 0.863684 2.319511 3.218166 0.815673 2.319511 3.235138 0.815673 2.312482 3.218166 0.880655 2.312482 -3.163077 0.880655 2.312482 -3.163077 0.863684 2.319511 3.218166 0.880655 2.312482 -3.163077 0.880655 2.312482 -3.180048 0.863684 2.312482 
						-3.180048 0.815673 2.312482 -3.163077 0.815673 2.319511 -3.180048 0.863684 2.312482 -3.180048 0.815673 2.312482 3.218166 0.798702 2.312482 -3.163077 0.798702 2.312482 3.218166 0.798702 2.312482 -3.163077 0.798702 2.312482 -3.176929 0.801821 1.693990 -3.176929 0.801821 1.693990 -3.176929 0.801821 1.693990 3.232018 0.801821 1.693990 3.232018 0.801821 1.693990 3.232018 0.801821 1.693990 3.232018 0.877536 1.693990 3.232018 0.877536 1.693990 3.232018 0.877536 1.693990 -3.176929 0.877536 1.693990 -3.176929 0.877536 1.693990 -3.176929 0.877536 1.693990 3.232018 0.877536 2.309363 3.232018 0.877536 2.309363 3.232018 0.877536 2.309363 -3.176929 0.877536 2.309363 -3.176929 0.877536 2.309363 -3.176929 0.877536 2.309363 3.232018 0.801821 2.309363 3.232018 0.801821 2.309363 3.232018 0.801821 2.309363 -3.176929 0.801821 2.309363 -3.176929 0.801821 2.309363 -3.176929 0.801821 2.309363 
					</float_array>
					<technique_common>
						<accessor count="864" offset="0" source="#meshId0-positions-array" stride="3">
							<param name="X" type="float" />
							<param name="Y" type="float" />
							<param name="Z" type="float" />
						</accessor>
					</technique_common>
				</source>
				<source id="meshId0-normals" name="meshId0-normals">
					<float_array id="meshId0-normals-array" count="2592"> 
						-0.001088 -0.999932 0.011615 -0.381866 -0.924189 0.007231 -0.381866 -0.924189 -0.007231 -0.001088 -0.999932 -0.011615 -0.924190 -0.381864 0.007231 -0.994234 -0.106714 0.010536 -0.994234 -0.106714 -0.010536 -0.924190 -0.381864 -0.007231 -0.000994 -0.107472 0.994208 -0.000679 -0.382608 0.923910 0.000679 -0.382608 0.923910 0.000994 -0.107472 0.994208 -0.000679 -0.923911 0.382607 0.001088 -0.999932 0.011615 0.000679 -0.923911 0.382607 -0.924788 -0.071426 0.373719 -0.924788 0.071427 0.373719 -0.994234 0.106714 0.010536 -0.373725 -0.071420 0.924786 -0.000994 0.107472 0.994208 -0.373725 0.071421 0.924786 0.994234 -0.106714 0.010536 0.924190 -0.381864 0.007231 0.924190 -0.381864 -0.007231 0.994234 -0.106714 -0.010536 0.381866 -0.924189 0.007231 0.001088 -0.999932 -0.011615 0.381866 -0.924189 -0.007231 0.373725 -0.071421 0.924786 0.373725 0.071420 0.924786 0.000994 0.107472 0.994208 0.924788 -0.071427 0.373719 0.994234 0.106714 0.010536 0.924788 0.071426 0.373719 -0.924190 0.381864 0.007231 -0.924190 0.381864 -0.007231 -0.994234 0.106714 -0.010536 -0.381866 0.924189 0.007231 -0.001088 0.999932 0.011615 -0.001088 0.999932 -0.011615 -0.381866 0.924189 -0.007231 -0.000679 0.923911 0.382607 0.000679 0.923911 0.382607 0.001088 0.999932 0.011615 -0.000679 0.382608 0.923910 0.000679 0.382608 0.923910 0.381866 0.924189 0.007231 0.381866 0.924189 -0.007231 0.001088 0.999932 -0.011615 0.924190 0.381864 0.007231 0.994234 0.106714 -0.010536 0.924190 0.381864 -0.007231 -0.924789 0.071426 -0.373717 -0.924788 -0.071427 -0.373718 -0.373725 0.071420 -0.924786 -0.000994 0.107472 -0.994208 -0.000994 -0.107472 -0.994208 -0.373725 -0.071421 -0.924786 -0.000679 0.382608 -0.923910 0.000679 0.382608 -0.923910 0.000994 0.107472 -0.994208 -0.000679 0.923911 -0.382607 0.000679 0.923911 -0.382607 0.373725 0.071421 -0.924786 
						0.373725 -0.071420 -0.924786 0.000994 -0.107472 -0.994208 0.924788 0.071427 -0.373717 0.924788 -0.071426 -0.373718 -0.000679 -0.923911 -0.382607 0.000679 -0.923911 -0.382607 -0.000679 -0.382608 -0.923910 0.000679 -0.382608 -0.923910 -0.887912 -0.325288 0.325268 -0.325275 -0.887918 0.325266 -0.325268 -0.325268 0.887920 0.325275 -0.887918 0.325266 0.887910 -0.325294 0.325268 0.325269 -0.325269 0.887919 -0.325275 0.887918 0.325266 -0.887911 0.325294 0.325266 -0.325269 0.325269 0.887919 0.887913 0.325288 0.325267 0.325275 0.887918 0.325267 0.325268 0.325268 0.887920 -0.325268 0.325268 -0.887920 -0.887914 0.325287 -0.325266 -0.325273 0.887918 -0.325267 0.887911 0.325294 -0.325266 0.325269 0.325269 -0.887919 0.325273 0.887919 -0.325266 -0.325273 -0.887919 -0.325266 -0.887910 -0.325294 -0.325268 -0.325269 -0.325269 -0.887919 0.887913 -0.325287 -0.325267 0.325273 -0.887919 -0.325266 0.325268 -0.325268 -0.887920 -0.001088 -0.999932 0.011615 -0.381870 -0.924188 0.007231 -0.381869 -0.924188 -0.007231 -0.001088 -0.999932 -0.011615 -0.924190 -0.381864 0.007231 -0.994234 -0.106714 0.010536 -0.994234 -0.106714 -0.010536 -0.924190 -0.381864 -0.007231 -0.000994 -0.107472 0.994208 -0.000679 -0.382608 0.923910 0.000679 -0.382608 0.923910 0.000994 -0.107472 0.994208 -0.000679 -0.923911 0.382608 0.001088 -0.999932 0.011615 0.000679 -0.923911 0.382608 -0.924788 -0.071425 0.373719 -0.924788 0.071425 0.373719 -0.994234 0.106714 0.010536 -0.373722 -0.071421 0.924787 -0.000994 0.107472 0.994208 -0.373722 0.071421 0.924787 0.994234 -0.106714 0.010536 0.924190 -0.381864 0.007231 0.924190 -0.381864 -0.007231 0.994234 -0.106714 -0.010536 0.381870 -0.924188 0.007231 0.001088 -0.999932 -0.011615 0.381869 -0.924188 -0.007231 0.373722 -0.071421 0.924787 0.373722 0.071421 0.924787 0.000994 0.107472 0.994208 0.924788 -0.071424 0.373719 
						0.994234 0.106714 0.010536 0.924788 0.071425 0.373719 -0.924190 0.381864 0.007231 -0.924190 0.381864 -0.007231 -0.994234 0.106714 -0.010536 -0.381870 0.924188 0.007231 -0.001088 0.999932 0.011615 -0.001088 0.999932 -0.011615 -0.381869 0.924188 -0.007231 -0.000679 0.923911 0.382608 0.000679 0.923911 0.382608 0.001088 0.999932 0.011615 -0.000679 0.382608 0.923910 0.000679 0.382608 0.923910 0.381870 0.924188 0.007231 0.381869 0.924188 -0.007231 0.001088 0.999932 -0.011615 0.924190 0.381864 0.007231 0.994234 0.106714 -0.010536 0.924190 0.381864 -0.007231 -0.924788 0.071426 -0.373718 -0.924788 -0.071427 -0.373719 -0.373725 0.071420 -0.924786 -0.000994 0.107472 -0.994208 -0.000994 -0.107472 -0.994208 -0.373725 -0.071421 -0.924786 -0.000679 0.382608 -0.923910 0.000679 0.382608 -0.923910 0.000994 0.107472 -0.994208 -0.000679 0.923911 -0.382607 0.000679 0.923911 -0.382607 0.373725 0.071421 -0.924786 0.373725 -0.071420 -0.924786 0.000994 -0.107472 -0.994208 0.924788 0.071427 -0.373718 0.924788 -0.071426 -0.373719 -0.000679 -0.923911 -0.382607 0.000679 -0.923911 -0.382607 -0.000679 -0.382608 -0.923910 0.000679 -0.382608 -0.923910 -0.887914 -0.325284 0.325268 -0.325278 -0.887915 0.325270 -0.325268 -0.325268 0.887920 0.325277 -0.887916 0.325269 0.887915 -0.325281 0.325269 0.325269 -0.325269 0.887919 -0.325277 0.887916 0.325269 -0.887915 0.325281 0.325267 -0.325269 0.325269 0.887919 0.887914 0.325284 0.325267 0.325278 0.887915 0.325271 0.325268 0.325268 0.887920 -0.325270 0.325268 -0.887919 -0.887914 0.325287 -0.325266 -0.325275 0.887918 -0.325267 0.887912 0.325293 -0.325265 0.325272 0.325268 -0.887918 0.325275 0.887918 -0.325266 -0.325275 -0.887918 -0.325266 -0.887911 -0.325293 -0.325267 -0.325272 -0.325268 -0.887918 0.887913 -0.325287 -0.325267 0.325275 -0.887918 -0.325266 0.325270 -0.325268 -0.887919 
						-0.994234 -0.106714 -0.010536 -0.924190 -0.381864 -0.007231 -0.924190 -0.381864 0.007231 -0.994234 -0.106714 0.010536 -0.381866 -0.924189 -0.007231 -0.001088 -0.999932 -0.011615 -0.001088 -0.999932 0.011615 -0.381866 -0.924189 0.007231 -0.000994 -0.107471 -0.994208 -0.373719 -0.071420 -0.924788 -0.373718 0.071420 -0.924789 -0.000994 0.107471 -0.994208 -0.924788 -0.071424 -0.373720 -0.994234 0.106714 -0.010536 -0.924788 0.071424 -0.373720 -0.000679 -0.923911 -0.382607 0.000679 -0.923911 -0.382607 0.001088 -0.999932 -0.011615 -0.000679 -0.382601 -0.923913 0.000994 -0.107471 -0.994208 0.000679 -0.382601 -0.923913 0.381866 -0.924189 -0.007231 0.381866 -0.924189 0.007231 0.001088 -0.999932 0.011615 0.924190 -0.381864 -0.007231 0.994234 -0.106714 -0.010536 0.994234 -0.106714 0.010536 0.924190 -0.381864 0.007231 0.924788 -0.071424 -0.373720 0.924788 0.071424 -0.373719 0.994234 0.106714 -0.010536 0.373718 -0.071420 -0.924789 0.000994 0.107471 -0.994208 0.373719 0.071420 -0.924788 0.924190 0.381864 -0.007231 0.924190 0.381864 0.007231 0.994234 0.106714 0.010536 0.381866 0.924189 -0.007231 0.001088 0.999932 -0.011615 0.001088 0.999932 0.011615 0.381866 0.924189 0.007231 0.000679 0.923911 -0.382607 -0.000679 0.923911 -0.382607 -0.001088 0.999932 -0.011615 0.000679 0.382601 -0.923913 -0.000679 0.382601 -0.923913 -0.381866 0.924189 -0.007231 -0.381866 0.924189 0.007231 -0.001088 0.999932 0.011615 -0.924190 0.381864 -0.007231 -0.994234 0.106714 0.010536 -0.924190 0.381864 0.007231 0.924788 0.071424 0.373720 0.924788 -0.071424 0.373720 0.373717 0.071420 0.924789 0.000994 0.107471 0.994208 0.000994 -0.107471 0.994208 0.373716 -0.071420 0.924790 0.000679 0.382601 0.923913 -0.000679 0.382601 0.923913 -0.000994 0.107471 0.994208 0.000679 0.923911 0.382607 -0.000679 0.923911 0.382607 -0.373716 0.071420 0.924789 
						-0.373717 -0.071420 0.924789 -0.000994 -0.107471 0.994208 -0.924788 0.071424 0.373720 -0.924788 -0.071424 0.373720 0.000679 -0.923911 0.382607 -0.000679 -0.923911 0.382607 0.000679 -0.382601 0.923913 -0.000679 -0.382601 0.923913 -0.325279 -0.887918 -0.325261 -0.887916 -0.325280 -0.325266 -0.325268 -0.325264 -0.887921 0.887915 -0.325281 -0.325267 0.325279 -0.887918 -0.325263 0.325264 -0.325264 -0.887922 0.325279 0.887918 -0.325261 0.887916 0.325280 -0.325266 0.325270 0.325266 -0.887920 -0.887915 0.325281 -0.325267 -0.325279 0.887918 -0.325263 -0.325266 0.325266 -0.887921 0.325260 0.325267 0.887923 0.887915 0.325281 0.325267 0.325270 0.887921 0.325264 -0.887915 0.325281 0.325267 -0.325257 0.325268 0.887924 -0.325269 0.887922 0.325262 0.325269 -0.887922 0.325262 0.887915 -0.325281 0.325267 0.325255 -0.325266 0.887925 -0.887915 -0.325281 0.325267 -0.325270 -0.887921 0.325264 -0.325258 -0.325265 0.887925 -0.001088 -0.999932 0.011615 -0.381866 -0.924189 0.007231 -0.381866 -0.924189 -0.007231 -0.001088 -0.999932 -0.011615 -0.924190 -0.381864 0.007231 -0.994234 -0.106714 0.010536 -0.994234 -0.106714 -0.010536 -0.924190 -0.381864 -0.007231 -0.000994 -0.107472 0.994208 -0.000679 -0.382608 0.923910 0.000679 -0.382608 0.923910 0.000994 -0.107472 0.994208 -0.000679 -0.923911 0.382607 0.001088 -0.999932 0.011615 0.000679 -0.923911 0.382607 -0.924788 -0.071426 0.373719 -0.924788 0.071427 0.373719 -0.994234 0.106714 0.010536 -0.373725 -0.071420 0.924786 -0.000994 0.107472 0.994208 -0.373725 0.071421 0.924786 0.994234 -0.106714 0.010536 0.924190 -0.381864 0.007231 0.924190 -0.381864 -0.007231 0.994234 -0.106714 -0.010536 0.381866 -0.924189 0.007231 0.001088 -0.999932 -0.011615 0.381866 -0.924189 -0.007231 0.373725 -0.071421 0.924786 0.373725 0.071420 0.924786 0.000994 0.107472 0.994208 0.924788 -0.071427 0.373719 
						0.994234 0.106714 0.010536 0.924788 0.071426 0.373719 -0.924190 0.381864 0.007231 -0.924190 0.381864 -0.007231 -0.994234 0.106714 -0.010536 -0.381866 0.924189 0.007231 -0.001088 0.999932 0.011615 -0.001088 0.999932 -0.011615 -0.381866 0.924189 -0.007231 -0.000679 0.923911 0.382607 0.000679 0.923911 0.382607 0.001088 0.999932 0.011615 -0.000679 0.382608 0.923910 0.000679 0.382608 0.923910 0.381866 0.924189 0.007231 0.381866 0.924189 -0.007231 0.001088 0.999932 -0.011615 0.924190 0.381864 0.007231 0.994234 0.106714 -0.010536 0.924190 0.381864 -0.007231 -0.924788 0.071425 -0.373719 -0.924788 -0.071424 -0.373719 -0.373723 0.071421 -0.924787 -0.000994 0.107472 -0.994208 -0.000994 -0.107472 -0.994208 -0.373723 -0.071421 -0.924787 -0.000679 0.382608 -0.923910 0.000679 0.382608 -0.923910 0.000994 0.107472 -0.994208 -0.000679 0.923911 -0.382608 0.000679 0.923911 -0.382608 0.373723 0.071421 -0.924787 0.373723 -0.071421 -0.924787 0.000994 -0.107472 -0.994208 0.924788 0.071425 -0.373719 0.924788 -0.071425 -0.373719 -0.000679 -0.923911 -0.382608 0.000679 -0.923911 -0.382608 -0.000679 -0.382608 -0.923910 0.000679 -0.382608 -0.923910 -0.887912 -0.325288 0.325268 -0.325273 -0.887919 0.325266 -0.325268 -0.325268 0.887920 0.325273 -0.887919 0.325266 0.887910 -0.325294 0.325268 0.325269 -0.325269 0.887919 -0.325273 0.887919 0.325266 -0.887911 0.325294 0.325266 -0.325269 0.325269 0.887919 0.887913 0.325288 0.325267 0.325273 0.887918 0.325267 0.325268 0.325268 0.887920 -0.325268 0.325268 -0.887920 -0.887914 0.325284 -0.325267 -0.325278 0.887915 -0.325271 0.887915 0.325281 -0.325267 0.325269 0.325269 -0.887919 0.325277 0.887916 -0.325269 -0.325277 -0.887916 -0.325269 -0.887915 -0.325281 -0.325269 -0.325269 -0.325269 -0.887919 0.887914 -0.325284 -0.325268 0.325278 -0.887915 -0.325270 0.325268 -0.325268 -0.887920 
						-0.001088 -0.999932 0.011615 -0.381866 -0.924189 0.007231 -0.381866 -0.924189 -0.007231 -0.001088 -0.999932 -0.011615 -0.924190 -0.381864 0.007231 -0.994234 -0.106714 0.010536 -0.994234 -0.106714 -0.010536 -0.924190 -0.381864 -0.007231 -0.000994 -0.107471 0.994208 -0.000679 -0.382601 0.923913 0.000679 -0.382601 0.923913 0.000994 -0.107471 0.994208 -0.000679 -0.923911 0.382607 0.001088 -0.999932 0.011615 0.000679 -0.923911 0.382607 -0.924788 -0.071424 0.373720 -0.924788 0.071424 0.373720 -0.994234 0.106714 0.010536 -0.373720 -0.071420 0.924788 -0.000994 0.107471 0.994208 -0.373719 0.071420 0.924788 0.994234 -0.106714 0.010536 0.924190 -0.381864 0.007231 0.924190 -0.381864 -0.007231 0.994234 -0.106714 -0.010536 0.381865 -0.924190 0.007231 0.001088 -0.999932 -0.011615 0.381866 -0.924189 -0.007231 0.373719 -0.071420 0.924788 0.373720 0.071420 0.924788 0.000994 0.107471 0.994208 0.924788 -0.071424 0.373720 0.994234 0.106714 0.010536 0.924788 0.071424 0.373720 -0.924190 0.381864 0.007231 -0.924190 0.381864 -0.007231 -0.994234 0.106714 -0.010535 -0.381865 0.924190 0.007231 -0.001088 0.999932 0.011615 -0.001088 0.999932 -0.011615 -0.381866 0.924189 -0.007231 -0.000679 0.923911 0.382607 0.000679 0.923911 0.382607 0.001088 0.999932 0.011615 -0.000679 0.382601 0.923913 0.000679 0.382601 0.923913 0.381866 0.924189 0.007231 0.381866 0.924189 -0.007231 0.001088 0.999932 -0.011615 0.924190 0.381864 0.007231 0.994234 0.106714 -0.010536 0.924190 0.381864 -0.007231 -0.924788 0.071424 -0.373720 -0.924787 -0.071425 -0.373720 -0.373721 0.071420 -0.924787 -0.000994 0.107471 -0.994208 -0.000994 -0.107471 -0.994208 -0.373721 -0.071420 -0.924787 -0.000679 0.382601 -0.923913 0.000679 0.382601 -0.923913 0.000994 0.107471 -0.994208 -0.000679 0.923911 -0.382607 0.000679 0.923911 -0.382607 0.373722 0.071420 -0.924787 
						0.373720 -0.071420 -0.924788 0.000994 -0.107471 -0.994208 0.924787 0.071425 -0.373720 0.924788 -0.071424 -0.373720 -0.000679 -0.923911 -0.382607 0.000679 -0.923911 -0.382607 -0.000679 -0.382601 -0.923913 0.000679 -0.382601 -0.923913 -0.887915 -0.325281 0.325267 -0.325273 -0.887920 0.325263 -0.325274 -0.325263 0.887919 0.325272 -0.887921 0.325262 0.887915 -0.325281 0.325267 0.325268 -0.325264 0.887921 -0.325272 0.887921 0.325262 -0.887915 0.325281 0.325267 -0.325270 0.325266 0.887920 0.887915 0.325281 0.325267 0.325273 0.887920 0.325263 0.325276 0.325265 0.887918 -0.325279 0.325265 -0.887917 -0.887915 0.325281 -0.325267 -0.325276 0.887918 -0.325263 0.887914 0.325283 -0.325269 0.325282 0.325265 -0.887916 0.325275 0.887920 -0.325261 -0.325275 -0.887920 -0.325261 -0.887914 -0.325283 -0.325269 -0.325280 -0.325263 -0.887917 0.887915 -0.325281 -0.325267 0.325276 -0.887918 -0.325263 0.325277 -0.325263 -0.887918 -0.001088 -0.999932 0.011615 -0.381866 -0.924189 0.007231 -0.381866 -0.924189 -0.007231 -0.001088 -0.999932 -0.011615 -0.924190 -0.381864 0.007231 -0.994234 -0.106714 0.010536 -0.994234 -0.106714 -0.010536 -0.924190 -0.381864 -0.007231 -0.000994 -0.107471 0.994208 -0.000679 -0.382601 0.923913 0.000679 -0.382601 0.923913 0.000994 -0.107471 0.994208 -0.000679 -0.923911 0.382607 0.001088 -0.999932 0.011615 0.000679 -0.923911 0.382607 -0.924788 -0.071424 0.373718 -0.924789 0.071424 0.373717 -0.994234 0.106714 0.010536 -0.373716 -0.071420 0.924790 -0.000994 0.107471 0.994208 -0.373716 0.071420 0.924789 0.994234 -0.106714 0.010536 0.924190 -0.381864 0.007231 0.924190 -0.381864 -0.007231 0.994234 -0.106714 -0.010536 0.381866 -0.924189 0.007231 0.001088 -0.999932 -0.011615 0.381866 -0.924189 -0.007231 0.373716 -0.071420 0.924790 0.373716 0.071420 0.924789 0.000994 0.107471 0.994208 0.924789 -0.071424 0.373717 
						0.994234 0.106714 0.010536 0.924789 0.071424 0.373717 -0.924190 0.381864 0.007231 -0.924190 0.381864 -0.007231 -0.994234 0.106714 -0.010536 -0.381866 0.924189 0.007231 -0.001088 0.999932 0.011615 -0.001088 0.999932 -0.011615 -0.381866 0.924189 -0.007231 -0.000679 0.923911 0.382607 0.000679 0.923911 0.382607 0.001088 0.999932 0.011615 -0.000679 0.382601 0.923913 0.000679 0.382601 0.923913 0.381866 0.924189 0.007231 0.381866 0.924189 -0.007231 0.001088 0.999932 -0.011615 0.924190 0.381864 0.007231 0.994234 0.106714 -0.010536 0.924190 0.381864 -0.007231 -0.924789 0.071424 -0.373716 -0.924789 -0.071423 -0.373716 -0.373718 0.071420 -0.924789 -0.000994 0.107471 -0.994208 -0.000994 -0.107471 -0.994208 -0.373719 -0.071420 -0.924788 -0.000679 0.382601 -0.923913 0.000679 0.382601 -0.923913 0.000994 0.107471 -0.994208 -0.000679 0.923911 -0.382607 0.000679 0.923911 -0.382607 0.373719 0.071420 -0.924788 0.373718 -0.071420 -0.924789 0.000994 -0.107471 -0.994208 0.924789 0.071423 -0.373716 0.924789 -0.071424 -0.373716 -0.000679 -0.923911 -0.382607 0.000679 -0.923911 -0.382607 -0.000679 -0.382601 -0.923913 0.000679 -0.382601 -0.923913 -0.887915 -0.325281 0.325267 -0.325276 -0.887919 0.325263 -0.325255 -0.325265 0.887926 0.325275 -0.887920 0.325261 0.887915 -0.325281 0.325267 0.325255 -0.325266 0.887925 -0.325275 0.887920 0.325261 -0.887915 0.325281 0.325267 -0.325257 0.325268 0.887924 0.887915 0.325281 0.325267 0.325276 0.887919 0.325263 0.325257 0.325267 0.887924 -0.325266 0.325266 -0.887921 -0.887912 0.325285 -0.325271 -0.325279 0.887918 -0.325263 0.887913 0.325284 -0.325270 0.325270 0.325266 -0.887920 0.325279 0.887918 -0.325261 -0.325279 -0.887918 -0.325261 -0.887913 -0.325284 -0.325270 -0.325268 -0.325264 -0.887921 0.887912 -0.325285 -0.325271 0.325279 -0.887918 -0.325263 0.325264 -0.325264 -0.887922 
						-0.001088 -0.999932 0.011615 -0.381866 -0.924189 0.007231 -0.381866 -0.924189 -0.007231 -0.001088 -0.999932 -0.011615 -0.924190 -0.381864 0.007231 -0.994234 -0.106714 0.010536 -0.994234 -0.106714 -0.010536 -0.924190 -0.381864 -0.007231 -0.000994 -0.107472 0.994208 -0.000679 -0.382608 0.923910 0.000679 -0.382608 0.923910 0.000994 -0.107472 0.994208 -0.000679 -0.923911 0.382607 0.001088 -0.999932 0.011615 0.000679 -0.923911 0.382607 -0.924788 -0.071426 0.373718 -0.924788 0.071427 0.373717 -0.994234 0.106714 0.010536 -0.373720 -0.071421 0.924788 -0.000994 0.107472 0.994208 -0.373720 0.071421 0.924788 0.994234 -0.106714 0.010536 0.924190 -0.381864 0.007231 0.924190 -0.381864 -0.007231 0.994234 -0.106714 -0.010536 0.381866 -0.924189 0.007231 0.001088 -0.999932 -0.011615 0.381866 -0.924189 -0.007231 0.373720 -0.071421 0.924788 0.373720 0.071421 0.924788 0.000994 0.107472 0.994208 0.924788 -0.071427 0.373718 0.994234 0.106714 0.010536 0.924789 0.071426 0.373717 -0.924190 0.381864 0.007231 -0.924190 0.381864 -0.007231 -0.994234 0.106714 -0.010536 -0.381866 0.924189 0.007231 -0.001088 0.999932 0.011615 -0.001088 0.999932 -0.011615 -0.381866 0.924189 -0.007231 -0.000679 0.923911 0.382607 0.000679 0.923911 0.382607 0.001088 0.999932 0.011615 -0.000679 0.382608 0.923910 0.000679 0.382608 0.923910 0.381866 0.924189 0.007231 0.381866 0.924189 -0.007231 0.001088 0.999932 -0.011615 0.924190 0.381864 0.007231 0.994234 0.106714 -0.010536 0.924190 0.381864 -0.007231 -0.924788 0.071426 -0.373719 -0.924788 -0.071427 -0.373719 -0.373724 0.071420 -0.924786 -0.000994 0.107472 -0.994208 -0.000994 -0.107472 -0.994208 -0.373725 -0.071421 -0.924786 -0.000679 0.382608 -0.923910 0.000679 0.382608 -0.923910 0.000994 0.107472 -0.994208 -0.000679 0.923911 -0.382607 0.000679 0.923911 -0.382607 0.373725 0.071421 -0.924786 
						0.373724 -0.071420 -0.924786 0.000994 -0.107472 -0.994208 0.924788 0.071427 -0.373719 0.924788 -0.071426 -0.373719 -0.000679 -0.923911 -0.382607 0.000679 -0.923911 -0.382607 -0.000679 -0.382608 -0.923910 0.000679 -0.382608 -0.923910 -0.887913 -0.325287 0.325267 -0.325273 -0.887919 0.325266 -0.325273 -0.325267 0.887918 0.325273 -0.887919 0.325266 0.887911 -0.325294 0.325267 0.325275 -0.325268 0.887917 -0.325273 0.887919 0.325266 -0.887911 0.325294 0.325266 -0.325275 0.325268 0.887917 0.887914 0.325287 0.325266 0.325273 0.887918 0.325267 0.325273 0.325267 0.887918 -0.325267 0.325268 -0.887920 -0.887913 0.325288 -0.325267 -0.325273 0.887918 -0.325267 0.887911 0.325294 -0.325266 0.325269 0.325269 -0.887919 0.325273 0.887919 -0.325266 -0.325273 -0.887919 -0.325266 -0.887911 -0.325294 -0.325267 -0.325269 -0.325269 -0.887919 0.887912 -0.325288 -0.325268 0.325273 -0.887919 -0.325266 0.325267 -0.325268 -0.887920 -0.001088 -0.999932 0.011615 -0.381866 -0.924189 0.007231 -0.381866 -0.924189 -0.007231 -0.001088 -0.999932 -0.011615 -0.924190 -0.381864 0.007231 -0.994234 -0.106714 0.010536 -0.994234 -0.106714 -0.010536 -0.924190 -0.381864 -0.007231 -0.000994 -0.107472 0.994208 -0.000679 -0.382608 0.923910 0.000679 -0.382608 0.923910 0.000994 -0.107472 0.994208 -0.000679 -0.923911 0.382608 0.001088 -0.999932 0.011615 0.000679 -0.923911 0.382608 -0.924788 -0.071425 0.373719 -0.924788 0.071424 0.373718 -0.994234 0.106714 0.010536 -0.373722 -0.071421 0.924787 -0.000994 0.107472 0.994208 -0.373722 0.071421 0.924787 0.994234 -0.106714 0.010536 0.924190 -0.381864 0.007231 0.924190 -0.381864 -0.007231 0.994234 -0.106714 -0.010536 0.381866 -0.924189 0.007231 0.001088 -0.999932 -0.011615 0.381866 -0.924189 -0.007231 0.373722 -0.071421 0.924787 0.373722 0.071421 0.924787 0.000994 0.107472 0.994208 0.924788 -0.071424 0.373719 
						0.994234 0.106714 0.010536 0.924788 0.071425 0.373718 -0.924190 0.381864 0.007231 -0.924190 0.381864 -0.007231 -0.994234 0.106714 -0.010536 -0.381866 0.924189 0.007231 -0.001088 0.999932 0.011615 -0.001088 0.999932 -0.011615 -0.381866 0.924189 -0.007231 -0.000679 0.923911 0.382608 0.000679 0.923911 0.382608 0.001088 0.999932 0.011615 -0.000679 0.382608 0.923910 0.000679 0.382608 0.923910 0.381866 0.924189 0.007231 0.381866 0.924189 -0.007231 0.001088 0.999932 -0.011615 0.924190 0.381864 0.007231 0.994234 0.106714 -0.010536 0.924190 0.381864 -0.007231 -0.924788 0.071425 -0.373718 -0.924788 -0.071424 -0.373719 -0.373722 0.071421 -0.924787 -0.000994 0.107472 -0.994208 -0.000994 -0.107472 -0.994208 -0.373722 -0.071421 -0.924787 -0.000679 0.382608 -0.923910 0.000679 0.382608 -0.923910 0.000994 0.107472 -0.994208 -0.000679 0.923911 -0.382608 0.000679 0.923911 -0.382608 0.373722 0.071421 -0.924787 0.373722 -0.071421 -0.924787 0.000994 -0.107472 -0.994208 0.924788 0.071424 -0.373718 0.924788 -0.071425 -0.373719 -0.000679 -0.923911 -0.382608 0.000679 -0.923911 -0.382608 -0.000679 -0.382608 -0.923910 0.000679 -0.382608 -0.923910 -0.887914 -0.325284 0.325268 -0.325278 -0.887915 0.325270 -0.325266 -0.325268 0.887920 0.325277 -0.887916 0.325269 0.887915 -0.325281 0.325269 0.325267 -0.325269 0.887920 -0.325277 0.887916 0.325269 -0.887915 0.325281 0.325267 -0.325267 0.325269 0.887920 0.887914 0.325284 0.325267 0.325278 0.887915 0.325271 0.325266 0.325268 0.887920 -0.325266 0.325268 -0.887920 -0.887914 0.325284 -0.325267 -0.325278 0.887915 -0.325271 0.887915 0.325281 -0.325267 0.325267 0.325269 -0.887920 0.325277 0.887916 -0.325269 -0.325277 -0.887916 -0.325269 -0.887915 -0.325281 -0.325269 -0.325267 -0.325269 -0.887920 0.887914 -0.325284 -0.325268 0.325278 -0.887915 -0.325270 0.325266 -0.325268 -0.887920 
						-0.994234 -0.106714 -0.010536 -0.924190 -0.381864 -0.007231 -0.924190 -0.381864 0.007231 -0.994234 -0.106714 0.010536 -0.381866 -0.924189 -0.007231 -0.001088 -0.999932 -0.011615 -0.001088 -0.999932 0.011615 -0.381866 -0.924189 0.007231 -0.000994 -0.107471 -0.994208 -0.373720 -0.071420 -0.924788 -0.373720 0.071420 -0.924788 -0.000994 0.107471 -0.994208 -0.924787 -0.071424 -0.373721 -0.994234 0.106714 -0.010536 -0.924787 0.071424 -0.373721 -0.000679 -0.923911 -0.382607 0.000679 -0.923911 -0.382607 0.001088 -0.999932 -0.011615 -0.000679 -0.382601 -0.923913 0.000994 -0.107471 -0.994208 0.000679 -0.382601 -0.923913 0.381866 -0.924189 -0.007231 0.381866 -0.924189 0.007231 0.001088 -0.999932 0.011615 0.924190 -0.381864 -0.007231 0.994234 -0.106714 -0.010536 0.994234 -0.106714 0.010536 0.924190 -0.381864 0.007231 0.924787 -0.071424 -0.373721 0.924787 0.071424 -0.373721 0.994234 0.106714 -0.010536 0.373719 -0.071420 -0.924788 0.000994 0.107471 -0.994208 0.373720 0.071420 -0.924788 0.924190 0.381864 -0.007231 0.924190 0.381864 0.007231 0.994234 0.106714 0.010536 0.381866 0.924189 -0.007231 0.001088 0.999932 -0.011615 0.001088 0.999932 0.011615 0.381866 0.924189 0.007231 0.000679 0.923911 -0.382607 -0.000679 0.923911 -0.382607 -0.001088 0.999932 -0.011615 0.000679 0.382601 -0.923913 -0.000679 0.382601 -0.923913 -0.381866 0.924189 -0.007231 -0.381866 0.924189 0.007231 -0.001088 0.999932 0.011615 -0.924190 0.381864 -0.007231 -0.994234 0.106714 0.010536 -0.924190 0.381864 0.007231 0.924787 0.071424 0.373721 0.924787 -0.071424 0.373721 0.373720 0.071420 0.924788 0.000994 0.107471 0.994208 0.000994 -0.107471 0.994208 0.373721 -0.071420 0.924787 0.000679 0.382601 0.923913 -0.000679 0.382601 0.923913 -0.000994 0.107471 0.994208 0.000679 0.923911 0.382607 -0.000679 0.923911 0.382607 -0.373722 0.071420 0.924787 
						-0.373720 -0.071420 0.924788 -0.000994 -0.107471 0.994208 -0.924787 0.071424 0.373721 -0.924787 -0.071424 0.373721 0.000679 -0.923911 0.382607 -0.000679 -0.923911 0.382607 0.000679 -0.382601 0.923913 -0.000679 -0.382601 0.923913 -0.325271 -0.887921 -0.325262 -0.887913 -0.325284 -0.325271 -0.325274 -0.325264 -0.887919 0.887912 -0.325285 -0.325271 0.325272 -0.887920 -0.325264 0.325271 -0.325264 -0.887920 0.325271 0.887921 -0.325262 0.887913 0.325284 -0.325270 0.325276 0.325265 -0.887918 -0.887912 0.325285 -0.325271 -0.325272 0.887920 -0.325264 -0.325273 0.325266 -0.887919 0.325276 0.325265 0.887918 0.887912 0.325285 0.325271 0.325267 0.887922 0.325264 -0.887912 0.325285 0.325271 -0.325282 0.325265 0.887916 -0.325266 0.887923 0.325262 0.325266 -0.887923 0.325262 0.887912 -0.325285 0.325271 0.325281 -0.325263 0.887917 -0.887912 -0.325285 0.325271 -0.325267 -0.887922 0.325264 -0.325274 -0.325263 0.887919 
					</float_array>
					<technique_common>
						<accessor count="864" offset="0" source="#meshId0-normals-array" stride="3">
							<param name="X" type="float" />
							<param name="Y" type="float" />
							<param name="Z" type="float" />
						</accessor>
					</technique_common>
				</source>
				<source id="meshId0-tangents" name="meshId0-tangents">
					<float_array id="meshId0-tangents-array" count="2592"> 
						0.999540 -0.000735 0.030324 0.924186 -0.381775 0.011341 0.924177 -0.381764 -0.012332 0.999532 -0.000732 -0.030588 0.381770 -0.924184 -0.011645 0.106347 -0.993853 -0.030779 0.106345 -0.993848 0.030933 0.381766 -0.924181 0.012028 0.997118 -0.075529 -0.007168 0.998304 -0.054044 -0.021647 0.998310 0.053945 0.021606 0.992292 0.123309 0.012338 0.998310 0.021606 0.053945 0.999532 0.000732 -0.030588 0.998304 -0.021647 -0.054045 0.044210 -0.995741 -0.080907 -0.044310 -0.995756 0.080666 -0.102730 -0.976048 0.191771 0.905999 -0.241733 0.347464 0.992291 0.123315 -0.012338 0.912668 0.206137 0.352908 0.106345 0.993848 0.030933 0.381766 0.924181 0.012029 0.381770 0.924184 -0.011646 0.106347 0.993853 -0.030779 0.924177 0.381764 -0.012332 0.999540 0.000735 0.030323 0.924186 0.381775 0.011341 0.912671 0.206122 -0.352910 0.906020 -0.241633 -0.347480 0.997113 -0.075594 0.007175 0.044315 0.995757 0.080654 -0.102943 0.977354 -0.184883 -0.044215 0.995741 -0.080895 -0.345253 -0.843380 0.411717 -0.344911 -0.842589 -0.413619 -0.102943 -0.977354 -0.184883 0.842655 0.344942 0.413458 0.981508 -0.001156 0.191419 0.980110 -0.001239 -0.198451 0.843376 0.345253 -0.411724 0.998280 -0.021805 0.054426 0.998310 0.021606 -0.053945 0.980112 0.001239 -0.198443 0.998310 0.053945 -0.021606 0.998280 -0.054423 0.021804 0.843383 -0.345256 -0.411707 0.842600 -0.344918 0.413591 0.981520 0.001155 0.191354 -0.344910 0.842585 -0.413627 -0.102730 0.976048 0.191773 -0.345251 0.843375 0.411728 -0.044211 -0.995741 -0.080907 0.044310 -0.995756 0.080666 0.905999 0.241734 -0.347464 0.997118 0.075529 0.007168 0.992291 -0.123315 0.012338 0.912668 -0.206136 -0.352908 0.998304 0.054044 0.021647 0.998310 -0.053945 -0.021606 0.992292 -0.123309 -0.012338 0.998310 -0.021606 -0.053945 0.998304 0.021647 0.054045 0.912671 -0.206124 0.352910 
						0.906001 0.241721 0.347466 0.997118 0.075523 -0.007167 -0.044315 0.995757 0.080654 0.044215 0.995741 -0.080895 0.998304 0.021647 -0.054045 0.998310 -0.021606 0.053945 0.998310 -0.053945 0.021606 0.998304 0.054044 -0.021647 0.304597 -0.945612 -0.114186 0.945617 -0.304584 0.114182 0.938822 -0.223483 0.262047 0.945616 0.304494 -0.114428 0.304514 0.945609 0.114430 0.938867 0.223111 -0.262201 0.925027 0.227383 0.304339 -0.227493 -0.925067 0.304136 0.938867 0.223115 0.262199 -0.227483 0.925067 -0.304143 0.925073 -0.227476 -0.304128 0.938787 -0.223767 -0.261930 0.938822 0.223484 -0.262047 -0.227483 -0.925067 -0.304141 0.925073 0.227473 -0.304132 -0.227491 0.925066 0.304139 0.938867 -0.223112 0.262201 0.925074 -0.227476 0.304125 0.945617 -0.304492 -0.114429 0.304512 -0.945609 0.114435 0.938867 -0.223114 -0.262200 0.304597 0.945612 -0.114181 0.945617 0.304582 0.114181 0.938822 0.223479 0.262049 0.999528 -0.000731 0.030702 0.924177 -0.381770 0.012206 0.924182 -0.381776 -0.011600 0.999538 -0.000735 -0.030384 0.381761 -0.924177 -0.012509 0.106344 -0.993846 -0.030996 0.106347 -0.993853 0.030771 0.381774 -0.924187 0.011297 0.997135 -0.075310 -0.007144 0.998304 -0.054044 -0.021647 0.998310 0.053944 0.021605 0.992286 0.123355 0.012343 0.998310 0.021605 0.053944 0.999541 0.000736 -0.030290 0.998304 -0.021648 -0.054045 0.044259 -0.995748 -0.080786 -0.044259 -0.995748 0.080785 -0.102732 -0.976062 0.191700 0.906128 -0.241108 0.347561 0.992285 0.123362 -0.012343 0.912633 0.206353 0.352874 0.106347 0.993852 0.030793 0.381774 0.924186 0.011350 0.381761 0.924177 -0.012509 0.106344 0.993846 -0.030995 0.924181 0.381776 -0.011653 0.999528 0.000731 0.030702 0.924177 0.381769 0.012205 0.912635 0.206342 -0.352875 0.906129 -0.241102 -0.347562 0.997135 -0.075306 0.007144 0.044263 0.995749 0.080774 
						-0.102943 0.977352 -0.184894 -0.044264 0.995749 -0.080774 -0.345355 -0.843617 0.411145 -0.344839 -0.842421 -0.414021 -0.102943 -0.977352 -0.184896 0.842827 0.345020 0.413043 0.981536 -0.001154 0.191272 0.980077 -0.001241 -0.198614 0.843203 0.345182 -0.412140 0.998273 -0.021849 0.054532 0.998310 0.021606 -0.053945 0.980079 0.001241 -0.198605 0.998310 0.053944 -0.021605 0.998304 -0.054044 0.021647 0.843211 -0.345186 -0.412117 0.842840 -0.345025 0.413012 0.981563 0.001152 0.191137 -0.344839 0.842423 -0.414016 -0.102734 0.976075 0.191632 -0.345316 0.843526 0.411365 -0.044260 -0.995748 -0.080786 0.044261 -0.995748 0.080787 0.906126 0.241114 -0.347563 0.997134 0.075313 0.007144 0.992300 -0.123241 0.012330 0.912632 -0.206350 -0.352877 0.998304 0.054045 0.021647 0.998310 -0.053944 -0.021605 0.992233 -0.123772 -0.012388 0.998310 -0.021605 -0.053944 0.998304 0.021647 0.054045 0.912493 -0.207169 0.352758 0.906128 0.241101 0.347565 0.997139 0.075247 -0.007137 -0.044467 0.995780 0.080282 0.044265 0.995749 -0.080775 0.998274 0.021843 -0.054517 0.998310 -0.021606 0.053945 0.998340 -0.053473 0.021410 0.998304 0.054044 -0.021647 0.304479 -0.945613 -0.114495 0.945615 -0.304473 0.114494 0.938865 -0.223136 0.262190 0.945616 0.304585 -0.114186 0.304591 0.945615 0.114182 0.938849 0.223259 -0.262140 0.925045 0.227422 0.304253 -0.227639 -0.925148 0.303779 0.938849 0.223257 0.262141 -0.227385 0.925021 -0.304355 0.925022 -0.227376 -0.304358 0.938864 -0.223140 -0.262188 0.938863 0.223145 -0.262188 -0.227382 -0.925018 -0.304367 0.925021 0.227370 -0.304366 -0.227768 0.925202 0.303519 0.938803 -0.223630 0.261991 0.925154 -0.227641 0.303760 0.945615 -0.304413 -0.114648 0.304607 -0.945611 0.114172 0.938906 -0.222787 -0.262338 0.304483 0.945612 -0.114492 0.945616 0.304470 0.114493 0.938864 0.223140 0.262190 
						0.106344 -0.993847 0.030960 0.381774 -0.924187 0.011296 0.381761 -0.924177 -0.012508 0.106346 -0.993852 -0.030807 0.924184 -0.381773 -0.011601 0.999545 -0.000737 -0.030151 0.999528 -0.000731 0.030702 0.924178 -0.381766 0.012204 0.992262 -0.123546 0.012363 0.912648 -0.206270 -0.352883 0.905814 0.242644 -0.347311 0.997102 0.075734 0.007190 0.044193 -0.995738 0.080945 -0.102948 -0.977386 -0.184710 -0.044323 -0.995758 -0.080626 0.998310 0.021606 -0.053945 0.998304 -0.021647 0.054044 0.999525 0.000730 0.030818 0.998304 -0.054045 0.021647 0.997149 0.075128 -0.007124 0.998310 0.053945 -0.021605 0.924179 0.381766 0.012204 0.924184 0.381773 -0.011604 0.999549 0.000739 -0.030028 0.381771 0.924184 -0.011605 0.106349 0.993857 -0.030618 0.106342 0.993842 0.031150 0.381764 0.924179 0.012205 0.044278 0.995752 -0.080737 -0.044197 0.995739 0.080934 -0.102719 0.975979 0.192131 0.906131 0.241100 0.347558 0.992219 -0.123889 -0.012400 0.912495 -0.207166 0.352752 -0.345178 0.843207 0.412133 -0.345014 0.842826 -0.413048 -0.102954 0.977420 -0.184531 0.842750 -0.344983 0.413230 0.981598 0.001150 0.190954 0.980057 0.001242 -0.198714 0.843220 -0.345186 -0.412101 0.998342 0.021398 0.053444 0.998304 -0.021647 -0.054044 0.980131 -0.001237 -0.198345 0.998304 -0.054045 -0.021647 0.998310 0.053944 0.021605 0.843612 0.345355 -0.411154 0.842827 0.345016 0.413047 0.981582 -0.001151 0.191040 -0.344839 -0.842421 -0.414020 -0.102725 -0.976015 0.191942 -0.345355 -0.843617 0.411145 -0.044263 0.995749 -0.080774 0.044263 0.995749 0.080774 0.906129 -0.241110 -0.347556 0.997148 -0.075134 0.007125 0.992210 0.123961 0.012408 0.912525 0.207000 -0.352773 0.998310 -0.053945 0.021605 0.998304 0.054045 -0.021647 0.992310 0.123159 -0.012321 0.998304 0.021647 -0.054044 0.998310 -0.021606 0.053945 0.912793 0.205422 0.353004 
						0.905793 -0.242746 0.347294 0.997086 -0.075940 -0.007212 -0.044068 -0.995719 0.081250 0.044308 -0.995756 -0.080663 0.998342 -0.021399 -0.053444 0.998333 0.021452 0.053574 0.998272 0.054547 0.021855 0.998280 -0.054415 -0.021800 0.945615 -0.304594 -0.114168 0.304595 -0.945615 0.114167 0.938850 -0.223255 -0.262141 0.304597 0.945615 -0.114166 0.945614 0.304474 0.114493 0.938865 0.223137 0.262186 0.925208 -0.227760 0.303506 -0.227381 0.925022 0.304354 0.938803 -0.223628 0.261990 -0.227377 -0.925020 -0.304365 0.925148 0.227637 -0.303780 0.938777 0.223849 -0.261895 0.938866 -0.223145 -0.262178 -0.227638 0.925148 -0.303780 0.925028 -0.227377 -0.304341 -0.227434 -0.925048 0.304237 0.938909 0.222801 0.262316 0.925152 0.227629 0.303775 0.945620 0.304771 -0.113656 0.304478 0.945614 0.114488 0.938764 0.223982 -0.261828 0.304477 -0.945614 -0.114493 0.945619 -0.304642 0.114010 0.938717 -0.224354 0.261678 0.999533 -0.000733 0.030546 0.924179 -0.381767 0.012141 0.924176 -0.381763 -0.012484 0.999530 -0.000732 -0.030648 0.381761 -0.924177 -0.012455 0.106344 -0.993847 -0.030974 0.106345 -0.993848 0.030940 0.381764 -0.924179 0.012169 0.997114 -0.075583 -0.007174 0.998270 -0.054581 -0.021869 0.998310 0.053945 0.021606 0.992250 0.123641 0.012373 0.998344 0.021383 0.053408 0.999530 0.000732 -0.030642 0.998304 -0.021647 -0.054045 0.044260 -0.995748 -0.080786 -0.044261 -0.995748 0.080786 -0.102732 -0.976061 0.191704 0.906027 -0.241596 0.347486 0.992251 0.123635 -0.012373 0.912553 0.206814 0.352809 0.106342 0.993842 0.031128 0.381765 0.924180 0.012142 0.381761 0.924177 -0.012485 0.106344 0.993847 -0.030981 0.924176 0.381763 -0.012455 0.999546 0.000738 0.030135 0.924187 0.381777 0.011209 0.912552 0.206825 -0.352808 0.906029 -0.241586 -0.347488 0.997115 -0.075572 0.007172 0.044265 0.995749 0.080775 
						-0.102940 0.977333 -0.184995 -0.044048 0.995716 -0.081303 -0.345351 -0.843607 0.411168 -0.345011 -0.842821 -0.413062 -0.102948 -0.977382 -0.184733 0.842385 0.344825 0.414105 0.981481 -0.001157 0.191556 0.980171 -0.001235 -0.198149 0.843528 0.345319 -0.411359 0.998304 -0.021647 0.054044 0.998344 0.021383 -0.053408 0.980173 0.001235 -0.198140 0.998310 0.053945 -0.021606 0.998271 -0.054566 0.021863 0.843536 -0.345322 -0.411339 0.842405 -0.344834 0.414058 0.981485 0.001157 0.191536 -0.344866 0.842484 -0.413869 -0.102732 0.976061 0.191707 -0.345351 0.843606 0.411170 -0.044189 -0.995738 -0.080957 0.044325 -0.995759 0.080621 0.906035 0.241562 -0.347489 0.997115 0.075571 0.007172 0.992251 -0.123632 0.012372 0.912555 -0.206807 -0.352808 0.998270 0.054581 0.021869 0.998310 -0.053944 -0.021606 0.992250 -0.123639 -0.012373 0.998344 -0.021384 -0.053409 0.998304 0.021648 0.054045 0.912553 -0.206818 0.352807 0.906032 0.241577 0.347487 0.997115 0.075569 -0.007172 -0.044263 0.995749 0.080775 0.044263 0.995749 -0.080776 0.998304 0.021648 -0.054045 0.998343 -0.021390 0.053425 0.998310 -0.053944 0.021606 0.998271 0.054565 -0.021863 0.304490 -0.945611 -0.114478 0.945618 -0.304676 0.113926 0.938772 -0.223889 0.261880 0.945617 0.304475 -0.114473 0.304497 0.945609 0.114475 0.938823 0.223475 -0.262052 0.925010 0.227344 0.304421 -0.227641 -0.925139 0.303804 0.938823 0.223468 0.262054 -0.227234 0.924944 -0.304701 0.925214 -0.227761 -0.303487 0.938774 -0.223871 -0.261887 0.938775 0.223866 -0.261890 -0.227632 -0.925142 -0.303801 0.925211 0.227761 -0.303496 -0.227631 0.925145 0.303796 0.938824 -0.223466 0.262055 0.925012 -0.227355 0.304404 0.945615 -0.304475 -0.114486 0.304479 -0.945614 0.114487 0.938825 -0.223457 -0.262059 0.304483 0.945613 -0.114483 0.945617 0.304798 0.113608 0.938775 0.223860 0.261892 
						0.999540 -0.000735 0.030315 0.924186 -0.381776 0.011296 0.924176 -0.381762 -0.012509 0.999529 -0.000731 -0.030671 0.381771 -0.924184 -0.011601 0.106347 -0.993852 -0.030805 0.106344 -0.993847 0.030968 0.381764 -0.924179 0.012205 0.997110 -0.075626 -0.007178 0.998305 -0.054031 -0.021641 0.998311 0.053932 0.021600 0.992285 0.123360 0.012343 0.998308 0.021620 0.053979 0.999529 0.000731 -0.030674 0.998302 -0.021661 -0.054078 0.044182 -0.995737 -0.080971 -0.044309 -0.995756 0.080659 -0.102726 -0.976023 0.191904 0.905939 -0.242034 0.347411 0.992284 0.123366 -0.012344 0.912659 0.206204 0.352893 0.106348 0.993854 0.030720 0.381774 0.924187 0.011301 0.381761 0.924177 -0.012509 0.106344 0.993846 -0.031002 0.924176 0.381761 -0.012508 0.999544 0.000737 0.030195 0.924186 0.381776 0.011300 0.912662 0.206186 -0.352895 0.905942 -0.242018 -0.347414 0.997111 -0.075619 0.007177 0.044314 0.995757 0.080648 -0.102942 0.977349 -0.184908 -0.044234 0.995745 -0.080845 -0.345178 -0.843206 0.412137 -0.345015 -0.842828 -0.413044 -0.102948 -0.977384 -0.184723 0.842420 0.344839 0.414022 0.981485 -0.001157 0.191537 0.980153 -0.001236 -0.198240 0.843613 0.345356 -0.411153 0.998302 -0.021661 0.054078 0.998308 0.021619 -0.053978 0.980139 0.001237 -0.198308 0.998311 0.053932 -0.021600 0.998305 -0.054031 0.021641 0.843517 -0.345314 -0.411383 0.842428 -0.344843 0.414003 0.981487 0.001157 0.191525 -0.344837 0.842417 -0.414030 -0.102731 0.976057 0.191729 -0.345345 0.843592 0.411206 -0.044183 -0.995737 -0.080968 0.044315 -0.995757 0.080649 0.905940 0.242025 -0.347413 0.997111 0.075623 0.007178 0.992284 -0.123366 0.012344 0.912659 -0.206202 -0.352895 0.998304 0.054036 0.021643 0.998311 -0.053936 -0.021602 0.992285 -0.123360 -0.012343 0.998309 -0.021615 -0.053968 0.998302 0.021656 0.054067 0.912661 -0.206188 0.352898 
						0.905966 0.241901 0.347432 0.997104 0.075706 -0.007187 -0.044255 0.995748 0.080797 0.044253 0.995748 -0.080796 0.998302 0.021656 -0.054067 0.998338 -0.021420 0.053496 0.998311 -0.053936 0.021602 0.998275 0.054507 -0.021838 0.304581 -0.945614 -0.114208 0.945617 -0.304573 0.114207 0.938802 -0.223633 0.261993 0.945617 0.304453 -0.114532 0.304581 0.945614 0.114208 0.938865 0.223131 -0.262192 0.925015 0.227355 0.304395 -0.227363 -0.925013 0.304397 0.938863 0.223143 0.262190 -0.227362 0.925012 -0.304399 0.925092 -0.227513 -0.304045 0.938802 -0.223622 -0.261999 0.938801 0.223629 -0.261999 -0.227628 -0.925143 -0.303803 0.925144 0.227624 -0.303802 -0.227619 0.925137 0.303827 0.938859 -0.223145 0.262201 0.925018 -0.227365 0.304380 0.945616 -0.304460 -0.114521 0.304468 -0.945613 0.114523 0.938859 -0.223148 -0.262198 0.304468 0.945614 -0.114517 0.945617 0.304756 0.113717 0.938758 0.223982 0.261852 0.999540 -0.000735 0.030315 0.924186 -0.381776 0.011296 0.924176 -0.381762 -0.012509 0.999529 -0.000731 -0.030664 0.381771 -0.924184 -0.011601 0.106346 -0.993852 -0.030815 0.106344 -0.993847 0.030961 0.381764 -0.924179 0.012205 0.997111 -0.075623 -0.007178 0.998305 -0.054033 -0.021642 0.998311 0.053934 0.021601 0.992285 0.123360 0.012343 0.998308 0.021618 0.053973 0.999529 0.000731 -0.030674 0.998302 -0.021659 -0.054073 0.044182 -0.995737 -0.080971 -0.044308 -0.995756 0.080664 -0.102726 -0.976025 0.191891 0.905942 -0.242025 0.347408 0.992284 0.123366 -0.012344 0.912661 0.206202 0.352890 0.106348 0.993854 0.030719 0.381774 0.924187 0.011301 0.381761 0.924177 -0.012452 0.106343 0.993843 -0.031095 0.924176 0.381762 -0.012508 0.999540 0.000736 0.030305 0.924186 0.381776 0.011296 0.912663 0.206188 -0.352892 0.905945 -0.242013 -0.347411 0.997111 -0.075618 0.007177 0.044317 0.995757 0.080642 
						-0.102953 0.977417 -0.184542 -0.044236 0.995745 -0.080839 -0.345182 -0.843216 0.412112 -0.345015 -0.842830 -0.413039 -0.102948 -0.977385 -0.184715 0.842430 0.344844 0.413998 0.981487 -0.001157 0.191527 0.980155 -0.001236 -0.198231 0.843616 0.345357 -0.411147 0.998302 -0.021659 0.054073 0.998308 0.021617 -0.053972 0.980144 0.001237 -0.198282 0.998311 0.053934 -0.021601 0.998305 -0.054033 0.021642 0.843542 -0.345325 -0.411325 0.842430 -0.344844 0.413998 0.981489 0.001157 0.191515 -0.345014 0.842828 -0.413045 -0.102732 0.976062 0.191702 -0.345353 0.843611 0.411160 -0.044193 -0.995738 -0.080946 0.044322 -0.995759 0.080626 0.905943 0.242018 -0.347411 0.997111 0.075622 0.007178 0.992285 -0.123364 0.012343 0.912662 -0.206188 -0.352895 0.998304 0.054045 0.021647 0.998310 -0.053946 -0.021606 0.992285 -0.123358 -0.012343 0.998310 -0.021606 -0.053945 0.998304 0.021647 0.054044 0.912663 -0.206178 0.352896 0.905944 0.242011 0.347413 0.997111 0.075618 -0.007177 -0.044262 0.995749 0.080774 0.044061 0.995718 -0.081267 0.998304 0.021647 -0.054044 0.998310 -0.021606 0.053945 0.998310 -0.053946 0.021606 0.998304 0.054045 -0.021647 0.304585 -0.945615 -0.114197 0.945616 -0.304580 0.114196 0.938809 -0.223619 0.261978 0.945616 0.304460 -0.114521 0.304586 0.945615 0.114196 0.938869 0.223134 -0.262177 0.925020 0.227370 0.304370 -0.227375 -0.925019 0.304370 0.938868 0.223138 0.262177 -0.227629 0.925143 -0.303800 0.925099 -0.227531 -0.304010 0.938809 -0.223616 -0.261981 0.938805 0.223623 -0.261988 -0.227642 -0.925147 -0.303779 0.925148 0.227637 -0.303779 -0.227640 0.925147 0.303781 0.938864 -0.223139 0.262191 0.925022 -0.227380 0.304357 0.945615 -0.304474 -0.114493 0.304479 -0.945613 0.114494 0.938865 -0.223135 -0.262191 0.304303 0.945611 -0.114977 0.945615 0.304595 0.114166 0.938805 0.223626 0.261985 
						0.999529 -0.000731 0.030685 0.924179 -0.381767 0.012140 0.924176 -0.381763 -0.012455 0.999530 -0.000732 -0.030644 0.381761 -0.924177 -0.012455 0.106344 -0.993847 -0.030982 0.106348 -0.993856 0.030669 0.381775 -0.924187 0.011194 0.997117 -0.075535 -0.007168 0.998304 -0.054035 -0.021643 0.998311 0.053933 0.021601 0.992250 0.123640 0.012373 0.998309 0.021616 0.053969 0.999542 0.000736 -0.030242 0.998302 -0.021658 -0.054071 0.044250 -0.995747 -0.080812 -0.044251 -0.995747 0.080812 -0.102732 -0.976060 0.191711 0.906009 -0.241695 0.347465 0.992310 0.123164 -0.012322 0.912722 0.205830 0.352948 0.106347 0.993854 0.030740 0.381775 0.924187 0.011219 0.381772 0.924185 -0.011494 0.106347 0.993853 -0.030781 0.924184 0.381774 -0.011508 0.999542 0.000736 0.030265 0.924187 0.381777 0.011202 0.912553 0.206825 -0.352803 0.906006 -0.241709 -0.347463 0.997122 -0.075474 0.007162 0.044255 0.995747 0.080800 -0.102942 0.977346 -0.184925 -0.044255 0.995748 -0.080799 -0.345351 -0.843607 0.411169 -0.345012 -0.842822 -0.413059 -0.102953 -0.977417 -0.184547 0.842390 0.344827 0.414093 0.981481 -0.001157 0.191556 0.980069 -0.001241 -0.198652 0.843174 0.345166 -0.412211 0.998302 -0.021658 0.054070 0.998309 0.021617 -0.053971 0.980154 0.001236 -0.198233 0.998311 0.053934 -0.021601 0.998305 -0.054033 0.021642 0.843614 -0.345356 -0.411150 0.842829 -0.345017 0.413041 0.981559 0.001152 0.191158 -0.344827 0.842394 -0.414086 -0.102726 0.976022 0.191907 -0.345166 0.843178 0.412203 -0.044232 -0.995744 -0.080853 0.044318 -0.995757 0.080646 0.906004 0.241711 -0.347467 0.997117 0.075541 0.007169 0.992310 -0.123164 0.012322 0.912720 -0.205829 -0.352953 0.998305 0.054033 0.021642 0.998311 -0.053932 -0.021600 0.992251 -0.123634 -0.012373 0.998308 -0.021617 -0.053972 0.998302 0.021659 0.054074 0.912553 -0.206816 0.352809 
						0.906007 0.241697 0.347469 0.997122 0.075470 -0.007161 -0.044323 0.995758 0.080634 0.044184 0.995737 -0.080971 0.998302 0.021659 -0.054073 0.998308 -0.021618 0.053974 0.998311 -0.053933 0.021601 0.998305 0.054032 -0.021642 0.304477 -0.945612 -0.114508 0.945616 -0.304464 0.114505 0.938823 -0.223459 0.262063 0.945617 0.304589 -0.114164 0.304610 0.945610 0.114166 0.938822 0.223467 -0.262061 0.925006 0.227336 0.304439 -0.227630 -0.925134 0.303828 0.938885 0.222952 0.262273 -0.227351 0.925002 -0.304438 0.925143 -0.227615 -0.303813 0.938822 -0.223468 -0.262059 0.938824 0.223465 -0.262053 -0.227626 -0.925136 -0.303824 0.925005 0.227335 -0.304441 -0.227356 0.925000 0.304442 0.938824 -0.223461 0.262057 0.925142 -0.227614 0.303815 0.945617 -0.304463 -0.114507 0.304608 -0.945610 0.114173 0.938887 -0.222949 -0.262268 0.304606 0.945612 -0.114162 0.945617 0.304590 0.114162 0.938825 0.223459 0.262056 0.999541 -0.000736 0.030273 0.924186 -0.381777 0.011219 0.924184 -0.381774 -0.011509 0.999542 -0.000736 -0.030243 0.381772 -0.924185 -0.011509 0.106347 -0.993852 -0.030790 0.106347 -0.993854 0.030741 0.381775 -0.924187 0.011219 0.997122 -0.075479 -0.007162 0.998305 -0.054032 -0.021642 0.998311 0.053933 0.021601 0.992310 0.123159 0.012321 0.998308 0.021617 0.053973 0.999530 0.000732 -0.030643 0.998302 -0.021659 -0.054072 0.044178 -0.995736 -0.080983 -0.044315 -0.995757 0.080646 -0.102725 -0.976021 0.191915 0.906003 -0.241720 0.347463 0.992249 0.123646 -0.012374 0.912550 0.206841 0.352803 0.106348 0.993856 0.030677 0.381775 0.924187 0.011212 0.381761 0.924177 -0.012454 0.106344 0.993847 -0.030982 0.924176 0.381763 -0.012453 0.999529 0.000731 0.030687 0.924179 0.381766 0.012141 0.912724 0.205814 -0.352952 0.906005 -0.241710 -0.347465 0.997117 -0.075539 0.007169 0.044320 0.995758 0.080635 
						-0.102953 0.977416 -0.184549 -0.044237 0.995745 -0.080840 -0.345163 -0.843172 0.412217 -0.344829 -0.842398 -0.414075 -0.102942 -0.977346 -0.184924 0.842831 0.345018 0.413035 0.981559 -0.001152 0.191157 0.980152 -0.001236 -0.198244 0.843605 0.345352 -0.411171 0.998302 -0.021659 0.054073 0.998308 0.021617 -0.053971 0.980070 0.001241 -0.198646 0.998311 0.053932 -0.021600 0.998305 -0.054034 0.021643 0.843179 -0.345168 -0.412199 0.842405 -0.344834 0.414057 0.981484 0.001157 0.191541 -0.345010 0.842817 -0.413071 -0.102732 0.976062 0.191701 -0.345355 0.843617 0.411145 -0.044248 -0.995747 -0.080813 0.044247 -0.995747 0.080813 0.906002 0.241722 -0.347463 0.997122 0.075479 0.007162 0.992249 -0.123646 0.012374 0.912550 -0.206840 -0.352803 0.998305 0.054032 0.021642 0.998311 -0.053933 -0.021601 0.992311 -0.123158 -0.012321 0.998308 -0.021618 -0.053973 0.998302 0.021659 0.054072 0.912724 -0.205817 0.352952 0.906010 0.241684 0.347469 0.997118 0.075530 -0.007168 -0.044252 0.995748 0.080801 0.044252 0.995747 -0.080802 0.998302 0.021659 -0.054073 0.998308 -0.021617 0.053972 0.998311 -0.053932 0.021600 0.998305 0.054034 -0.021643 0.304599 -0.945614 -0.114170 0.945616 -0.304593 0.114169 0.938824 -0.223468 0.262051 0.945615 0.304467 -0.114507 0.304596 0.945615 0.114168 0.938889 0.222944 -0.262267 0.925143 0.227621 0.303807 -0.227341 -0.925002 0.304446 0.938824 0.223469 0.262052 -0.227620 0.925137 -0.303828 0.925004 -0.227339 -0.304440 0.938825 -0.223465 -0.262052 0.938824 0.223469 -0.262051 -0.227349 -0.925004 -0.304436 0.925139 0.227614 -0.303826 -0.227625 0.925142 0.303809 0.938888 -0.222946 0.262267 0.925007 -0.227344 0.304429 0.945616 -0.304591 -0.114169 0.304596 -0.945615 0.114169 0.938824 -0.223468 -0.262052 0.304475 0.945613 -0.114505 0.945615 0.304468 0.114508 0.938826 0.223453 0.262058 
						0.106344 -0.993847 0.030969 0.381774 -0.924186 0.011349 0.381761 -0.924177 -0.012509 0.106344 -0.993846 -0.030995 0.924183 -0.381772 -0.011653 0.999544 -0.000737 -0.030173 0.999529 -0.000731 0.030695 0.924179 -0.381766 0.012206 0.992314 -0.123133 0.012318 0.912801 -0.205366 -0.353016 0.905794 0.242738 -0.347298 0.997095 0.075823 0.007199 0.044193 -0.995738 0.080945 -0.102948 -0.977385 -0.184718 -0.044320 -0.995758 -0.080633 0.998310 0.021606 -0.053945 0.998304 -0.021647 0.054044 0.999525 0.000730 0.030819 0.998304 -0.054045 0.021647 0.997149 0.075127 -0.007124 0.998310 0.053945 -0.021605 0.924179 0.381766 0.012206 0.924183 0.381773 -0.011603 0.999549 0.000739 -0.030034 0.381771 0.924184 -0.011604 0.106351 0.993861 -0.030495 0.106342 0.993842 0.031151 0.381764 0.924179 0.012207 0.044464 0.995780 -0.080281 -0.044263 0.995749 0.080774 -0.102720 0.975990 0.192074 0.906132 0.241096 0.347560 0.992218 -0.123890 -0.012400 0.912496 -0.207162 0.352754 -0.345176 0.843202 0.412147 -0.345016 0.842831 -0.413039 -0.102954 0.977420 -0.184528 0.842755 -0.344985 0.413218 0.981574 0.001152 0.191078 0.980056 0.001242 -0.198719 0.843213 -0.345183 -0.412117 0.998310 0.021606 0.053945 0.998304 -0.021647 -0.054045 0.980131 -0.001238 -0.198346 0.998304 -0.054045 -0.021647 0.998310 0.053944 0.021605 0.843615 0.345356 -0.411149 0.842425 0.344842 0.414011 0.981509 -0.001155 0.191410 -0.344839 -0.842421 -0.414020 -0.102720 -0.975989 0.192081 -0.345178 -0.843206 0.412136 -0.044263 0.995749 -0.080774 0.044263 0.995749 0.080774 0.906130 -0.241104 -0.347560 0.997144 -0.075187 0.007131 0.992260 0.123564 0.012365 0.912654 0.206232 -0.352891 0.998310 -0.053945 0.021605 0.998304 0.054045 -0.021647 0.992314 0.123135 -0.012319 0.998304 0.021647 -0.054044 0.998310 -0.021606 0.053945 0.912798 0.205374 0.353016 
						0.905792 -0.242746 0.347297 0.997086 -0.075950 -0.007213 -0.044258 -0.995749 0.080786 0.044258 -0.995748 -0.080785 0.998340 -0.021411 -0.053474 0.998335 0.021440 0.053545 0.998274 0.054518 0.021843 0.998279 -0.054443 -0.021812 0.945618 -0.304579 -0.114184 0.304592 -0.945614 0.114187 0.938907 -0.222776 -0.262345 0.304788 0.945614 -0.113657 0.945617 0.304468 0.114491 0.938864 0.223133 0.262195 0.925107 -0.227541 0.303978 -0.227378 0.925018 0.304368 0.938802 -0.223623 0.261999 -0.227380 -0.925019 -0.304366 0.925150 0.227630 -0.303778 0.938771 0.223880 -0.261889 0.938861 -0.223143 -0.262196 -0.227646 0.925149 -0.303770 0.925026 -0.227368 -0.304355 -0.227380 -0.925019 0.304366 0.938903 0.222788 0.262348 0.925027 0.227370 0.304349 0.945621 0.304757 -0.113685 0.304482 0.945612 0.114490 0.938801 0.223623 -0.262004 0.304480 -0.945612 -0.114495 0.945620 -0.304650 0.113980 0.938708 -0.224389 0.261681 
					</float_array>
					<technique_common>
						<accessor count="864" offset="0" source="#meshId0-tangents-array" stride="3">
							<param name="X" type="float" />
							<param name="Y" type="float" />
							<param name="Z" type="float" />
						</accessor>
					</technique_common>
				</source>
				<source id="meshId0-bitangents" name="meshId0-bitangents">
					<float_array id="meshId0-bitangents-array" count="2592"> 
						-0.030313 0.011643 0.999473 -0.007721 0.011014 0.999910 0.008637 -0.011392 0.999898 0.030577 -0.011643 0.999465 0.011130 -0.008002 0.999906 0.013756 -0.029481 0.999471 -0.013772 0.029634 0.999466 -0.011276 0.008356 0.999901 0.075861 0.991335 0.107237 0.058214 0.922329 0.381996 -0.058106 0.922334 0.381998 -0.123921 0.986532 0.106766 -0.058107 0.381997 0.922335 0.030577 0.011643 0.999465 0.058215 0.381995 0.922329 0.377906 -0.058300 0.924007 0.377894 0.058039 0.924028 0.030748 0.189583 0.981383 0.198735 0.967711 0.155048 -0.123927 0.986531 -0.106766 -0.165428 0.975913 -0.142222 -0.013772 -0.029634 0.999466 -0.011276 -0.008356 0.999901 0.011130 0.008003 0.999906 0.013756 0.029481 0.999471 0.008636 0.011392 0.999898 -0.030313 -0.011643 0.999473 -0.007721 -0.011014 0.999910 -0.165414 0.975916 0.142217 0.198641 0.967736 -0.155012 0.075927 0.991330 -0.107237 -0.377894 -0.058027 0.924029 -0.030027 0.182733 0.982704 -0.377905 0.058286 0.924008 0.163319 0.378009 0.911283 -0.164039 -0.379769 0.910421 -0.030027 -0.182732 0.982704 0.379619 0.163979 -0.910495 0.191420 0.011608 -0.981440 -0.198452 -0.011600 -0.980042 -0.378014 -0.163322 -0.911280 0.058627 0.381986 -0.922307 -0.058107 0.381997 -0.922335 -0.198444 0.011600 -0.980044 -0.058106 0.922334 -0.381998 0.058624 0.922306 -0.381987 -0.377999 0.163315 -0.911288 0.379742 -0.164029 -0.910434 0.191355 -0.011609 -0.981452 -0.164042 0.379776 0.910418 0.030748 -0.189584 0.981383 0.163323 -0.378018 0.911278 -0.377904 -0.058299 0.924008 -0.377894 0.058040 0.924028 0.198736 -0.967711 -0.155048 0.075862 -0.991335 -0.107237 -0.123927 -0.986531 0.106766 -0.165427 -0.975913 0.142222 0.058214 -0.922329 -0.381996 -0.058106 -0.922334 -0.381998 -0.123921 -0.986532 -0.106766 -0.058107 -0.381997 -0.922335 0.058215 -0.381995 -0.922329 -0.165415 -0.975916 -0.142217 
						0.198724 -0.967714 0.155044 0.075856 -0.991335 0.107237 0.377892 -0.058027 0.924029 0.377905 0.058287 0.924008 0.058215 -0.381995 0.922329 -0.058107 -0.381997 0.922335 -0.058106 -0.922334 0.381998 0.058214 -0.922329 0.381996 0.344721 -0.002311 0.938702 -0.002314 0.344718 0.938704 0.113199 0.918834 0.378061 0.002561 0.344797 0.938674 -0.344800 -0.002555 0.938673 -0.112818 0.918924 0.377955 0.196268 0.399874 -0.895310 0.399826 0.196050 0.895379 -0.112823 0.918923 -0.377957 -0.399828 0.196060 0.895376 -0.196051 0.399821 -0.895381 0.113490 0.918765 -0.378142 0.113201 -0.918834 -0.378061 -0.399826 -0.196059 0.895377 -0.196055 -0.399822 -0.895380 0.399827 -0.196054 0.895378 -0.112819 -0.918924 -0.377956 0.196049 -0.399819 -0.895383 0.002563 -0.344797 0.938674 -0.344802 0.002560 0.938672 -0.112822 -0.918923 0.377957 0.344718 0.002308 0.938703 -0.002313 -0.344717 0.938704 0.113196 -0.918835 0.378060 -0.030691 0.011643 0.999461 -0.008520 0.011344 0.999899 0.007960 -0.011112 0.999907 0.030374 -0.011643 0.999471 0.011459 -0.008800 0.999896 0.013779 -0.029697 0.999464 -0.013755 0.029473 0.999471 -0.010997 0.007680 0.999910 0.075641 0.991352 0.107239 0.058214 0.922329 0.381996 -0.058105 0.922335 0.381998 -0.123967 0.986526 0.106766 -0.058105 0.381998 0.922335 0.030280 0.011643 0.999474 0.058216 0.381996 0.922329 0.377900 -0.058170 0.924017 0.377900 0.058169 0.924017 0.030741 0.189512 0.981397 0.198150 0.967867 0.154824 -0.123974 0.986525 -0.106765 -0.165630 0.975868 -0.142300 -0.013757 -0.029495 0.999470 -0.011017 -0.007729 0.999910 0.011460 0.008801 0.999896 0.013779 0.029696 0.999464 0.008009 0.011133 0.999906 -0.030691 -0.011643 0.999461 -0.008519 -0.011344 0.999899 -0.165620 0.975870 0.142296 0.198145 0.967868 -0.154822 0.075638 0.991352 -0.107239 -0.377900 -0.058157 0.924018 
						-0.030028 0.182743 0.982702 -0.377900 0.058156 0.924018 0.163102 0.377479 0.911541 -0.164191 -0.380140 0.910239 -0.030028 -0.182745 0.982702 0.379234 0.163823 -0.910683 0.191273 0.011609 -0.981468 -0.198615 -0.011600 -0.980009 -0.378399 -0.163481 -0.911092 0.058742 0.381984 -0.922300 -0.058107 0.381998 -0.922335 -0.198606 0.011600 -0.980011 -0.058105 0.922335 -0.381998 0.058214 0.922329 -0.381996 -0.378378 0.163473 -0.911102 0.379206 -0.163811 -0.910697 0.191137 -0.011609 -0.981495 -0.164190 0.380136 0.910241 0.030734 -0.189444 0.981410 0.163185 -0.377683 0.911442 -0.377899 -0.058169 0.924018 -0.377900 0.058170 0.924017 0.198156 -0.967865 -0.154826 0.075645 -0.991351 -0.107239 -0.123853 -0.986540 0.106767 -0.165626 -0.975868 0.142299 0.058216 -0.922329 -0.381996 -0.058105 -0.922335 -0.381998 -0.124387 -0.986474 -0.106760 -0.058106 -0.381997 -0.922335 0.058216 -0.381995 -0.922329 -0.166392 -0.975695 -0.142595 0.198144 -0.967869 0.154821 0.075578 -0.991356 0.107239 0.377875 -0.057625 0.924061 0.377900 0.058157 0.924018 0.058726 -0.381984 0.922301 -0.058107 -0.381997 0.922335 -0.057596 -0.922362 0.382009 0.058214 -0.922329 0.381996 0.344821 -0.002625 0.938665 -0.002625 0.344823 0.938664 0.112845 0.918918 0.377961 0.002315 0.344722 0.938702 -0.344720 -0.002310 0.938703 -0.112970 0.918888 0.377998 0.196178 0.399855 -0.895338 0.399734 0.195687 0.895500 -0.112968 0.918889 -0.377997 -0.399881 0.196280 0.895304 -0.196286 0.399884 -0.895301 0.112849 0.918917 -0.377963 0.112853 -0.918916 -0.377964 -0.399883 -0.196292 0.895300 -0.196295 -0.399881 -0.895301 0.399668 -0.195413 0.895589 -0.113348 -0.918798 -0.378103 0.195671 -0.399727 -0.895506 0.002783 -0.344869 0.938647 -0.344715 0.002296 0.938704 -0.112486 -0.919003 0.377862 0.344819 0.002621 0.938666 -0.002626 -0.344818 0.938666 0.112848 -0.918917 0.377963 
						0.013775 -0.029661 -0.999465 0.010997 -0.007679 -0.999910 -0.011459 0.008800 -0.999896 -0.013759 0.029509 -0.999470 -0.007961 0.011113 -0.999907 -0.030141 0.011643 -0.999478 0.030691 -0.011643 -0.999461 0.008519 -0.011343 -0.999899 0.124159 0.986502 -0.106762 0.165553 0.975885 -0.142268 -0.199589 0.967483 0.155374 -0.076068 0.991319 0.107235 0.377909 -0.058341 -0.924003 0.030009 0.182561 -0.982737 0.377893 0.057997 -0.924031 -0.058107 0.381997 -0.922335 0.058214 0.381995 -0.922329 0.030807 0.011643 -0.999458 0.058215 0.922332 -0.381989 -0.075458 0.991366 -0.107239 -0.058107 0.922337 -0.381991 0.008518 0.011343 -0.999899 -0.007964 -0.011114 -0.999907 -0.030017 -0.011642 -0.999482 -0.011114 -0.007965 -0.999906 -0.013739 -0.029321 -0.999476 0.013795 0.029850 -0.999459 0.011343 0.008519 -0.999899 -0.377899 -0.058117 -0.924021 -0.377907 0.058329 -0.924004 -0.030786 0.189941 -0.981313 -0.198144 0.967869 -0.154819 0.124505 0.986459 0.106758 0.166392 0.975695 0.142593 -0.163476 0.378393 -0.911095 0.163823 -0.379241 -0.910680 0.029990 -0.182382 -0.982770 -0.379409 0.163892 0.910598 -0.190955 0.011609 0.981530 0.198715 -0.011600 0.979989 0.378364 -0.163465 0.911109 -0.057565 0.382009 0.922364 0.058214 0.381995 0.922329 0.198346 0.011600 0.980063 0.058215 0.922332 0.381989 -0.058105 0.922337 0.381991 0.377487 0.163106 0.911537 -0.379239 -0.163823 0.910681 -0.191040 -0.011609 0.981514 0.164191 0.380140 -0.910239 -0.030766 -0.189753 -0.981350 -0.163102 -0.377479 -0.911541 0.377900 -0.058157 -0.924018 0.377900 0.058157 -0.924018 -0.198154 -0.967866 0.154823 -0.075465 -0.991365 0.107239 0.124576 -0.986450 -0.106757 0.166236 -0.975731 -0.142532 -0.058107 -0.922337 0.381991 0.058215 -0.922332 0.381989 0.123770 -0.986550 0.106767 0.058214 -0.381995 0.922329 -0.058107 -0.381997 0.922335 0.164761 -0.976064 0.141961 
						-0.199685 -0.967457 -0.155410 -0.076275 -0.991304 -0.107233 -0.377923 -0.058670 -0.923976 -0.377895 0.058038 -0.924028 -0.057565 -0.382009 -0.922364 0.057706 -0.382006 -0.922357 0.058758 -0.922302 -0.381977 -0.058615 -0.922310 -0.381980 -0.002299 0.344708 -0.938707 0.344713 -0.002296 -0.938705 0.112968 0.918891 -0.377992 -0.344714 -0.002295 -0.938705 0.002626 0.344815 -0.938667 -0.112849 0.918919 -0.377958 -0.195408 0.399658 0.895594 -0.399879 0.196282 -0.895305 0.113347 0.918800 0.378100 0.399882 0.196292 -0.895301 0.195690 0.399730 0.895501 -0.113575 0.918746 0.378163 -0.112858 -0.918917 0.377962 0.399734 -0.195688 -0.895499 0.196273 -0.399871 0.895310 -0.399850 -0.196160 -0.895344 0.112507 -0.919000 0.377864 -0.195690 -0.399725 0.895503 -0.001787 -0.344543 -0.938769 0.344818 0.002619 -0.938666 0.113716 -0.918713 -0.378200 -0.344819 0.002623 -0.938665 0.002142 -0.344660 -0.938725 -0.114095 -0.918623 -0.378304 -0.030535 0.011643 0.999466 -0.008460 0.011319 0.999900 0.008777 -0.011450 0.999896 0.030638 -0.011643 0.999463 0.011439 -0.008751 0.999896 0.013777 -0.029675 0.999465 -0.013773 0.029641 0.999466 -0.011330 0.008486 0.999900 0.075916 0.991331 0.107237 0.058796 0.922297 0.381983 -0.058107 0.922334 0.381998 -0.124255 0.986490 0.106762 -0.057526 0.382010 0.922366 0.030632 0.011643 0.999463 0.058216 0.381995 0.922329 0.377900 -0.058170 0.924017 0.377900 0.058169 0.924017 0.030741 0.189516 0.981396 0.198607 0.967745 0.154999 -0.124248 0.986491 -0.106762 -0.166061 0.975770 -0.142467 -0.013793 -0.029828 0.999460 -0.011319 -0.008461 0.999900 0.011450 0.008778 0.999896 0.013777 0.029682 0.999464 0.008750 0.011439 0.999896 -0.030125 -0.011643 0.999478 -0.007599 -0.010963 0.999911 -0.166071 0.975768 0.142471 0.198597 0.967748 -0.154995 0.075905 0.991332 -0.107237 -0.377900 -0.058157 0.924018 
						-0.030039 0.182843 0.982683 -0.377925 0.058726 0.923972 0.163110 0.377500 0.911531 -0.163828 -0.379253 0.910674 -0.030011 -0.182583 0.982732 0.380218 0.164224 -0.910200 0.191557 0.011608 -0.981413 -0.198150 -0.011600 -0.980103 -0.377676 -0.163183 -0.911445 0.058214 0.381995 -0.922329 -0.057525 0.382010 -0.922366 -0.198140 0.011600 -0.980105 -0.058107 0.922334 -0.381998 0.058779 0.922298 -0.381984 -0.377658 0.163176 -0.911454 0.380174 -0.164206 -0.910222 0.191537 -0.011608 -0.981417 -0.164134 0.380000 0.910308 0.030742 -0.189519 0.981396 0.163111 -0.377502 0.911530 -0.377908 -0.058354 0.924002 -0.377892 0.057992 0.924032 0.198575 -0.967753 -0.154987 0.075904 -0.991332 -0.107237 -0.124246 -0.986491 0.106762 -0.166054 -0.975771 0.142464 0.058795 -0.922297 -0.381983 -0.058106 -0.922334 -0.381998 -0.124253 -0.986490 -0.106762 -0.057527 -0.382010 -0.922366 0.058216 -0.381996 -0.922329 -0.166064 -0.975769 -0.142468 0.198589 -0.967750 0.154992 0.075902 -0.991332 0.107237 0.377900 -0.058158 0.924018 0.377900 0.058158 0.924018 0.058216 -0.381996 0.922329 -0.057544 -0.382010 0.922365 -0.058106 -0.922334 0.381998 0.058778 -0.922298 0.381984 0.344816 -0.002606 0.938667 -0.002056 0.344634 0.938735 0.113615 0.918735 0.378176 0.002607 0.344812 0.938668 -0.344815 -0.002601 0.938667 -0.113190 0.918836 0.378059 0.196354 0.399894 -0.895282 0.399742 0.195707 0.895492 -0.113183 0.918837 -0.378057 -0.399969 0.196636 0.895186 -0.195389 0.399658 -0.895599 0.113596 0.918740 -0.378171 0.113590 -0.918741 -0.378170 -0.399740 -0.195708 0.895492 -0.195394 -0.399665 -0.895594 0.399738 -0.195704 0.895494 -0.113182 -0.918838 -0.378057 0.196333 -0.399893 -0.895287 0.002618 -0.344819 0.938666 -0.344819 0.002617 0.938665 -0.113172 -0.918840 0.378054 0.344817 0.002613 0.938666 -0.001732 -0.344535 0.938772 0.113585 -0.918742 0.378168 
						-0.030305 0.011643 0.999473 -0.007679 0.010997 0.999910 0.008800 -0.011459 0.999896 0.030660 -0.011643 0.999462 0.011113 -0.007961 0.999906 0.013759 -0.029507 0.999470 -0.013776 0.029669 0.999465 -0.011343 0.008519 0.999899 0.075959 0.991328 0.107236 0.058200 0.922332 0.381989 -0.058092 0.922338 0.381992 -0.123972 0.986525 0.106764 -0.058144 0.381996 0.922333 0.030664 0.011643 0.999462 0.058251 0.381994 0.922327 0.377910 -0.058370 0.924001 0.377895 0.058034 0.924028 0.030762 0.189715 0.981357 0.199018 0.967636 0.155155 -0.123978 0.986525 -0.106764 -0.165492 0.975899 -0.142245 -0.013749 -0.029422 0.999472 -0.010998 -0.007683 0.999910 0.011460 0.008800 0.999896 0.013780 0.029703 0.999464 0.008800 0.011459 0.999896 -0.030185 -0.011643 0.999477 -0.007682 -0.010998 0.999910 -0.165474 0.975903 0.142238 0.199003 0.967640 -0.155149 0.075952 0.991328 -0.107236 -0.377894 -0.058021 0.924029 -0.030030 0.182758 0.982699 -0.377904 0.058233 0.924012 0.163477 0.378397 0.911093 -0.163821 -0.379236 0.910682 -0.030009 -0.182574 0.982734 0.380141 0.164192 -0.910238 0.191537 0.011608 -0.981417 -0.198241 -0.011600 -0.980085 -0.377486 -0.163105 -0.911538 0.058251 0.381994 -0.922327 -0.058143 0.381996 -0.922333 -0.198308 0.011600 -0.980071 -0.058092 0.922338 -0.381992 0.058200 0.922332 -0.381989 -0.377699 0.163193 -0.911434 0.380124 -0.164185 -0.910247 0.191525 -0.011608 -0.981419 -0.164195 0.380149 0.910234 0.030744 -0.189541 0.981391 0.163125 -0.377535 0.911514 -0.377910 -0.058366 0.924001 -0.377895 0.058021 0.924029 0.199009 -0.967638 -0.155152 0.075957 -0.991328 -0.107236 -0.123978 -0.986525 0.106764 -0.165490 -0.975899 0.142244 0.058205 -0.922332 -0.381989 -0.058097 -0.922338 -0.381991 -0.123972 -0.986525 -0.106764 -0.058131 -0.381997 -0.922334 0.058239 -0.381994 -0.922328 -0.165476 -0.975902 -0.142239 
						0.198894 -0.967669 0.155107 0.076040 -0.991322 0.107235 0.377902 -0.058181 0.924016 0.377901 0.058181 0.924016 0.058239 -0.381994 0.922328 -0.057621 -0.382008 0.922361 -0.058097 -0.922338 0.381991 0.058715 -0.922304 0.381978 0.344727 -0.002337 0.938700 -0.002340 0.344723 0.938702 0.113351 0.918799 0.378099 0.002668 0.344827 0.938663 -0.344727 -0.002336 0.938700 -0.112841 0.918921 0.377957 0.196329 0.399883 -0.895292 0.399890 0.196325 0.895290 -0.112851 0.918918 -0.377962 -0.399891 0.196328 0.895289 -0.195966 0.399796 -0.895411 0.113339 0.918801 -0.378098 0.113345 -0.918800 -0.378101 -0.399739 -0.195711 0.895492 -0.195714 -0.399735 -0.895493 0.399748 -0.195735 0.895483 -0.112849 -0.918917 -0.377963 0.196312 -0.399879 -0.895298 0.002657 -0.344823 0.938664 -0.344831 0.002652 0.938661 -0.112854 -0.918917 0.377962 0.344827 0.002648 0.938662 -0.001846 -0.344564 0.938761 0.113707 -0.918714 0.378199 -0.030304 0.011643 0.999473 -0.007679 0.010996 0.999910 0.008800 -0.011459 0.999896 0.030654 -0.011643 0.999462 0.011113 -0.007961 0.999906 0.013760 -0.029517 0.999470 -0.013775 0.029662 0.999465 -0.011343 0.008519 0.999899 0.075957 0.991328 0.107236 0.058202 0.922332 0.381989 -0.058095 0.922338 0.381991 -0.123972 0.986525 0.106764 -0.058138 0.381996 0.922333 0.030663 0.011643 0.999462 0.058245 0.381994 0.922328 0.377908 -0.058370 0.924002 0.377892 0.058038 0.924029 0.030761 0.189703 0.981360 0.199010 0.967638 0.155151 -0.123978 0.986525 -0.106764 -0.165490 0.975900 -0.142243 -0.013749 -0.029422 0.999472 -0.010998 -0.007684 0.999910 0.011438 0.008747 0.999896 0.013789 0.029796 0.999461 0.008799 0.011459 0.999896 -0.030294 -0.011643 0.999473 -0.007679 -0.010996 0.999910 -0.165477 0.975902 0.142238 0.198999 0.967641 -0.155147 0.075951 0.991328 -0.107236 -0.377891 -0.058015 0.924031 
						-0.029991 0.182393 0.982768 -0.377901 0.058228 0.924013 0.163468 0.378374 0.911105 -0.163819 -0.379232 0.910685 -0.030009 -0.182565 0.982736 0.380119 0.164183 -0.910249 0.191527 0.011608 -0.981419 -0.198232 -0.011600 -0.980086 -0.377480 -0.163103 -0.911540 0.058245 0.381994 -0.922328 -0.058136 0.381996 -0.922333 -0.198283 0.011600 -0.980076 -0.058095 0.922338 -0.381991 0.058202 0.922332 -0.381989 -0.377645 0.163171 -0.911460 0.380119 -0.164183 -0.910249 0.191516 -0.011608 -0.981421 -0.163822 0.379237 0.910682 0.030741 -0.189514 0.981397 0.163107 -0.377493 0.911534 -0.377905 -0.058342 0.924004 -0.377890 0.057998 0.924032 0.199003 -0.967640 -0.155149 0.075956 -0.991328 -0.107236 -0.123976 -0.986525 0.106764 -0.165476 -0.975902 0.142239 0.058215 -0.922332 -0.381989 -0.058108 -0.922337 -0.381991 -0.123970 -0.986526 -0.106765 -0.058107 -0.381997 -0.922335 0.058214 -0.381995 -0.922329 -0.165468 -0.975905 -0.142235 0.198997 -0.967641 0.155146 0.075952 -0.991328 0.107236 0.377897 -0.058157 0.924019 0.377920 0.058688 0.923976 0.058214 -0.381995 0.922329 -0.058107 -0.381997 0.922335 -0.058108 -0.922337 0.381991 0.058215 -0.922332 0.381989 0.344723 -0.002326 0.938701 -0.002328 0.344719 0.938703 0.113345 0.918802 0.378095 0.002657 0.344823 0.938664 -0.344723 -0.002325 0.938702 -0.112849 0.918920 0.377958 0.196301 0.399877 -0.895301 0.399884 0.196297 0.895299 -0.112852 0.918918 -0.377961 -0.399739 0.195709 0.895493 -0.195929 0.399787 -0.895423 0.113340 0.918802 -0.378096 0.113344 -0.918801 -0.378098 -0.399738 -0.195684 0.895498 -0.195688 -0.399729 -0.895501 0.399738 -0.195687 0.895498 -0.112848 -0.918918 -0.377961 0.196287 -0.399874 -0.895306 0.002627 -0.344813 0.938667 -0.344823 0.002623 0.938664 -0.112845 -0.918920 0.377958 0.344980 0.003108 0.938605 -0.002296 -0.344709 0.938707 0.113348 -0.918801 0.378097 
						-0.030675 0.011643 0.999462 -0.008459 0.011318 0.999900 0.008751 -0.011439 0.999896 0.030633 -0.011643 0.999463 0.011439 -0.008751 0.999896 0.013777 -0.029683 0.999464 -0.013744 0.029372 0.999474 -0.010957 0.007585 0.999911 0.075868 0.991335 0.107237 0.058204 0.922329 0.381996 -0.058094 0.922335 0.381999 -0.124253 0.986490 0.106762 -0.058133 0.381997 0.922334 0.030231 0.011643 0.999475 0.058243 0.381994 0.922328 0.377901 -0.058197 0.924015 0.377900 0.058196 0.924016 0.030742 0.189523 0.981395 0.198700 0.967720 0.155034 -0.123775 0.986550 -0.106768 -0.165141 0.975978 -0.142110 -0.013752 -0.029442 0.999472 -0.010967 -0.007608 0.999911 0.011072 0.007862 0.999908 0.013756 0.029483 0.999471 0.007875 0.011077 0.999908 -0.030255 -0.011643 0.999474 -0.007593 -0.010961 0.999911 -0.166072 0.975768 0.142470 0.198713 0.967717 -0.155039 0.075806 0.991339 -0.107238 -0.377900 -0.058184 0.924016 -0.030031 0.182774 0.982696 -0.377899 0.058184 0.924017 0.163111 0.377501 0.911530 -0.163827 -0.379250 0.910676 -0.029992 -0.182398 0.982767 0.380207 0.164219 -0.910206 0.191556 0.011608 -0.981413 -0.198653 -0.011600 -0.980001 -0.378465 -0.163506 -0.911060 0.058242 0.381994 -0.922328 -0.058135 0.381997 -0.922334 -0.198234 0.011600 -0.980086 -0.058095 0.922335 -0.381999 0.058203 0.922329 -0.381996 -0.377483 0.163104 -0.911539 0.379233 -0.163821 -0.910684 0.191158 -0.011609 -0.981491 -0.164216 0.380200 0.910209 0.030763 -0.189718 0.981357 0.163503 -0.378458 0.911063 -0.377903 -0.058242 0.924011 -0.377894 0.058018 0.924029 0.198715 -0.967716 -0.155040 0.075874 -0.991334 -0.107237 -0.123775 -0.986550 0.106768 -0.165140 -0.975978 0.142111 0.058203 -0.922329 -0.381996 -0.058093 -0.922335 -0.381999 -0.124247 -0.986491 -0.106762 -0.058136 -0.381996 -0.922333 0.058246 -0.381994 -0.922328 -0.166062 -0.975770 -0.142468 
						0.198702 -0.967720 0.155035 0.075803 -0.991340 0.107238 0.377893 -0.058004 0.924031 0.377909 0.058369 0.924001 0.058245 -0.381994 0.922328 -0.058138 -0.381996 0.922333 -0.058094 -0.922335 0.381999 0.058201 -0.922329 0.381996 0.344824 -0.002637 0.938664 -0.002639 0.344822 0.938664 0.113173 0.918840 0.378053 0.002296 0.344712 0.938706 -0.344713 -0.002290 0.938705 -0.113180 0.918838 0.378057 0.196373 0.399899 -0.895276 0.399748 0.195732 0.895483 -0.112654 0.918963 -0.377910 -0.399901 0.196365 0.895276 -0.195726 0.399741 -0.895488 0.113182 0.918838 -0.378056 0.113182 -0.918838 -0.378055 -0.399747 -0.195731 0.895484 -0.196374 -0.399900 -0.895275 0.399904 -0.196366 0.895275 -0.113176 -0.918839 -0.378055 0.195728 -0.399740 -0.895488 0.002642 -0.344823 0.938664 -0.344715 0.002296 0.938704 -0.112653 -0.918963 0.377909 0.344713 0.002288 0.938705 -0.002294 -0.344711 0.938706 0.113175 -0.918840 0.378054 -0.030262 0.011643 0.999474 -0.007608 0.010967 0.999911 0.007876 -0.011078 0.999908 0.030232 -0.011643 0.999475 0.011078 -0.007876 0.999908 0.013757 -0.029492 0.999470 -0.013752 0.029444 0.999472 -0.010967 0.007608 0.999911 0.075812 0.991339 0.107238 0.058202 0.922329 0.381996 -0.058094 0.922335 0.381999 -0.123770 0.986550 0.106768 -0.058137 0.381997 0.922333 0.030632 0.011643 0.999463 0.058244 0.381995 0.922327 0.377910 -0.058382 0.924000 0.377893 0.058019 0.924030 0.030763 0.189726 0.981355 0.198724 0.967714 0.155044 -0.124260 0.986489 -0.106762 -0.166086 0.975764 -0.142476 -0.013745 -0.029380 0.999474 -0.010964 -0.007601 0.999911 0.011439 0.008750 0.999896 0.013777 0.029683 0.999464 0.008749 0.011438 0.999896 -0.030676 -0.011643 0.999462 -0.008460 -0.011319 0.999900 -0.165126 0.975981 0.142105 0.198714 0.967717 -0.155040 0.075872 0.991334 -0.107237 -0.377893 -0.058007 0.924030 
						-0.029992 0.182400 0.982767 -0.377902 0.058228 0.924013 0.163508 0.378471 0.911057 -0.164212 -0.380190 0.910214 -0.030031 -0.182773 0.982696 0.379228 0.163819 -0.910686 0.191157 0.011609 -0.981491 -0.198245 -0.011600 -0.980084 -0.377503 -0.163112 -0.911529 0.058246 0.381995 -0.922327 -0.058136 0.381997 -0.922333 -0.198647 0.011600 -0.980002 -0.058093 0.922335 -0.381999 0.058203 0.922329 -0.381996 -0.378455 0.163502 -0.911065 0.380174 -0.164206 -0.910222 0.191541 -0.011608 -0.981416 -0.163832 0.379262 0.910670 0.030741 -0.189514 0.981397 0.163102 -0.377479 0.911541 -0.377901 -0.058199 0.924015 -0.377901 0.058199 0.924015 0.198725 -0.967714 -0.155044 0.075812 -0.991339 -0.107238 -0.124260 -0.986489 0.106762 -0.166085 -0.975765 0.142476 0.058201 -0.922329 -0.381996 -0.058094 -0.922335 -0.381999 -0.123769 -0.986550 -0.106768 -0.058137 -0.381997 -0.922333 0.058245 -0.381995 -0.922327 -0.165129 -0.975981 -0.142106 0.198690 -0.967723 0.155031 0.075863 -0.991335 0.107237 0.377900 -0.058186 0.924016 0.377901 0.058187 0.924016 0.058246 -0.381995 0.922327 -0.058136 -0.381997 0.922333 -0.058093 -0.922335 0.381999 0.058203 -0.922329 0.381996 0.344715 -0.002297 0.938704 -0.002297 0.344717 0.938704 0.113185 0.918838 0.378056 0.002639 0.344826 0.938663 -0.344716 -0.002296 0.938704 -0.112649 0.918965 0.377908 0.195717 0.399742 -0.895489 0.399903 0.196376 0.895273 -0.113186 0.918837 -0.378057 -0.399747 0.195736 0.895483 -0.196370 0.399905 -0.895274 0.113182 0.918838 -0.378055 0.113186 -0.918837 -0.378057 -0.399901 -0.196364 0.895277 -0.195736 -0.399749 -0.895482 0.399741 -0.195718 0.895490 -0.112650 -0.918964 -0.377908 0.196359 -0.399900 -0.895278 0.002298 -0.344716 0.938704 -0.344716 0.002297 0.938704 -0.113184 -0.918837 0.378057 0.344824 0.002635 0.938664 -0.002639 -0.344827 0.938663 0.113169 -0.918841 0.378052 
						0.013776 -0.029670 -0.999465 0.011017 -0.007728 -0.999909 -0.011459 0.008800 -0.999896 -0.013779 0.029696 -0.999464 -0.008009 0.011133 -0.999906 -0.030163 0.011643 -0.999477 0.030685 -0.011643 -0.999461 0.008520 -0.011344 -0.999899 0.123743 0.986554 -0.106767 0.164707 0.976076 -0.141941 -0.199677 0.967459 0.155408 -0.076157 0.991313 0.107234 0.377910 -0.058341 -0.924002 0.030010 0.182568 -0.982735 0.377895 0.058005 -0.924030 -0.058107 0.381997 -0.922335 0.058214 0.381995 -0.922329 0.030808 0.011643 -0.999458 0.058215 0.922332 -0.381989 -0.075457 0.991366 -0.107239 -0.058107 0.922337 -0.381991 0.008520 0.011344 -0.999899 -0.007962 -0.011113 -0.999906 -0.030023 -0.011642 -0.999481 -0.011114 -0.007963 -0.999906 -0.013726 -0.029199 -0.999479 0.013795 0.029851 -0.999459 0.011344 0.008521 -0.999899 -0.377878 -0.057625 -0.924060 -0.377902 0.058157 -0.924017 -0.030780 0.189884 -0.981324 -0.198140 0.967870 -0.154818 0.124505 0.986459 0.106758 0.166387 0.975696 0.142591 -0.163481 0.378406 -0.911089 0.163819 -0.379231 -0.910685 0.029990 -0.182379 -0.982771 -0.379397 0.163888 0.910603 -0.191078 0.011609 0.981506 0.198720 -0.011600 0.979988 0.378378 -0.163471 0.911102 -0.058107 0.381997 0.922335 0.058215 0.381995 0.922329 0.198347 0.011600 0.980063 0.058215 0.922332 0.381989 -0.058105 0.922337 0.381991 0.377482 0.163104 0.911539 -0.380131 -0.164188 0.910243 -0.191410 -0.011608 0.981441 0.164191 0.380140 -0.910239 -0.030781 -0.189891 -0.981323 -0.163477 -0.378396 -0.911094 0.377902 -0.058157 -0.924017 0.377902 0.058157 -0.924017 -0.198147 -0.967868 0.154821 -0.075518 -0.991361 0.107239 0.124178 -0.986500 -0.106762 0.165517 -0.975893 -0.142255 -0.058107 -0.922337 0.381991 0.058215 -0.922332 0.381989 0.123746 -0.986554 0.106767 0.058214 -0.381995 0.922329 -0.058107 -0.381997 0.922335 0.164715 -0.976074 0.141945 
						-0.199684 -0.967457 -0.155411 -0.076285 -0.991303 -0.107233 -0.377902 -0.058169 -0.924016 -0.377902 0.058169 -0.924016 -0.057597 -0.382008 -0.922363 0.057674 -0.382006 -0.922358 0.058727 -0.922304 -0.381978 -0.058646 -0.922308 -0.381979 -0.002318 0.344714 -0.938705 0.344724 -0.002314 -0.938701 0.112476 0.919007 -0.377856 -0.344552 -0.001779 -0.938765 0.002626 0.344816 -0.938667 -0.112841 0.918921 -0.377957 -0.195898 0.399777 0.895434 -0.399887 0.196293 -0.895298 0.113340 0.918801 0.378099 0.399887 0.196290 -0.895299 0.195691 0.399729 0.895501 -0.113604 0.918738 0.378172 -0.112850 -0.918918 0.377962 0.399736 -0.195675 -0.895501 0.196289 -0.399874 0.895305 -0.399887 -0.196290 -0.895299 0.112484 -0.919004 0.377861 -0.196283 -0.399870 0.895308 -0.001818 -0.344552 -0.938765 0.344822 0.002618 -0.938664 0.113338 -0.918802 -0.378097 -0.344824 0.002623 -0.938664 0.002113 -0.344650 -0.938729 -0.114124 -0.918615 -0.378315 
					</float_array>
					<technique_common>
						<accessor count="864" offset="0" source="#meshId0-bitangents-array" stride="3">
							<param name="X" type="float" />
							<param name="Y" type="float" />
							<param name="Z" type="float" />
						</accessor>
					</technique_common>
				</source>
				<source id="meshId0-tex0" name="meshId0-tex0">
					<float_array id="meshId0-tex0-array" count="1728"> 
						0.012087 0.179574 0.010561 0.179591 0.010567 0.142213 0.012092 0.142231 0.010561 0.179591 0.009036 0.179574 0.009041 0.142231 0.010567 0.142213 0.012086 0.182624 0.012085 0.181099 0.417579 0.181154 0.417577 0.182679 0.012085 0.181099 0.417578 0.179629 0.417579 0.181154 0.009411 0.181099 0.005611 0.181098 0.005986 0.179573 0.010561 0.182249 0.012086 0.185675 0.010561 0.186049 0.420628 0.179629 0.419103 0.179647 0.419108 0.142269 0.420633 0.142286 0.419103 0.179647 0.417583 0.142286 0.419108 0.142269 0.419102 0.182305 0.419102 0.186105 0.417577 0.185730 0.420253 0.181154 0.423679 0.179630 0.424053 0.181155 0.004460 0.180146 0.004466 0.141657 0.005991 0.142230 0.010573 0.095164 0.012098 0.095737 0.012093 0.133080 0.010568 0.133653 0.011500 0.094212 0.418188 0.094267 0.417589 0.095792 0.011487 0.187200 0.418175 0.187255 0.419114 0.095219 0.419109 0.133708 0.417584 0.133135 0.425204 0.180203 0.423684 0.142287 0.425209 0.141714 0.005616 0.140705 0.009416 0.140706 0.010567 0.135755 0.012093 0.136130 0.012092 0.139181 0.010567 0.139555 0.012091 0.134605 0.417586 0.134660 0.417584 0.136185 0.012091 0.134605 0.417586 0.134660 0.419109 0.135811 
						0.419108 0.139611 0.417583 0.139236 0.424059 0.140762 0.420259 0.140761 0.012090 0.140706 0.417585 0.140761 0.012090 0.140706 0.417585 0.140761 0.010561 0.181099 0.010561 0.181099 0.010561 0.181099 0.419103 0.181154 0.419103 0.181154 0.419103 0.181154 0.010573 0.094211 0.004460 0.181098 0.010560 0.187200 0.425204 0.181155 0.419114 0.094267 0.419102 0.187256 0.010568 0.134605 0.004466 0.140705 0.010568 0.134605 0.425209 0.140762 0.419109 0.134660 0.419109 0.134660 0.010567 0.140706 0.010567 0.140706 0.010567 0.140706 0.419108 0.140761 0.419108 0.140761 0.419108 0.140761 0.018321 0.557567 0.017151 0.557581 0.017155 0.528908 0.018325 0.528921 0.017151 0.557581 0.015981 0.557567 0.015985 0.528921 0.017155 0.528908 0.018320 0.559907 0.018319 0.558737 0.329375 0.558780 0.329374 0.559949 0.018319 0.558737 0.329374 0.557610 0.329375 0.558780 0.016268 0.558737 0.013353 0.558737 0.013641 0.557567 0.017150 0.559620 0.018320 0.562248 0.017150 0.562535 0.331714 0.557610 0.330544 0.557623 0.330548 0.528950 0.331718 0.528964 0.330544 0.557623 0.329378 0.528964 0.330548 0.528950 0.330544 0.559662 0.330544 0.562577 0.329374 0.562290 0.331427 0.558780 
						0.334054 0.557610 0.334342 0.558780 0.012471 0.558006 0.012475 0.528481 0.013644 0.528921 0.017160 0.492816 0.018329 0.493255 0.018326 0.521901 0.017156 0.522341 0.017870 0.492086 0.329842 0.492128 0.329383 0.493298 0.017861 0.563417 0.329833 0.563460 0.330553 0.492858 0.330549 0.522383 0.329379 0.521944 0.335224 0.558050 0.334058 0.528964 0.335228 0.528525 0.013357 0.527751 0.016272 0.527751 0.017155 0.523954 0.018325 0.524241 0.018325 0.526582 0.017155 0.526869 0.018324 0.523071 0.329380 0.523114 0.329379 0.524284 0.018324 0.523071 0.329380 0.523114 0.330549 0.523996 0.330548 0.526911 0.329379 0.526624 0.334346 0.527794 0.331431 0.527794 0.018323 0.527752 0.329380 0.527794 0.018323 0.527752 0.329380 0.527794 0.017151 0.558737 0.017151 0.558737 0.017151 0.558737 0.330544 0.558780 0.330544 0.558780 0.330544 0.558780 0.017160 0.492085 0.012470 0.558737 0.017150 0.563417 0.335224 0.558780 0.330553 0.492128 0.330543 0.563460 0.017155 0.523071 0.012475 0.527751 0.017155 0.523071 0.335228 0.527795 0.330549 0.523114 0.330549 0.523114 0.017155 0.527751 0.017155 0.527751 0.017155 0.527751 0.330548 0.527794 0.330548 0.527794 0.330548 0.527794 
						0.015717 0.790677 0.016887 0.790690 0.016891 0.762017 0.015721 0.762031 0.016887 0.790690 0.018057 0.790677 0.018061 0.762031 0.016891 0.762017 0.018091 0.793016 0.016886 0.792729 0.016886 0.795644 0.018091 0.795355 0.016004 0.791847 0.013376 0.790676 0.013089 0.791846 0.018073 0.791847 0.329111 0.791889 0.329110 0.790719 0.018073 0.791847 0.329110 0.793059 0.329111 0.791889 0.330280 0.790733 0.330284 0.762060 0.329114 0.762073 0.330280 0.790733 0.331450 0.790720 0.331454 0.762074 0.330284 0.762060 0.331163 0.791889 0.334077 0.791890 0.333790 0.790720 0.330280 0.792772 0.329110 0.795399 0.330279 0.795687 0.334960 0.791160 0.334964 0.761635 0.333794 0.762074 0.330289 0.725968 0.329119 0.726407 0.329115 0.755053 0.330285 0.755493 0.329578 0.725237 0.017606 0.725195 0.018066 0.726365 0.329569 0.796569 0.017596 0.796527 0.016895 0.725926 0.016891 0.755450 0.018062 0.755011 0.012206 0.791116 0.013380 0.762030 0.012210 0.761591 0.334082 0.760904 0.331167 0.760904 0.330285 0.757106 0.329115 0.757393 0.329114 0.759733 0.330284 0.760021 0.329116 0.756223 0.018077 0.756181 0.018096 0.757350 0.329116 0.756223 0.018077 0.756181 0.016891 0.757064 
						0.016891 0.759978 0.018095 0.759689 0.013093 0.760861 0.016008 0.760861 0.329115 0.760903 0.018077 0.760860 0.329115 0.760903 0.018077 0.760860 0.016886 0.791847 0.016886 0.791847 0.016886 0.791847 0.330280 0.791889 0.330280 0.791889 0.330280 0.791889 0.330289 0.725238 0.334960 0.791890 0.330279 0.796569 0.012206 0.791846 0.016895 0.725195 0.016886 0.796527 0.330285 0.756223 0.334964 0.760904 0.330285 0.756223 0.012211 0.760860 0.016891 0.756181 0.016891 0.756181 0.330284 0.760904 0.330284 0.760904 0.330284 0.760904 0.016891 0.760861 0.016891 0.760861 0.016891 0.760861 0.048707 0.329939 0.047617 0.329952 0.047621 0.303237 0.048711 0.303250 0.047617 0.329952 0.046527 0.329939 0.046531 0.303250 0.047621 0.303237 0.048707 0.332120 0.048706 0.331030 0.338517 0.331069 0.338516 0.332159 0.048706 0.331030 0.338516 0.329979 0.338517 0.331069 0.046794 0.331029 0.044079 0.331029 0.044346 0.329939 0.047617 0.331852 0.048706 0.334300 0.047616 0.334568 0.340696 0.329979 0.339606 0.329992 0.339610 0.303277 0.340700 0.303290 0.339606 0.329992 0.338520 0.303289 0.339610 0.303277 0.339606 0.331891 0.339606 0.334607 0.338516 0.334339 0.340429 0.331069 
						0.342877 0.329979 0.343144 0.331069 0.043256 0.330348 0.043260 0.302840 0.044350 0.303249 0.047625 0.269610 0.048715 0.270020 0.048711 0.296710 0.047621 0.297119 0.048287 0.268930 0.338952 0.268969 0.338524 0.270059 0.048278 0.335390 0.338943 0.335429 0.339615 0.269650 0.339611 0.297159 0.338521 0.296749 0.343967 0.330389 0.342880 0.303290 0.343971 0.302881 0.044083 0.302159 0.046798 0.302160 0.047621 0.298622 0.048711 0.298890 0.048711 0.301070 0.047621 0.301338 0.048710 0.297800 0.338522 0.297839 0.338521 0.298929 0.048710 0.297800 0.338522 0.297839 0.339611 0.298661 0.339610 0.301377 0.338520 0.301109 0.343148 0.302200 0.340432 0.302200 0.048710 0.302160 0.338521 0.302199 0.048710 0.302160 0.338521 0.302199 0.047617 0.331029 0.047617 0.331029 0.047617 0.331029 0.339606 0.331069 0.339606 0.331069 0.339606 0.331069 0.047625 0.268930 0.043256 0.331029 0.047616 0.335390 0.343967 0.331070 0.339615 0.268970 0.339606 0.335430 0.047621 0.297799 0.043260 0.302159 0.047621 0.297799 0.343971 0.302200 0.339611 0.297839 0.339611 0.297839 0.047621 0.302160 0.047621 0.302160 0.047621 0.302160 0.339610 0.302200 0.339610 0.302200 0.339610 0.302200 
						0.018024 0.635870 0.016854 0.635883 0.016858 0.607210 0.018028 0.607224 0.016854 0.635883 0.015684 0.635870 0.015688 0.607224 0.016858 0.607210 0.018024 0.638210 0.018022 0.637040 0.329079 0.637082 0.329077 0.638252 0.018022 0.637040 0.329077 0.635912 0.329079 0.637082 0.015971 0.637040 0.013056 0.637039 0.013344 0.635869 0.016854 0.637922 0.018023 0.640550 0.016853 0.640837 0.331417 0.635913 0.330247 0.635926 0.330251 0.607253 0.331421 0.607267 0.330247 0.635926 0.329081 0.607266 0.330251 0.607253 0.330247 0.637965 0.330247 0.640880 0.329077 0.640592 0.331130 0.637082 0.333758 0.635913 0.334045 0.637083 0.012174 0.636309 0.012178 0.606784 0.013348 0.607223 0.016863 0.571118 0.018033 0.571558 0.018029 0.600204 0.016859 0.600643 0.017574 0.570388 0.329546 0.570431 0.329086 0.571600 0.017564 0.641720 0.329536 0.641762 0.330256 0.571161 0.330252 0.600686 0.329082 0.600246 0.334927 0.636353 0.333762 0.607267 0.334932 0.606828 0.013061 0.606053 0.015975 0.606054 0.016859 0.602256 0.018028 0.602544 0.018028 0.604884 0.016858 0.605171 0.018027 0.601374 0.329084 0.601416 0.329082 0.602586 0.018027 0.601374 0.329084 0.601416 0.330252 0.602299 
						0.330252 0.605214 0.329082 0.604926 0.334049 0.606097 0.331134 0.606097 0.018027 0.606054 0.329083 0.606096 0.018027 0.606054 0.329083 0.606096 0.016854 0.637040 0.016854 0.637040 0.016854 0.637040 0.330247 0.637082 0.330247 0.637082 0.330247 0.637082 0.016863 0.570388 0.012174 0.637039 0.016853 0.641720 0.334927 0.637083 0.330256 0.570431 0.330247 0.641762 0.016859 0.601374 0.012178 0.606053 0.016859 0.601374 0.334932 0.606097 0.330252 0.601416 0.330252 0.601416 0.016858 0.606054 0.016858 0.606054 0.016858 0.606054 0.330251 0.606097 0.330251 0.606097 0.330251 0.606097 0.018073 0.867207 0.016903 0.867220 0.016907 0.838547 0.018077 0.838561 0.016903 0.867220 0.015733 0.867207 0.015737 0.838561 0.016907 0.838547 0.018072 0.869547 0.018071 0.868377 0.329127 0.868419 0.329126 0.869589 0.018071 0.868377 0.329126 0.867249 0.329127 0.868419 0.016020 0.868377 0.013105 0.868376 0.013393 0.867206 0.016903 0.869259 0.018072 0.871887 0.016902 0.872174 0.331466 0.867250 0.330296 0.867263 0.330300 0.838590 0.331470 0.838604 0.330296 0.867263 0.329130 0.838603 0.330300 0.838590 0.330296 0.869302 0.330296 0.872217 0.329126 0.871929 0.331179 0.868419 
						0.333807 0.867250 0.334094 0.868420 0.012223 0.867646 0.012227 0.838121 0.013397 0.838560 0.016912 0.802455 0.018082 0.802895 0.018078 0.831541 0.016908 0.831980 0.017623 0.801725 0.329595 0.801768 0.329135 0.802937 0.017613 0.873057 0.329585 0.873099 0.330305 0.802498 0.330301 0.832023 0.329131 0.831583 0.334976 0.867689 0.333810 0.838604 0.334980 0.838165 0.013109 0.837390 0.016024 0.837391 0.016907 0.833593 0.018077 0.833881 0.018077 0.836221 0.016907 0.836508 0.018076 0.832711 0.329132 0.832753 0.329131 0.833923 0.018076 0.832711 0.329132 0.832753 0.330301 0.833636 0.330300 0.836551 0.329131 0.836263 0.334098 0.837434 0.331183 0.837434 0.018076 0.837391 0.329132 0.837433 0.018076 0.837391 0.329132 0.837433 0.016903 0.868377 0.016903 0.868377 0.016903 0.868377 0.330296 0.868419 0.330296 0.868419 0.330296 0.868419 0.016912 0.801725 0.012223 0.868376 0.016902 0.873057 0.334976 0.868420 0.330305 0.801768 0.330296 0.873099 0.016908 0.832711 0.012227 0.837390 0.016908 0.832711 0.334980 0.837434 0.330301 0.832753 0.330301 0.832753 0.016907 0.837391 0.016907 0.837391 0.016907 0.837391 0.330300 0.837433 0.330300 0.837433 0.330300 0.837433 
						0.048707 0.258594 0.047617 0.258607 0.047621 0.231892 0.048711 0.231905 0.047617 0.258607 0.046527 0.258594 0.046531 0.231904 0.047621 0.231892 0.048707 0.260774 0.048706 0.259684 0.338517 0.259724 0.338516 0.260814 0.048706 0.259684 0.338516 0.258634 0.338517 0.259724 0.046794 0.259684 0.044079 0.259684 0.044346 0.258594 0.047617 0.260506 0.048706 0.262955 0.047616 0.263222 0.340696 0.258634 0.339606 0.258646 0.339610 0.231932 0.340700 0.231944 0.339606 0.258646 0.338520 0.231944 0.339610 0.231932 0.339606 0.260546 0.339606 0.263262 0.338516 0.262994 0.340429 0.259724 0.342877 0.258634 0.343144 0.259724 0.043256 0.259003 0.043260 0.231495 0.044350 0.231904 0.047625 0.198265 0.048715 0.198675 0.048711 0.225364 0.047621 0.225774 0.048287 0.197585 0.338953 0.197624 0.338525 0.198714 0.048278 0.264045 0.338943 0.264084 0.339615 0.198305 0.339611 0.225813 0.338521 0.225404 0.343967 0.259044 0.342880 0.231945 0.343971 0.231535 0.044083 0.230814 0.046798 0.230815 0.047621 0.227276 0.048711 0.227544 0.048711 0.229725 0.047621 0.229992 0.048710 0.226454 0.338522 0.226494 0.338521 0.227584 0.048710 0.226454 0.338522 0.226494 0.339611 0.227316 
						0.339610 0.230032 0.338520 0.229764 0.343148 0.230855 0.340433 0.230854 0.048710 0.230815 0.338521 0.230854 0.048710 0.230815 0.338521 0.230854 0.047617 0.259684 0.047617 0.259684 0.047617 0.259684 0.339606 0.259724 0.339606 0.259724 0.339606 0.259724 0.047625 0.197585 0.043256 0.259684 0.047616 0.264045 0.343967 0.259724 0.339615 0.197624 0.339606 0.264084 0.047621 0.226454 0.043260 0.230814 0.047621 0.226454 0.343971 0.230855 0.339611 0.226494 0.339611 0.226494 0.047621 0.230815 0.047621 0.230815 0.047621 0.230815 0.339610 0.230854 0.339610 0.230854 0.339610 0.230854 0.048707 0.400471 0.047617 0.400483 0.047621 0.373769 0.048711 0.373781 0.047617 0.400483 0.046527 0.400471 0.046531 0.373781 0.047621 0.373769 0.048707 0.402651 0.048706 0.401561 0.338517 0.401600 0.338516 0.402690 0.048706 0.401561 0.338516 0.400510 0.338517 0.401600 0.046794 0.401561 0.044079 0.401560 0.044346 0.400470 0.047617 0.402383 0.048706 0.404831 0.047616 0.405099 0.340696 0.400511 0.339606 0.400523 0.339610 0.373808 0.340700 0.373821 0.339606 0.400523 0.338520 0.373821 0.339610 0.373808 0.339606 0.402423 0.339606 0.405139 0.338516 0.404871 0.340429 0.401600 
						0.342877 0.400511 0.343144 0.401601 0.043256 0.400880 0.043260 0.373371 0.044350 0.373781 0.047625 0.340142 0.048715 0.340551 0.048711 0.367241 0.047621 0.367650 0.048287 0.339461 0.338952 0.339501 0.338524 0.340591 0.048278 0.405921 0.338943 0.405961 0.339615 0.340181 0.339611 0.367690 0.338521 0.367280 0.343967 0.400920 0.342880 0.373821 0.343971 0.373412 0.044083 0.372691 0.046798 0.372691 0.047621 0.369153 0.048711 0.369421 0.048711 0.371601 0.047621 0.371869 0.048710 0.368331 0.338522 0.368370 0.338521 0.369460 0.048710 0.368331 0.338522 0.368370 0.339611 0.369193 0.339610 0.371909 0.338520 0.371641 0.343148 0.372731 0.340432 0.372731 0.048710 0.372691 0.338521 0.372731 0.048710 0.372691 0.338521 0.372731 0.047617 0.401561 0.047617 0.401561 0.047617 0.401561 0.339606 0.401600 0.339606 0.401600 0.339606 0.401600 0.047625 0.339461 0.043256 0.401560 0.047616 0.405921 0.343967 0.401601 0.339615 0.339501 0.339606 0.405961 0.047621 0.368331 0.043260 0.372691 0.047621 0.368331 0.343971 0.372731 0.339611 0.368370 0.339611 0.368370 0.047621 0.372691 0.047621 0.372691 0.047621 0.372691 0.339610 0.372731 0.339610 0.372731 0.339610 0.372731 
						0.014827 0.714147 0.015997 0.714160 0.016001 0.685487 0.014831 0.685501 0.015997 0.714160 0.017167 0.714147 0.017171 0.685501 0.016001 0.685487 0.017201 0.716486 0.015996 0.716200 0.015996 0.719114 0.017201 0.718825 0.015114 0.715317 0.012487 0.714146 0.012199 0.715316 0.017183 0.715317 0.328221 0.715359 0.328220 0.714189 0.017183 0.715317 0.328220 0.716529 0.328221 0.715359 0.329390 0.714203 0.329394 0.685530 0.328224 0.685543 0.329390 0.714203 0.330560 0.714190 0.330564 0.685544 0.329394 0.685530 0.330273 0.715360 0.333187 0.715360 0.332900 0.714190 0.329390 0.716242 0.328220 0.718869 0.329389 0.719157 0.334070 0.714630 0.334074 0.685105 0.332904 0.685544 0.329399 0.649438 0.328229 0.649877 0.328225 0.678523 0.329395 0.678963 0.328688 0.648708 0.016716 0.648665 0.017176 0.649835 0.328679 0.720039 0.016707 0.719997 0.016006 0.649396 0.016002 0.678921 0.017172 0.678481 0.011317 0.714586 0.012490 0.685501 0.011321 0.685061 0.333192 0.684374 0.330277 0.684374 0.329395 0.680576 0.328225 0.680863 0.328224 0.683204 0.329394 0.683491 0.328226 0.679693 0.017188 0.679651 0.017206 0.680820 0.328226 0.679693 0.017188 0.679651 0.016001 0.680534 
						0.016001 0.683448 0.017206 0.683159 0.012203 0.684331 0.015118 0.684331 0.328226 0.684373 0.017187 0.684330 0.328226 0.684373 0.017187 0.684330 0.015997 0.715317 0.015997 0.715317 0.015997 0.715317 0.329390 0.715359 0.329390 0.715359 0.329390 0.715359 0.329399 0.648708 0.334070 0.715360 0.329389 0.720039 0.011316 0.715316 0.016006 0.648665 0.015996 0.719997 0.329395 0.679693 0.334074 0.684374 0.329395 0.679693 0.011321 0.684331 0.016001 0.679651 0.016001 0.679651 0.329394 0.684374 0.329394 0.684374 0.329394 0.684374 0.016001 0.684331 0.016001 0.684331 0.016001 0.684331 
					</float_array>
					<technique_common>
						<accessor count="864" offset="0" source="#meshId0-tex0-array" stride="2">
							<param name="S" type="float" />
							<param name="T" type="float" />
						</accessor>
					</technique_common>
				</source>
				<vertices id="meshId0-vertices">
					<input semantic="POSITION" source="#meshId0-positions" />
				</vertices>
				<polylist count="972" material="defaultMaterial">
					<input offset="0" semantic="VERTEX" source="#meshId0-vertices" />
					<input offset="0" semantic="NORMAL" source="#meshId0-normals" />
					<input offset="0" semantic="TANGENT" source="#meshId0-tangents" />
					<input offset="0" semantic="BINORMAL" source="#meshId0-bitangents" />
					<input offset="0" semantic="TEXCOORD" source="#meshId0-tex0" set="0" />
					<vcount>
						3 3 3 3 3 3 3 3 3 3 3 3 3 3 3 3 3 3 3 3 3 3 3 3 3 3 3 3 3 3 3 3 3 3 3 3 3 3 3 3 3 3 3 3 3 3 3 3 3 3 3 3 3 3 3 3 3 3 3 3 3 3 3 3 
						3 3 3 3 3 3 3 3 3 3 3 3 3 3 3 3 3 3 3 3 3 3 3 3 3 3 3 3 3 3 3 3 3 3 3 3 3 3 3 3 3 3 3 3 3 3 3 3 3 3 3 3 3 3 3 3 3 3 3 3 3 3 3 3 
						3 3 3 3 3 3 3 3 3 3 3 3 3 3 3 3 3 3 3 3 3 3 3 3 3 3 3 3 3 3 3 3 3 3 3 3 3 3 3 3 3 3 3 3 3 3 3 3 3 3 3 3 3 3 3 3 3 3 3 3 3 3 3 3 
						3 3 3 3 3 3 3 3 3 3 3 3 3 3 3 3 3 3 3 3 3 3 3 3 3 3 3 3 3 3 3 3 3 3 3 3 3 3 3 3 3 3 3 3 3 3 3 3 3 3 3 3 3 3 3 3 3 3 3 3 3 3 3 3 
						3 3 3 3 3 3 3 3 3 3 3 3 3 3 3 3 3 3 3 3 3 3 3 3 3 3 3 3 3 3 3 3 3 3 3 3 3 3 3 3 3 3 3 3 3 3 3 3 3 3 3 3 3 3 3 3 3 3 3 3 3 3 3 3 
						3 3 3 3 3 3 3 3 3 3 3 3 3 3 3 3 3 3 3 3 3 3 3 3 3 3 3 3 3 3 3 3 3 3 3 3 3 3 3 3 3 3 3 3 3 3 3 3 3 3 3 3 3 3 3 3 3 3 3 3 3 3 3 3 
						3 3 3 3 3 3 3 3 3 3 3 3 3 3 3 3 3 3 3 3 3 3 3 3 3 3 3 3 3 3 3 3 3 3 3 3 3 3 3 3 3 3 3 3 3 3 3 3 3 3 3 3 3 3 3 3 3 3 3 3 3 3 3 3 
						3 3 3 3 3 3 3 3 3 3 3 3 3 3 3 3 3 3 3 3 3 3 3 3 3 3 3 3 3 3 3 3 3 3 3 3 3 3 3 3 3 3 3 3 3 3 3 3 3 3 3 3 3 3 3 3 3 3 3 3 3 3 3 3 
						3 3 3 3 3 3 3 3 3 3 3 3 3 3 3 3 3 3 3 3 3 3 3 3 3 3 3 3 3 3 3 3 3 3 3 3 3 3 3 3 3 3 3 3 3 3 3 3 3 3 3 3 3 3 3 3 3 3 3 3 3 3 3 3 
						3 3 3 3 3 3 3 3 3 3 3 3 3 3 3 3 3 3 3 3 3 3 3 3 3 3 3 3 3 3 3 3 3 3 3 3 3 3 3 3 3 3 3 3 3 3 3 3 3 3 3 3 3 3 3 3 3 3 3 3 3 3 3 3 
						3 3 3 3 3 3 3 3 3 3 3 3 3 3 3 3 3 3 3 3 3 3 3 3 3 3 3 3 3 3 3 3 3 3 3 3 3 3 3 3 3 3 3 3 3 3 3 3 3 3 3 3 3 3 3 3 3 3 3 3 3 3 3 3 
						3 3 3 3 3 3 3 3 3 3 3 3 3 3 3 3 3 3 3 3 3 3 3 3 3 3 3 3 3 3 3 3 3 3 3 3 3 3 3 3 3 3 3 3 3 3 3 3 3 3 3 3 3 3 3 3 3 3 3 3 3 3 3 3 
						3 3 3 3 3 3 3 3 3 3 3 3 3 3 3 3 3 3 3 3 3 3 3 3 3 3 3 3 3 3 3 3 3 3 3 3 3 3 3 3 3 3 3 3 3 3 3 3 3 3 3 3 3 3 3 3 3 3 3 3 3 3 3 3 
						3 3 3 3 3 3 3 3 3 3 3 3 3 3 3 3 3 3 3 3 3 3 3 3 3 3 3 3 3 3 3 3 3 3 3 3 3 3 3 3 3 3 3 3 3 3 3 3 3 3 3 3 3 3 3 3 3 3 3 3 3 3 3 3 
						3 3 3 3 3 3 3 3 3 3 3 3 3 3 3 3 3 3 3 3 3 3 3 3 3 3 3 3 3 3 3 3 3 3 3 3 3 3 3 3 3 3 3 3 3 3 3 3 3 3 3 3 3 3 3 3 3 3 3 3 3 3 3 3 
						3 3 3 3 3 3 3 3 3 3 3 3 
					</vcount>
					<p>
						3 0 1 1 2 3 7 4 5 5 6 7 11 8 9 9 10 11 14 12 0 0 13 14 17 5 15 15 16 17 20 18 8 8 19 20 24 21 22 22 23 24 27 25 13 13 26 27 30 11 28 28 29 30 33 31 21 21 32 33 36 17 34 34 35 36 40 37 38 38 39 40 43 38 41 41 42 43 45 44 19 19 30 45 48 43 46 46 47 48 51 49 32 32 50 51 6 36 52 52 53 6 57 54 55 55 56 57 60 55 58 58 59 60 62 61 39 39 48 62 65 60 63 63 64 65 67 66 50 50 24 67 26 3 68 68 69 26 71 70 56 56 65 71 19 8 11 11 30 19 39 38 43 43 48 39 56 55 60 60 65 56 0 3 26 26 13 0 32 21 24 24 50 32 36 6 5 5 17 36 72 15 5 5 4 72 73 1 0 0 12 73 
						74 9 8 8 18 74 75 14 13 13 25 75 76 22 21 21 31 76 77 28 11 11 10 77 78 41 38 38 37 78 79 34 17 17 16 79 80 20 19 19 44 80 81 33 32 32 49 81 82 46 43 43 42 82 83 45 30 30 29 83 84 58 55 55 54 84 85 52 36 36 35 85 86 40 39 39 61 86 87 51 50 50 66 87 88 63 60 60 59 88 89 62 48 48 47 89 90 68 3 3 2 90 91 7 6 6 53 91 92 57 56 56 70 92 93 67 24 24 23 93 94 27 26 26 69 94 95 71 65 65 64 95 99 96 97 97 98 99 103 100 101 101 102 103 107 104 105 105 106 107 110 108 96 96 109 110 113 101 111 111 112 113 116 114 104 104 115 116 120 117 118 118 119 120 123 121 109 109 122 123 126 107 124 124 125 126 129 127 117 117 128 129 
						132 113 130 130 131 132 136 133 134 134 135 136 139 134 137 137 138 139 141 140 115 115 126 141 144 139 142 142 143 144 147 145 128 128 146 147 102 132 148 148 149 102 153 150 151 151 152 153 156 151 154 154 155 156 158 157 135 135 144 158 161 156 159 159 160 161 163 162 146 146 120 163 122 99 164 164 165 122 167 166 152 152 161 167 115 104 107 107 126 115 135 134 139 139 144 135 152 151 156 156 161 152 96 99 122 122 109 96 128 117 120 120 146 128 132 102 101 101 113 132 168 111 101 101 100 168 169 97 96 96 108 169 170 105 104 104 114 170 171 110 109 109 121 171 172 118 117 117 127 172 173 124 107 107 106 173 174 137 134 134 133 174 175 130 113 113 112 175 176 116 115 115 140 176 177 129 128 128 145 177 178 142 139 139 138 178 179 141 126 126 125 179 
						180 154 151 151 150 180 181 148 132 132 131 181 182 136 135 135 157 182 183 147 146 146 162 183 184 159 156 156 155 184 185 158 144 144 143 185 186 164 99 99 98 186 187 103 102 102 149 187 188 153 152 152 166 188 189 163 120 120 119 189 190 123 122 122 165 190 191 167 161 161 160 191 195 192 193 193 194 195 199 196 197 197 198 199 203 200 201 201 202 203 206 204 192 192 205 206 209 197 207 207 208 209 212 210 200 200 211 212 215 209 213 213 214 215 219 216 217 217 218 219 222 217 220 220 221 222 225 223 211 211 224 225 228 222 226 226 227 228 232 229 230 230 231 232 235 230 233 233 234 235 237 236 224 224 203 237 240 235 238 238 239 240 243 241 205 205 242 243 218 228 244 244 245 218 249 246 247 247 248 249 252 247 250 250 251 252 254 253 231 231 240 254 
						257 252 255 255 256 257 259 258 242 242 195 259 198 215 260 260 261 198 263 262 248 248 257 263 211 200 203 203 224 211 230 235 240 240 231 230 247 252 257 257 248 247 215 198 197 197 209 215 218 217 222 222 228 218 192 195 242 242 205 192 264 207 197 197 196 264 265 193 192 192 204 265 266 201 200 200 210 266 267 220 217 217 216 267 268 213 209 209 208 268 269 212 211 211 223 269 270 233 230 230 229 270 271 226 222 222 221 271 272 225 224 224 236 272 273 206 205 205 241 273 274 238 235 235 234 274 275 237 203 203 202 275 276 250 247 247 246 276 277 244 228 228 227 277 278 232 231 231 253 278 279 243 242 242 258 279 280 255 252 252 251 280 281 254 240 240 239 281 282 260 215 215 214 282 283 219 218 218 245 283 284 249 248 248 262 284 285 259 195 195 194 285 
						286 199 198 198 261 286 287 263 257 257 256 287 291 288 289 289 290 291 295 292 293 293 294 295 299 296 297 297 298 299 302 300 288 288 301 302 305 293 303 303 304 305 308 306 296 296 307 308 312 309 310 310 311 312 315 313 301 301 314 315 318 299 316 316 317 318 321 319 309 309 320 321 324 305 322 322 323 324 328 325 326 326 327 328 331 326 329 329 330 331 333 332 307 307 318 333 336 331 334 334 335 336 339 337 320 320 338 339 294 324 340 340 341 294 345 342 343 343 344 345 348 343 346 346 347 348 350 349 327 327 336 350 353 348 351 351 352 353 355 354 338 338 312 355 314 291 356 356 357 314 359 358 344 344 353 359 307 296 299 299 318 307 327 326 331 331 336 327 344 343 348 348 353 344 288 291 314 314 301 288 320 309 312 312 338 320 324 294 293 293 305 324 
						360 303 293 293 292 360 361 289 288 288 300 361 362 297 296 296 306 362 363 302 301 301 313 363 364 310 309 309 319 364 365 316 299 299 298 365 366 329 326 326 325 366 367 322 305 305 304 367 368 308 307 307 332 368 369 321 320 320 337 369 370 334 331 331 330 370 371 333 318 318 317 371 372 346 343 343 342 372 373 340 324 324 323 373 374 328 327 327 349 374 375 339 338 338 354 375 376 351 348 348 347 376 377 350 336 336 335 377 378 356 291 291 290 378 379 295 294 294 341 379 380 345 344 344 358 380 381 355 312 312 311 381 382 315 314 314 357 382 383 359 353 353 352 383 387 384 385 385 386 387 391 388 389 389 390 391 395 392 393 393 394 395 398 396 384 384 397 398 401 389 399 399 400 401 404 402 392 392 403 404 408 405 406 406 407 408 411 409 397 397 410 411 
						414 395 412 412 413 414 417 415 405 405 416 417 420 401 418 418 419 420 424 421 422 422 423 424 427 422 425 425 426 427 429 428 403 403 414 429 432 427 430 430 431 432 435 433 416 416 434 435 390 420 436 436 437 390 441 438 439 439 440 441 444 439 442 442 443 444 446 445 423 423 432 446 449 444 447 447 448 449 451 450 434 434 408 451 410 387 452 452 453 410 455 454 440 440 449 455 403 392 395 395 414 403 423 422 427 427 432 423 440 439 444 444 449 440 384 387 410 410 397 384 416 405 408 408 434 416 420 390 389 389 401 420 456 399 389 389 388 456 457 385 384 384 396 457 458 393 392 392 402 458 459 398 397 397 409 459 460 406 405 405 415 460 461 412 395 395 394 461 462 425 422 422 421 462 463 418 401 401 400 463 464 404 403 403 428 464 465 417 416 416 433 465 
						466 430 427 427 426 466 467 429 414 414 413 467 468 442 439 439 438 468 469 436 420 420 419 469 470 424 423 423 445 470 471 435 434 434 450 471 472 447 444 444 443 472 473 446 432 432 431 473 474 452 387 387 386 474 475 391 390 390 437 475 476 441 440 440 454 476 477 451 408 408 407 477 478 411 410 410 453 478 479 455 449 449 448 479 483 480 481 481 482 483 487 484 485 485 486 487 491 488 489 489 490 491 494 492 480 480 493 494 497 485 495 495 496 497 500 498 488 488 499 500 504 501 502 502 503 504 507 505 493 493 506 507 510 491 508 508 509 510 513 511 501 501 512 513 516 497 514 514 515 516 520 517 518 518 519 520 523 518 521 521 522 523 525 524 499 499 510 525 528 523 526 526 527 528 531 529 512 512 530 531 486 516 532 532 533 486 537 534 535 535 536 537 
						540 535 538 538 539 540 542 541 519 519 528 542 545 540 543 543 544 545 547 546 530 530 504 547 506 483 548 548 549 506 551 550 536 536 545 551 499 488 491 491 510 499 519 518 523 523 528 519 536 535 540 540 545 536 480 483 506 506 493 480 512 501 504 504 530 512 516 486 485 485 497 516 552 495 485 485 484 552 553 481 480 480 492 553 554 489 488 488 498 554 555 494 493 493 505 555 556 502 501 501 511 556 557 508 491 491 490 557 558 521 518 518 517 558 559 514 497 497 496 559 560 500 499 499 524 560 561 513 512 512 529 561 562 526 523 523 522 562 563 525 510 510 509 563 564 538 535 535 534 564 565 532 516 516 515 565 566 520 519 519 541 566 567 531 530 530 546 567 568 543 540 540 539 568 569 542 528 528 527 569 570 548 483 483 482 570 571 487 486 486 533 571 
						572 537 536 536 550 572 573 547 504 504 503 573 574 507 506 506 549 574 575 551 545 545 544 575 579 576 577 577 578 579 583 580 581 581 582 583 587 584 585 585 586 587 590 588 576 576 589 590 593 581 591 591 592 593 596 594 584 584 595 596 600 597 598 598 599 600 603 601 589 589 602 603 606 587 604 604 605 606 609 607 597 597 608 609 612 593 610 610 611 612 616 613 614 614 615 616 619 614 617 617 618 619 621 620 595 595 606 621 624 619 622 622 623 624 627 625 608 608 626 627 582 612 628 628 629 582 633 630 631 631 632 633 636 631 634 634 635 636 638 637 615 615 624 638 641 636 639 639 640 641 643 642 626 626 600 643 602 579 644 644 645 602 647 646 632 632 641 647 595 584 587 587 606 595 615 614 619 619 624 615 632 631 636 636 641 632 576 579 602 602 589 576 
						608 597 600 600 626 608 612 582 581 581 593 612 648 591 581 581 580 648 649 577 576 576 588 649 650 585 584 584 594 650 651 590 589 589 601 651 652 598 597 597 607 652 653 604 587 587 586 653 654 617 614 614 613 654 655 610 593 593 592 655 656 596 595 595 620 656 657 609 608 608 625 657 658 622 619 619 618 658 659 621 606 606 605 659 660 634 631 631 630 660 661 628 612 612 611 661 662 616 615 615 637 662 663 627 626 626 642 663 664 639 636 636 635 664 665 638 624 624 623 665 666 644 579 579 578 666 667 583 582 582 629 667 668 633 632 632 646 668 669 643 600 600 599 669 670 603 602 602 645 670 671 647 641 641 640 671 675 672 673 673 674 675 679 676 677 677 678 679 683 680 681 681 682 683 686 684 672 672 685 686 689 677 687 687 688 689 692 690 680 680 691 692 
						696 693 694 694 695 696 699 697 685 685 698 699 702 683 700 700 701 702 705 703 693 693 704 705 708 689 706 706 707 708 712 709 710 710 711 712 715 710 713 713 714 715 717 716 691 691 702 717 720 715 718 718 719 720 723 721 704 704 722 723 678 708 724 724 725 678 729 726 727 727 728 729 732 727 730 730 731 732 734 733 711 711 720 734 737 732 735 735 736 737 739 738 722 722 696 739 698 675 740 740 741 698 743 742 728 728 737 743 691 680 683 683 702 691 711 710 715 715 720 711 728 727 732 732 737 728 672 675 698 698 685 672 704 693 696 696 722 704 708 678 677 677 689 708 744 687 677 677 676 744 745 673 672 672 684 745 746 681 680 680 690 746 747 686 685 685 697 747 748 694 693 693 703 748 749 700 683 683 682 749 750 713 710 710 709 750 751 706 689 689 688 751 
						752 692 691 691 716 752 753 705 704 704 721 753 754 718 715 715 714 754 755 717 702 702 701 755 756 730 727 727 726 756 757 724 708 708 707 757 758 712 711 711 733 758 759 723 722 722 738 759 760 735 732 732 731 760 761 734 720 720 719 761 762 740 675 675 674 762 763 679 678 678 725 763 764 729 728 728 742 764 765 739 696 696 695 765 766 699 698 698 741 766 767 743 737 737 736 767 771 768 769 769 770 771 775 772 773 773 774 775 779 776 777 777 778 779 782 780 768 768 781 782 785 773 783 783 784 785 788 786 776 776 787 788 791 785 789 789 790 791 795 792 793 793 794 795 798 793 796 796 797 798 801 799 787 787 800 801 804 798 802 802 803 804 808 805 806 806 807 808 811 806 809 809 810 811 813 812 800 800 779 813 816 811 814 814 815 816 819 817 781 781 818 819 
						794 804 820 820 821 794 825 822 823 823 824 825 828 823 826 826 827 828 830 829 807 807 816 830 833 828 831 831 832 833 835 834 818 818 771 835 774 791 836 836 837 774 839 838 824 824 833 839 787 776 779 779 800 787 806 811 816 816 807 806 823 828 833 833 824 823 791 774 773 773 785 791 794 793 798 798 804 794 768 771 818 818 781 768 840 783 773 773 772 840 841 769 768 768 780 841 842 777 776 776 786 842 843 796 793 793 792 843 844 789 785 785 784 844 845 788 787 787 799 845 846 809 806 806 805 846 847 802 798 798 797 847 848 801 800 800 812 848 849 782 781 781 817 849 850 814 811 811 810 850 851 813 779 779 778 851 852 826 823 823 822 852 853 820 804 804 803 853 854 808 807 807 829 854 855 819 818 818 834 855 856 831 828 828 827 856 857 830 816 816 815 857 
						858 836 791 791 790 858 859 795 794 794 821 859 860 825 824 824 838 860 861 835 771 771 770 861 862 775 774 774 837 862 863 839 833 833 832 863 
					</p>
				</polylist>
			</mesh>
		</geometry>
		<geometry id="meshId1" name="meshId1_name" >
			<mesh>
				<source id="meshId1-positions" name="meshId1-positions">
					<float_array id="meshId1-positions-array" count="2016"> 
						-1.981715 0.720399 3.007674 -1.981715 0.703428 3.000644 -1.556803 0.703428 3.000644 -1.556803 0.720399 3.007674 -1.981715 0.703428 3.000644 -1.981715 0.696399 2.983673 -1.556803 0.696399 2.983673 -1.556803 0.703428 3.000644 -2.005715 0.720399 2.983673 -1.998686 0.720399 3.000644 -1.998686 0.768410 3.000644 -2.005715 0.768410 2.983673 -1.998686 0.720399 3.000644 -1.981715 0.768410 3.007674 -1.998686 0.768410 3.000644 -1.998686 0.703428 2.983673 -1.998686 0.703428 -3.832805 -1.981715 0.696399 -3.832805 -1.998686 0.703428 2.983673 -2.005715 0.720399 -3.832805 -1.998686 0.703428 -3.832805 -1.981715 0.703428 -3.849776 -1.556803 0.703428 -3.849776 -1.556803 0.696399 -3.832805 -1.981715 0.703428 -3.849776 -1.981715 0.720399 -3.856806 -1.556803 0.720399 -3.856806 -1.556803 0.703428 -3.849776 -1.998686 0.720399 -3.849776 -1.998686 0.768410 -3.849776 -1.981715 0.768410 -3.856806 -1.998686 0.720399 -3.849776 -2.005715 0.768410 -3.832805 -1.998686 0.768410 -3.849776 -1.981715 0.785382 -3.849776 -1.556803 0.785382 -3.849776 -1.556803 0.768410 -3.856806 -1.981715 0.785382 -3.849776 -1.981715 0.792411 -3.832805 -1.556803 0.792411 -3.832805 -1.556803 0.785382 -3.849776 -1.998686 0.785382 -3.832805 -1.998686 0.785382 2.983673 -1.981715 0.792411 2.983673 -1.998686 0.785382 -3.832805 -1.998686 0.785382 2.983673 -1.981715 0.785382 3.000644 -1.556803 0.785382 3.000644 -1.556803 0.792411 2.983673 -1.981715 0.785382 3.000644 -1.556803 0.768410 3.007674 -1.556803 0.785382 3.000644 -1.539832 0.768410 -3.849776 -1.539832 0.720399 -3.849776 -1.539832 0.768410 -3.849776 -1.532803 0.768410 -3.832805 -1.532803 0.720399 -3.832805 -1.539832 0.720399 -3.849776 -1.539832 0.785382 -3.832805 -1.539832 0.785382 2.983673 -1.532803 0.768410 2.983673 -1.539832 0.785382 -3.832805 -1.539832 0.785382 2.983673 -1.539832 0.768410 3.000644 
						-1.539832 0.720399 3.000644 -1.532803 0.720399 2.983673 -1.539832 0.768410 3.000644 -1.539832 0.720399 3.000644 -1.539832 0.703428 -3.832805 -1.539832 0.703428 2.983673 -1.539832 0.703428 -3.832805 -1.539832 0.703428 2.983673 -1.995567 0.706547 2.997525 -1.995567 0.706547 2.997525 -1.995567 0.706547 2.997525 -1.995567 0.706547 -3.846657 -1.995567 0.706547 -3.846657 -1.995567 0.706547 -3.846657 -1.995567 0.782262 -3.846657 -1.995567 0.782262 -3.846657 -1.995567 0.782262 -3.846657 -1.995567 0.782262 2.997525 -1.995567 0.782262 2.997525 -1.995567 0.782262 2.997525 -1.542951 0.782262 -3.846657 -1.542951 0.782262 -3.846657 -1.542951 0.782262 -3.846657 -1.542951 0.782262 2.997525 -1.542951 0.782262 2.997525 -1.542951 0.782262 2.997525 -1.542951 0.706547 -3.846657 -1.542951 0.706547 -3.846657 -1.542951 0.706547 -3.846657 -1.542951 0.706547 2.997525 -1.542951 0.706547 2.997525 -1.542951 0.706547 2.997525 -2.667379 0.539552 -0.231743 -2.684350 0.546581 -0.231743 -2.684350 0.546581 -0.414395 -2.667379 0.539552 -0.414395 -2.684350 0.546581 -0.231743 -2.691380 0.563552 -0.231743 -2.691380 0.563552 -0.414395 -2.684350 0.546581 -0.414395 -2.667379 0.563552 -0.207742 -2.667379 0.546581 -0.214772 2.722468 0.546581 -0.214772 2.722468 0.563552 -0.207742 -2.667379 0.546581 -0.214772 2.722468 0.539552 -0.231743 2.722468 0.546581 -0.214772 -2.684350 0.563552 -0.214772 -2.684350 0.675551 -0.214772 -2.691380 0.675551 -0.231743 -2.684350 0.563552 -0.214772 -2.667379 0.675551 -0.207742 -2.684350 0.675551 -0.214772 2.746469 0.563552 -0.231743 2.739439 0.546581 -0.231743 2.739439 0.546581 -0.414395 2.746469 0.563552 -0.414395 2.739439 0.546581 -0.231743 2.722468 0.539552 -0.414395 2.739439 0.546581 -0.414395 2.739439 0.563552 -0.214772 2.739439 0.675551 -0.214772 2.722468 0.675551 -0.207742 2.739439 0.563552 -0.214772 
						2.746469 0.675551 -0.231743 2.739439 0.675551 -0.214772 -2.684350 0.692522 -0.231743 -2.684350 0.692522 -0.414395 -2.691380 0.675551 -0.414395 -2.684350 0.692522 -0.231743 -2.667379 0.699552 -0.231743 -2.667379 0.699552 -0.414395 -2.684350 0.692522 -0.414395 -2.667379 0.692522 -0.214772 2.722468 0.692522 -0.214772 2.722468 0.699552 -0.231743 -2.667379 0.692522 -0.214772 2.722468 0.692522 -0.214772 2.739439 0.692522 -0.231743 2.739439 0.692522 -0.414395 2.722468 0.699552 -0.414395 2.739439 0.692522 -0.231743 2.746469 0.675551 -0.414395 2.739439 0.692522 -0.414395 -2.684350 0.675551 -0.431366 -2.684350 0.563552 -0.431366 -2.684350 0.675551 -0.431366 -2.667379 0.675551 -0.438395 -2.667379 0.563552 -0.438395 -2.684350 0.563552 -0.431366 -2.667379 0.692522 -0.431366 2.722468 0.692522 -0.431366 2.722468 0.675551 -0.438395 -2.667379 0.692522 -0.431366 2.722468 0.692522 -0.431366 2.739439 0.675551 -0.431366 2.739439 0.563552 -0.431366 2.722468 0.563552 -0.438395 2.739439 0.675551 -0.431366 2.739439 0.563552 -0.431366 -2.667379 0.546581 -0.431366 2.722468 0.546581 -0.431366 -2.667379 0.546581 -0.431366 2.722468 0.546581 -0.431366 -2.681231 0.549700 -0.217891 -2.681231 0.549700 -0.217891 -2.681231 0.549700 -0.217891 2.736320 0.549700 -0.217891 2.736320 0.549700 -0.217891 2.736320 0.549700 -0.217891 -2.681231 0.689403 -0.217891 -2.681231 0.689403 -0.217891 -2.681231 0.689403 -0.217891 2.736320 0.689403 -0.217891 2.736320 0.689403 -0.217891 2.736320 0.689403 -0.217891 -2.681231 0.689403 -0.428247 -2.681231 0.689403 -0.428247 -2.681231 0.689403 -0.428247 2.736320 0.689403 -0.428247 2.736320 0.689403 -0.428247 2.736320 0.689403 -0.428247 -2.681231 0.549700 -0.428247 -2.681231 0.549700 -0.428247 -2.681231 0.549700 -0.428247 2.736320 0.549700 -0.428247 2.736320 0.549700 -0.428247 2.736320 0.549700 -0.428247 
						2.036804 0.696399 2.983673 2.036804 0.703428 3.000644 1.611893 0.703428 3.000644 1.611893 0.696399 2.983673 2.036804 0.703428 3.000644 2.036804 0.720399 3.007674 1.611893 0.720399 3.007674 1.611893 0.703428 3.000644 2.060804 0.720399 2.983673 2.053775 0.703428 2.983673 2.053775 0.703428 -3.832805 2.060804 0.720399 -3.832805 2.053775 0.703428 2.983673 2.036804 0.696399 -3.832805 2.053775 0.703428 -3.832805 2.053775 0.720399 3.000644 2.053775 0.768410 3.000644 2.036804 0.768410 3.007674 2.053775 0.720399 3.000644 2.060804 0.768410 2.983673 2.053775 0.768410 3.000644 2.036804 0.720399 -3.856806 2.036804 0.703428 -3.849776 1.611893 0.703428 -3.849776 1.611893 0.720399 -3.856806 2.036804 0.703428 -3.849776 1.611893 0.696399 -3.832805 1.611893 0.703428 -3.849776 2.053775 0.720399 -3.849776 2.053775 0.768410 -3.849776 2.060804 0.768410 -3.832805 2.053775 0.720399 -3.849776 2.036804 0.768410 -3.856806 2.053775 0.768410 -3.849776 2.036804 0.785382 3.000644 1.611893 0.785382 3.000644 1.611893 0.768410 3.007674 2.036804 0.785382 3.000644 2.036804 0.792411 2.983673 1.611893 0.792411 2.983673 1.611893 0.785382 3.000644 2.053775 0.785382 2.983673 2.053775 0.785382 -3.832805 2.036804 0.792411 -3.832805 2.053775 0.785382 2.983673 2.053775 0.785382 -3.832805 2.036804 0.785382 -3.849776 1.611893 0.785382 -3.849776 1.611893 0.792411 -3.832805 2.036804 0.785382 -3.849776 1.611893 0.768410 -3.856806 1.611893 0.785382 -3.849776 1.594922 0.768410 3.000644 1.594922 0.720399 3.000644 1.594922 0.768410 3.000644 1.587892 0.768410 2.983673 1.587892 0.720399 2.983673 1.594922 0.720399 3.000644 1.594922 0.785382 2.983673 1.594922 0.785382 -3.832805 1.587892 0.768410 -3.832805 1.594922 0.785382 2.983673 1.594922 0.785382 -3.832805 1.594922 0.768410 -3.849776 
						1.594922 0.720399 -3.849776 1.587892 0.720399 -3.832805 1.594922 0.768410 -3.849776 1.594922 0.720399 -3.849776 1.594922 0.703428 2.983673 1.594922 0.703428 -3.832805 1.594922 0.703428 2.983673 1.594922 0.703428 -3.832805 2.050656 0.706547 2.997525 2.050656 0.706547 2.997525 2.050656 0.706547 2.997525 2.050656 0.706547 -3.846657 2.050656 0.706547 -3.846657 2.050656 0.706547 -3.846657 2.050656 0.782262 2.997525 2.050656 0.782262 2.997525 2.050656 0.782262 2.997525 2.050656 0.782262 -3.846657 2.050656 0.782262 -3.846657 2.050656 0.782262 -3.846657 1.598041 0.782262 2.997525 1.598041 0.782262 2.997525 1.598041 0.782262 2.997525 1.598041 0.782262 -3.846657 1.598041 0.782262 -3.846657 1.598041 0.782262 -3.846657 1.598041 0.706547 2.997525 1.598041 0.706547 2.997525 1.598041 0.706547 2.997525 1.598041 0.706547 -3.846657 1.598041 0.706547 -3.846657 1.598041 0.706547 -3.846657 2.541013 0.785932 2.865478 2.541013 -0.242725 1.902394 2.746106 -0.242725 1.902394 2.746106 0.785932 2.865478 2.541013 -0.242725 1.735849 2.541013 0.785932 2.698933 2.746106 0.785932 2.698933 2.746106 -0.242725 1.735849 2.758263 0.785932 2.848825 2.758263 -0.242725 1.885741 2.758263 -0.242725 1.752502 2.758263 0.785932 2.715585 2.528857 0.785932 2.715585 2.528857 -0.242725 1.752502 2.528857 -0.242725 1.885741 2.528857 0.785932 2.848825 2.772409 -0.242725 2.734356 2.772409 0.785932 1.771272 2.977501 0.785932 1.771272 2.977501 -0.242725 2.734356 2.772409 0.785932 1.937817 2.772409 -0.242725 2.900901 2.977501 -0.242725 2.900901 2.977501 0.785932 1.937817 2.989658 -0.242725 2.751008 2.989658 0.785932 1.787925 2.989658 0.785932 1.921164 2.989658 -0.242725 2.884248 2.760252 -0.242725 2.884248 2.760252 0.785932 1.921164 2.760252 0.785932 1.787925 2.760252 -0.242725 2.751008 
						-2.488174 -0.242725 1.902394 -2.488174 0.785932 2.865478 -2.693267 0.785932 2.865478 -2.693267 -0.242725 1.902394 -2.488174 0.785932 2.698933 -2.488174 -0.242725 1.735849 -2.693267 -0.242725 1.735849 -2.693267 0.785932 2.698933 -2.705424 -0.242725 1.885741 -2.705424 0.785932 2.848825 -2.705424 0.785932 2.715585 -2.705424 -0.242725 1.752502 -2.476018 -0.242725 1.752502 -2.476018 0.785932 2.715585 -2.476018 0.785932 2.848825 -2.476018 -0.242725 1.885741 -2.719569 0.785932 1.771272 -2.719569 -0.242725 2.734356 -2.924662 -0.242725 2.734356 -2.924662 0.785932 1.771272 -2.719569 -0.242725 2.900901 -2.719569 0.785932 1.937817 -2.924662 0.785932 1.937817 -2.924662 -0.242725 2.900901 -2.936818 0.785932 1.787925 -2.936818 -0.242725 2.751008 -2.936818 -0.242725 2.884248 -2.936818 0.785932 1.921164 -2.707412 0.785932 1.921164 -2.707412 -0.242725 2.884248 -2.707412 -0.242725 2.751008 -2.707412 0.785932 1.787925 2.532417 -0.242725 1.897517 2.532417 0.785932 2.860600 2.532417 -0.242725 1.897517 2.532417 0.785932 2.860600 2.754702 -0.242725 1.897517 2.754702 0.785932 2.860600 2.754702 -0.242725 1.897517 2.754702 0.785932 2.860600 2.532417 0.785932 2.703810 2.532417 -0.242725 1.740726 2.532417 0.785932 2.703810 2.532417 -0.242725 1.740726 2.754702 0.785932 2.703810 2.754702 -0.242725 1.740726 2.754702 0.785932 2.703810 2.754702 -0.242725 1.740726 2.986097 -0.242725 2.739233 2.986097 0.785932 1.776150 2.986097 -0.242725 2.739233 2.986097 0.785932 1.776150 2.763813 -0.242725 2.739233 2.763813 0.785932 1.776150 2.763813 -0.242725 2.739233 2.763813 0.785932 1.776150 2.986097 0.785932 1.932939 2.986097 -0.242725 2.896024 2.986097 0.785932 1.932939 2.986097 -0.242725 2.896024 2.763813 0.785932 1.932939 2.763813 -0.242725 2.896024 2.763813 0.785932 1.932939 2.763813 -0.242725 2.896024 
						-2.701863 -0.242725 1.897517 -2.701863 0.785932 2.860600 -2.701863 -0.242725 1.897517 -2.701863 0.785932 2.860600 -2.479578 -0.242725 1.897517 -2.479578 0.785932 2.860600 -2.479578 -0.242725 1.897517 -2.479578 0.785932 2.860600 -2.701863 0.785932 2.703810 -2.701863 -0.242725 1.740726 -2.701863 0.785932 2.703810 -2.701863 -0.242725 1.740726 -2.479578 0.785932 2.703810 -2.479578 -0.242725 1.740726 -2.479578 0.785932 2.703810 -2.479578 -0.242725 1.740726 -2.710973 -0.242725 2.739233 -2.710973 0.785932 1.776150 -2.710973 -0.242725 2.739233 -2.710973 0.785932 1.776150 -2.933258 -0.242725 2.739233 -2.933258 0.785932 1.776150 -2.933258 -0.242725 2.739233 -2.933258 0.785932 1.776150 -2.710973 0.785932 1.932939 -2.710973 -0.242725 2.896024 -2.710973 0.785932 1.932939 -2.710973 -0.242725 2.896024 -2.933258 0.785932 1.932939 -2.933258 -0.242725 2.896024 -2.933258 0.785932 1.932939 -2.933258 -0.242725 2.896024 2.408730 1.429026 1.197527 2.408730 -0.244482 -1.393767 2.733331 -0.244482 -1.393767 2.733331 1.429026 1.197527 2.408730 -0.244482 -1.841877 2.408730 1.429026 0.749417 2.733331 1.429026 0.749417 2.733331 -0.244482 -1.841877 2.757639 1.429026 1.152720 2.757639 -0.244482 -1.438573 2.757639 -0.244482 -1.797071 2.757639 1.429026 0.794223 2.384422 1.429026 0.794223 2.384422 -0.244482 -1.797071 2.384422 -0.244482 -1.438573 2.384422 1.429026 1.152720 2.785184 -0.244482 0.751153 2.785184 1.429026 -1.840140 3.109785 1.429026 -1.840140 3.109785 -0.244482 0.751153 2.785184 1.429026 -1.392030 2.785184 -0.244482 1.199264 3.109785 -0.244482 1.199264 3.109785 1.429026 -1.392030 3.134093 -0.244482 0.795960 3.134093 1.429026 -1.795333 3.134093 1.429026 -1.436837 3.134093 -0.244482 1.154458 2.760876 -0.244482 1.154458 2.760876 1.429026 -1.436837 2.760876 1.429026 -1.795333 2.760876 -0.244482 0.795960 
						-2.353641 -0.244482 -1.393767 -2.353641 1.429026 1.197527 -2.678242 1.429026 1.197527 -2.678242 -0.244482 -1.393767 -2.353641 1.429026 0.749417 -2.353641 -0.244482 -1.841877 -2.678242 -0.244482 -1.841877 -2.678242 1.429026 0.749417 -2.702550 -0.244482 -1.438573 -2.702550 1.429026 1.152720 -2.702550 1.429026 0.794223 -2.702550 -0.244482 -1.797071 -2.329333 -0.244482 -1.797071 -2.329333 1.429026 0.794223 -2.329333 1.429026 1.152720 -2.329333 -0.244482 -1.438573 -2.730095 1.429026 -1.840140 -2.730095 -0.244482 0.751153 -3.054696 -0.244482 0.751153 -3.054696 1.429026 -1.840140 -2.730095 -0.244482 1.199264 -2.730095 1.429026 -1.392030 -3.054696 1.429026 -1.392030 -3.054696 -0.244482 1.199264 -3.079004 1.429026 -1.795333 -3.079004 -0.244482 0.795960 -3.079004 -0.244482 1.154458 -3.079004 1.429026 -1.436837 -2.705786 1.429026 -1.436837 -2.705786 -0.244482 1.154458 -2.705786 -0.244482 0.795960 -2.705786 1.429026 -1.795333 2.391541 -0.244482 -1.406890 2.391541 1.429026 1.184403 2.391541 -0.244482 -1.406890 2.391541 1.429026 1.184403 2.750520 -0.244482 -1.406890 2.750520 1.429026 1.184403 2.750520 -0.244482 -1.406890 2.750520 1.429026 1.184403 2.391541 1.429026 0.762540 2.391541 -0.244482 -1.828754 2.391541 1.429026 0.762540 2.391541 -0.244482 -1.828754 2.750520 1.429026 0.762540 2.750520 -0.244482 -1.828754 2.750520 1.429026 0.762540 2.750520 -0.244482 -1.828754 3.126973 -0.244482 0.764277 3.126973 1.429026 -1.827016 3.126973 -0.244482 0.764277 3.126973 1.429026 -1.827016 2.767995 -0.244482 0.764277 2.767995 1.429026 -1.827016 2.767995 -0.244482 0.764277 2.767995 1.429026 -1.827016 3.126973 1.429026 -1.405154 3.126973 -0.244482 1.186141 3.126973 1.429026 -1.405154 3.126973 -0.244482 1.186141 2.767995 1.429026 -1.405154 2.767995 -0.244482 1.186141 2.767995 1.429026 -1.405154 2.767995 -0.244482 1.186141 
						-2.695430 -0.244482 -1.406890 -2.695430 1.429026 1.184403 -2.695430 -0.244482 -1.406890 -2.695430 1.429026 1.184403 -2.336452 -0.244482 -1.406890 -2.336452 1.429026 1.184403 -2.336452 -0.244482 -1.406890 -2.336452 1.429026 1.184403 -2.695430 1.429026 0.762540 -2.695430 -0.244482 -1.828754 -2.695430 1.429026 0.762540 -2.695430 -0.244482 -1.828754 -2.336452 1.429026 0.762540 -2.336452 -0.244482 -1.828754 -2.336452 1.429026 0.762540 -2.336452 -0.244482 -1.828754 -2.712906 -0.244482 0.764277 -2.712906 1.429026 -1.827016 -2.712906 -0.244482 0.764277 -2.712906 1.429026 -1.827016 -3.071884 -0.244482 0.764277 -3.071884 1.429026 -1.827016 -3.071884 -0.244482 0.764277 -3.071884 1.429026 -1.827016 -2.712906 1.429026 -1.405154 -2.712906 -0.244482 1.186141 -2.712906 1.429026 -1.405154 -2.712906 -0.244482 1.186141 -3.071884 1.429026 -1.405154 -3.071884 -0.244482 1.186141 -3.071884 1.429026 -1.405154 -3.071884 -0.244482 1.186141 2.541013 0.785932 -2.473439 2.541013 -0.242725 -3.436522 2.746106 -0.242725 -3.436522 2.746106 0.785932 -2.473439 2.541013 -0.242725 -3.603068 2.541013 0.785932 -2.639984 2.746106 0.785932 -2.639984 2.746106 -0.242725 -3.603068 2.758263 0.785932 -2.490091 2.758263 -0.242725 -3.453175 2.758263 -0.242725 -3.586415 2.758263 0.785932 -2.623331 2.528857 0.785932 -2.623331 2.528857 -0.242725 -3.586415 2.528857 -0.242725 -3.453175 2.528857 0.785932 -2.490091 2.772409 -0.242725 -2.604561 2.772409 0.785932 -3.567644 2.977501 0.785932 -3.567644 2.977501 -0.242725 -2.604561 2.772409 0.785932 -3.401099 2.772409 -0.242725 -2.438015 2.977501 -0.242725 -2.438015 2.977501 0.785932 -3.401099 2.989658 -0.242725 -2.587908 2.989658 0.785932 -3.550991 2.989658 0.785932 -3.417752 2.989658 -0.242725 -2.454668 2.760252 -0.242725 -2.454668 2.760252 0.785932 -3.417752 2.760252 0.785932 -3.550991 2.760252 -0.242725 -2.587908 
						-2.488174 -0.242725 -3.436522 -2.488174 0.785932 -2.473439 -2.693267 0.785932 -2.473439 -2.693267 -0.242725 -3.436522 -2.488174 0.785932 -2.639984 -2.488174 -0.242725 -3.603068 -2.693267 -0.242725 -3.603068 -2.693267 0.785932 -2.639984 -2.705424 -0.242725 -3.453175 -2.705424 0.785932 -2.490091 -2.705424 0.785932 -2.623331 -2.705424 -0.242725 -3.586415 -2.476018 -0.242725 -3.586415 -2.476018 0.785932 -2.623331 -2.476018 0.785932 -2.490091 -2.476018 -0.242725 -3.453175 -2.719569 0.785932 -3.567644 -2.719569 -0.242725 -2.604561 -2.924662 -0.242725 -2.604561 -2.924662 0.785932 -3.567644 -2.719569 -0.242725 -2.438015 -2.719569 0.785932 -3.401099 -2.924662 0.785932 -3.401099 -2.924662 -0.242725 -2.438015 -2.936818 0.785932 -3.550991 -2.936818 -0.242725 -2.587908 -2.936818 -0.242725 -2.454668 -2.936818 0.785932 -3.417752 -2.707412 0.785932 -3.417752 -2.707412 -0.242725 -2.454668 -2.707412 -0.242725 -2.587908 -2.707412 0.785932 -3.550991 2.532417 -0.242725 -3.441399 2.532417 0.785932 -2.478316 2.532417 -0.242725 -3.441399 2.532417 0.785932 -2.478316 2.754702 -0.242725 -3.441399 2.754702 0.785932 -2.478316 2.754702 -0.242725 -3.441399 2.754702 0.785932 -2.478316 2.532417 0.785932 -2.635106 2.532417 -0.242725 -3.598190 2.532417 0.785932 -2.635106 2.532417 -0.242725 -3.598190 2.754702 0.785932 -2.635106 2.754702 -0.242725 -3.598190 2.754702 0.785932 -2.635106 2.754702 -0.242725 -3.598190 2.986097 -0.242725 -2.599683 2.986097 0.785932 -3.562767 2.986097 -0.242725 -2.599683 2.986097 0.785932 -3.562767 2.763813 -0.242725 -2.599683 2.763813 0.785932 -3.562767 2.763813 -0.242725 -2.599683 2.763813 0.785932 -3.562767 2.986097 0.785932 -3.405977 2.986097 -0.242725 -2.442893 2.986097 0.785932 -3.405977 2.986097 -0.242725 -2.442893 2.763813 0.785932 -3.405977 2.763813 -0.242725 -2.442893 2.763813 0.785932 -3.405977 2.763813 -0.242725 -2.442893 
						-2.701863 -0.242725 -3.441399 -2.701863 0.785932 -2.478316 -2.701863 -0.242725 -3.441399 -2.701863 0.785932 -2.478316 -2.479578 -0.242725 -3.441399 -2.479578 0.785932 -2.478316 -2.479578 -0.242725 -3.441399 -2.479578 0.785932 -2.478316 -2.701863 0.785932 -2.635106 -2.701863 -0.242725 -3.598190 -2.701863 0.785932 -2.635106 -2.701863 -0.242725 -3.598190 -2.479578 0.785932 -2.635106 -2.479578 -0.242725 -3.598190 -2.479578 0.785932 -2.635106 -2.479578 -0.242725 -3.598190 -2.710973 -0.242725 -2.599683 -2.710973 0.785932 -3.562767 -2.710973 -0.242725 -2.599683 -2.710973 0.785932 -3.562767 -2.933258 -0.242725 -2.599683 -2.933258 0.785932 -3.562767 -2.933258 -0.242725 -2.599683 -2.933258 0.785932 -3.562767 -2.710973 0.785932 -3.405977 -2.710973 -0.242725 -2.442893 -2.710973 0.785932 -3.405977 -2.710973 -0.242725 -2.442893 -2.933258 0.785932 -3.405977 -2.933258 -0.242725 -2.442893 -2.933258 0.785932 -3.405977 -2.933258 -0.242725 -2.442893 
					</float_array>
					<technique_common>
						<accessor count="672" offset="0" source="#meshId1-positions-array" stride="3">
							<param name="X" type="float" />
							<param name="Y" type="float" />
							<param name="Z" type="float" />
						</accessor>
					</technique_common>
				</source>
				<source id="meshId1-normals" name="meshId1-normals">
					<float_array id="meshId1-normals-array" count="2016"> 
						-0.014426 -0.106401 0.994219 -0.009921 -0.381552 0.924294 0.009921 -0.381552 0.924294 0.014426 -0.106401 0.994219 -0.009921 -0.924291 0.381559 -0.015893 -0.999873 0.001015 0.015893 -0.999873 0.001015 0.009921 -0.924291 0.381559 -0.994207 -0.107475 0.000931 -0.924788 -0.071422 0.373720 -0.924788 0.071423 0.373720 -0.994207 0.107475 0.000931 -0.373722 -0.071420 0.924787 -0.014426 0.106401 0.994219 -0.373722 0.071421 0.924787 -0.382611 -0.923909 0.000636 -0.382611 -0.923909 -0.000636 -0.015893 -0.999873 -0.001015 -0.923912 -0.382605 0.000636 -0.994207 -0.107475 -0.000931 -0.923912 -0.382605 -0.000636 -0.009921 -0.924291 -0.381559 0.009921 -0.924291 -0.381559 0.015893 -0.999873 -0.001015 -0.009921 -0.381552 -0.924294 -0.014426 -0.106401 -0.994219 0.014426 -0.106401 -0.994219 0.009921 -0.381552 -0.924294 -0.373722 -0.071420 -0.924787 -0.373721 0.071420 -0.924787 -0.014426 0.106401 -0.994219 -0.924789 -0.071422 -0.373716 -0.994207 0.107475 -0.000931 -0.924789 0.071422 -0.373716 -0.009921 0.381551 -0.924295 0.009921 0.381551 -0.924295 0.014426 0.106401 -0.994219 -0.009921 0.924292 -0.381556 -0.015893 0.999873 -0.001015 0.015893 0.999873 -0.001015 0.009921 0.924293 -0.381556 -0.382611 0.923909 -0.000636 -0.382611 0.923909 0.000636 -0.015893 0.999873 0.001015 -0.923912 0.382605 -0.000636 -0.923912 0.382605 0.000636 -0.009921 0.924293 0.381556 0.009921 0.924293 0.381556 0.015893 0.999873 0.001015 -0.009921 0.381551 0.924295 0.014426 0.106401 0.994219 0.009921 0.381551 0.924295 0.373722 0.071421 -0.924787 0.373721 -0.071421 -0.924787 0.924788 0.071418 -0.373721 0.994207 0.107477 -0.000931 0.994207 -0.107477 -0.000931 0.924787 -0.071420 -0.373721 0.923909 0.382611 -0.000636 0.923909 0.382611 0.000636 0.994207 0.107477 0.000931 0.382614 0.923908 -0.000636 0.382614 0.923908 0.000636 0.924786 0.071420 0.373725 
						0.924786 -0.071420 0.373725 0.994207 -0.107477 0.000931 0.373722 0.071421 0.924787 0.373722 -0.071421 0.924787 0.382614 -0.923908 -0.000636 0.382614 -0.923908 0.000636 0.923909 -0.382611 -0.000636 0.923909 -0.382611 0.000636 -0.325274 -0.887916 0.325273 -0.325283 -0.325267 0.887915 -0.887917 -0.325274 0.325268 -0.325283 -0.325267 -0.887915 -0.325270 -0.887917 -0.325274 -0.887916 -0.325276 -0.325270 -0.325270 0.887914 -0.325282 -0.325280 0.325267 -0.887916 -0.887915 0.325278 -0.325272 -0.325283 0.325267 0.887914 -0.325273 0.887914 0.325280 -0.887916 0.325276 0.325270 0.887919 0.325264 -0.325273 0.325282 0.325268 -0.887915 0.325265 0.887918 -0.325276 0.325282 0.325268 0.887915 0.887920 0.325265 0.325271 0.325269 0.887916 0.325276 0.325267 -0.887919 -0.325271 0.325278 -0.325268 -0.887916 0.887917 -0.325269 -0.325275 0.325282 -0.325268 0.887915 0.325269 -0.887919 0.325269 0.887919 -0.325264 0.325273 -0.001261 -0.999381 0.035157 -0.380108 -0.924675 0.022225 -0.380108 -0.924675 -0.022225 -0.001261 -0.999381 -0.035157 -0.924679 -0.380098 0.022225 -0.998030 -0.052953 0.033644 -0.998030 -0.052953 -0.033644 -0.924679 -0.380099 -0.022225 -0.001239 -0.054372 0.998520 -0.000803 -0.382594 0.923916 0.000803 -0.382594 0.923916 0.001239 -0.054372 0.998520 -0.000803 -0.923917 0.382592 0.001261 -0.999381 0.035157 0.000803 -0.923917 0.382592 -0.924922 -0.034814 0.378559 -0.924922 0.034814 0.378559 -0.998030 0.052953 0.033644 -0.378564 -0.034814 0.924920 -0.001239 0.054372 0.998520 -0.378564 0.034814 0.924920 0.998030 -0.052953 0.033644 0.924679 -0.380099 0.022225 0.924679 -0.380098 -0.022225 0.998030 -0.052953 -0.033644 0.380108 -0.924675 0.022225 0.001261 -0.999381 -0.035157 0.380108 -0.924675 -0.022225 0.378564 -0.034814 0.924920 0.378564 0.034814 0.924920 0.001239 0.054372 0.998520 0.924922 -0.034814 0.378559 
						0.998030 0.052953 0.033644 0.924922 0.034814 0.378559 -0.924679 0.380099 0.022225 -0.924679 0.380098 -0.022225 -0.998030 0.052953 -0.033644 -0.380108 0.924675 0.022225 -0.001261 0.999381 0.035157 -0.001261 0.999381 -0.035157 -0.380108 0.924675 -0.022225 -0.000803 0.923915 0.382596 0.000803 0.923915 0.382596 0.001261 0.999381 0.035157 -0.000803 0.382594 0.923916 0.000803 0.382594 0.923916 0.380108 0.924675 0.022225 0.380108 0.924675 -0.022225 0.001261 0.999381 -0.035157 0.924679 0.380098 0.022225 0.998030 0.052953 -0.033644 0.924679 0.380099 -0.022225 -0.924922 0.034814 -0.378559 -0.924922 -0.034814 -0.378559 -0.378564 0.034814 -0.924920 -0.001239 0.054372 -0.998520 -0.001239 -0.054372 -0.998520 -0.378564 -0.034814 -0.924920 -0.000803 0.382594 -0.923916 0.000803 0.382594 -0.923916 0.001239 0.054372 -0.998520 -0.000803 0.923915 -0.382596 0.000803 0.923915 -0.382596 0.378564 0.034814 -0.924920 0.378564 -0.034814 -0.924920 0.001239 -0.054372 -0.998520 0.924922 0.034814 -0.378559 0.924922 -0.034814 -0.378559 -0.000803 -0.923917 -0.382592 0.000803 -0.923917 -0.382592 -0.000803 -0.382594 -0.923916 0.000803 -0.382594 -0.923916 -0.887919 -0.325265 0.325272 -0.325269 -0.887919 0.325269 -0.325270 -0.325270 0.887918 0.325268 -0.887919 0.325270 0.887918 -0.325269 0.325271 0.325270 -0.325270 0.887918 -0.325268 0.887919 0.325270 -0.887918 0.325269 0.325271 -0.325270 0.325270 0.887918 0.887919 0.325265 0.325272 0.325269 0.887918 0.325271 0.325270 0.325270 0.887918 -0.325270 0.325270 -0.887918 -0.887919 0.325265 -0.325272 -0.325269 0.887918 -0.325271 0.887918 0.325269 -0.325271 0.325270 0.325270 -0.887918 0.325268 0.887919 -0.325270 -0.325268 -0.887919 -0.325270 -0.887918 -0.325269 -0.325271 -0.325270 -0.325270 -0.887918 0.887919 -0.325265 -0.325272 0.325269 -0.887919 -0.325269 0.325270 -0.325270 -0.887918 
						0.015893 -0.999873 0.001015 0.009921 -0.924293 0.381556 -0.009921 -0.924293 0.381556 -0.015893 -0.999873 0.001015 0.009921 -0.381552 0.924294 0.014426 -0.106401 0.994219 -0.014426 -0.106401 0.994219 -0.009921 -0.381552 0.924294 0.994207 -0.107475 0.000931 0.923912 -0.382605 0.000636 0.923912 -0.382605 -0.000636 0.994207 -0.107475 -0.000931 0.382611 -0.923909 0.000636 0.015893 -0.999873 -0.001015 0.382611 -0.923909 -0.000636 0.373722 -0.071420 0.924787 0.373722 0.071420 0.924787 0.014426 0.106401 0.994219 0.924788 -0.071423 0.373720 0.994207 0.107475 0.000931 0.924788 0.071422 0.373720 0.014426 -0.106401 -0.994219 0.009921 -0.381552 -0.924294 -0.009921 -0.381552 -0.924294 -0.014426 -0.106401 -0.994219 0.009921 -0.924293 -0.381556 -0.015893 -0.999873 -0.001015 -0.009921 -0.924293 -0.381556 0.924789 -0.071422 -0.373716 0.924789 0.071422 -0.373716 0.994207 0.107475 -0.000931 0.373721 -0.071421 -0.924787 0.014426 0.106401 -0.994219 0.373722 0.071420 -0.924787 0.009921 0.381550 0.924295 -0.009921 0.381550 0.924295 -0.014426 0.106401 0.994219 0.009921 0.924293 0.381556 0.015893 0.999873 0.001015 -0.015893 0.999873 0.001015 -0.009921 0.924293 0.381556 0.382611 0.923909 0.000636 0.382611 0.923909 -0.000636 0.015893 0.999873 -0.001015 0.923912 0.382605 0.000636 0.923912 0.382605 -0.000636 0.009921 0.924292 -0.381556 -0.009921 0.924292 -0.381556 -0.015893 0.999873 -0.001015 0.009921 0.381551 -0.924295 -0.014426 0.106401 -0.994219 -0.009921 0.381550 -0.924295 -0.373722 0.071421 0.924787 -0.373722 -0.071421 0.924787 -0.924785 0.071424 0.373725 -0.994207 0.107479 0.000931 -0.994207 -0.107479 0.000931 -0.924786 -0.071423 0.373725 -0.923906 0.382618 0.000636 -0.923906 0.382618 -0.000636 -0.994207 0.107479 -0.000931 -0.382614 0.923908 0.000636 -0.382614 0.923908 -0.000636 -0.924787 0.071423 -0.373721 
						-0.924788 -0.071423 -0.373720 -0.994207 -0.107479 -0.000931 -0.373721 0.071421 -0.924787 -0.373722 -0.071421 -0.924787 -0.382614 -0.923908 0.000636 -0.382614 -0.923908 -0.000636 -0.923906 -0.382618 0.000636 -0.923906 -0.382618 -0.000636 0.325283 -0.325267 0.887915 0.325274 -0.887915 0.325274 0.887916 -0.325276 0.325270 0.325271 -0.887917 -0.325274 0.325280 -0.325267 -0.887916 0.887914 -0.325278 -0.325272 0.325273 0.887913 0.325281 0.325283 0.325267 0.887915 0.887917 0.325274 0.325268 0.325283 0.325267 -0.887914 0.325270 0.887915 -0.325280 0.887916 0.325276 -0.325270 -0.887913 0.325282 0.325271 -0.325281 0.325269 0.887914 -0.325271 0.887915 0.325278 -0.325278 0.325270 -0.887915 -0.887912 0.325283 -0.325273 -0.325268 0.887916 -0.325278 -0.325272 -0.887916 0.325273 -0.325281 -0.325269 0.887914 -0.887915 -0.325279 0.325269 -0.325282 -0.325270 -0.887914 -0.325269 -0.887918 -0.325273 -0.887913 -0.325282 -0.325271 -0.013128 -0.683398 0.729928 -0.020131 -0.683319 0.729843 0.020131 -0.683318 0.729843 0.013128 -0.683398 0.729928 -0.013127 0.683398 -0.729928 -0.020130 0.683318 -0.729843 0.020130 0.683318 -0.729843 0.013127 0.683398 -0.729928 0.996658 -0.055825 0.059628 0.999914 -0.008944 0.009553 0.996658 0.055826 -0.059627 0.999914 0.008943 -0.009553 -0.999914 0.008945 -0.009553 -0.996658 0.055829 -0.059627 -0.999914 -0.008942 0.009553 -0.996658 -0.055827 0.059628 -0.020130 -0.683319 -0.729842 -0.013127 -0.683398 -0.729928 0.013127 -0.683398 -0.729928 0.020130 -0.683319 -0.729843 -0.020130 0.683319 0.729842 -0.013128 0.683399 0.729927 0.013128 0.683399 0.729927 0.020130 0.683319 0.729842 0.999914 -0.008943 -0.009553 0.996659 -0.055823 -0.059627 0.999914 0.008943 0.009553 0.996659 0.055824 0.059627 -0.996658 0.055829 0.059627 -0.999914 0.008945 0.009553 -0.996659 -0.055822 -0.059627 -0.999914 -0.008942 -0.009553 
						0.020131 -0.683318 0.729843 0.013128 -0.683398 0.729928 -0.013128 -0.683398 0.729928 -0.020131 -0.683318 0.729843 0.020130 0.683318 -0.729843 0.013127 0.683398 -0.729928 -0.013127 0.683398 -0.729928 -0.020130 0.683319 -0.729843 -0.999914 -0.008944 0.009553 -0.996658 -0.055828 0.059628 -0.999914 0.008943 -0.009553 -0.996658 0.055827 -0.059627 0.996658 0.055826 -0.059627 0.999914 0.008943 -0.009553 0.996658 -0.055829 0.059628 0.999914 -0.008945 0.009553 0.013127 -0.683398 -0.729928 0.020130 -0.683318 -0.729843 -0.020130 -0.683318 -0.729843 -0.013127 -0.683398 -0.729928 0.013128 0.683398 0.729928 0.020130 0.683319 0.729843 -0.020130 0.683319 0.729843 -0.013128 0.683398 0.729928 -0.996658 -0.055828 -0.059627 -0.999914 -0.008944 -0.009553 -0.996658 0.055827 0.059627 -0.999914 0.008943 0.009553 0.999914 0.008944 0.009553 0.996658 0.055831 0.059627 0.999914 -0.008944 -0.009553 0.996659 -0.055824 -0.059627 -0.923873 -0.261561 0.279363 -0.923873 -0.261561 0.279363 -0.382697 -0.631428 0.674420 -0.382697 -0.631428 0.674420 0.382707 -0.631425 0.674417 0.382706 -0.631425 0.674417 0.923878 -0.261544 0.279365 0.923878 -0.261544 0.279365 -0.923879 0.261552 -0.279354 -0.923879 0.261552 -0.279354 -0.382682 0.631432 -0.674424 -0.382682 0.631432 -0.674424 0.382691 0.631429 -0.674422 0.382691 0.631429 -0.674422 0.923879 0.261552 -0.279354 0.923879 0.261552 -0.279354 0.923883 -0.261535 -0.279355 0.923883 -0.261535 -0.279355 0.382682 -0.631432 -0.674424 0.382682 -0.631432 -0.674424 -0.382677 -0.631443 -0.674417 -0.382677 -0.631443 -0.674417 -0.923883 -0.261535 -0.279355 -0.923883 -0.261535 -0.279355 0.923883 0.261535 0.279355 0.923883 0.261535 0.279355 0.382682 0.631432 0.674424 0.382682 0.631432 0.674424 -0.382682 0.631432 0.674424 -0.382682 0.631432 0.674424 -0.923879 0.261552 0.279354 -0.923879 0.261552 0.279354 
						-0.923873 -0.261561 0.279363 -0.923873 -0.261561 0.279363 -0.382697 -0.631428 0.674420 -0.382697 -0.631428 0.674420 0.382697 -0.631428 0.674420 0.382697 -0.631428 0.674420 0.923873 -0.261561 0.279363 0.923873 -0.261561 0.279363 -0.923879 0.261552 -0.279354 -0.923879 0.261552 -0.279354 -0.382682 0.631432 -0.674424 -0.382682 0.631432 -0.674424 0.382682 0.631432 -0.674424 0.382682 0.631432 -0.674424 0.923879 0.261552 -0.279354 0.923879 0.261552 -0.279354 0.923883 -0.261535 -0.279355 0.923883 -0.261535 -0.279355 0.382682 -0.631432 -0.674424 0.382682 -0.631432 -0.674424 -0.382682 -0.631432 -0.674424 -0.382682 -0.631432 -0.674424 -0.923879 -0.261552 -0.279354 -0.923879 -0.261552 -0.279354 0.923874 0.261569 0.279353 0.923874 0.261569 0.279353 0.382682 0.631432 0.674424 0.382682 0.631432 0.674424 -0.382682 0.631432 0.674424 -0.382682 0.631432 0.674424 -0.923879 0.261552 0.279354 -0.923879 0.261552 0.279354 -0.013975 -0.839963 0.542464 -0.027444 -0.839728 0.542313 0.027444 -0.839728 0.542313 0.013975 -0.839963 0.542464 -0.013975 0.839963 -0.542464 -0.027444 0.839728 -0.542313 0.027444 0.839728 -0.542313 0.013975 0.839963 -0.542464 0.993311 -0.097001 0.062646 0.999964 -0.007154 0.004621 0.993311 0.097003 -0.062646 0.999964 0.007155 -0.004621 -0.999964 0.007155 -0.004621 -0.993311 0.097001 -0.062646 -0.999964 -0.007154 0.004621 -0.993311 -0.097003 0.062646 -0.027444 -0.839728 -0.542313 -0.013975 -0.839963 -0.542464 0.013975 -0.839963 -0.542464 0.027444 -0.839728 -0.542313 -0.027444 0.839728 0.542313 -0.013975 0.839963 0.542464 0.013975 0.839963 0.542464 0.027444 0.839728 0.542313 0.999964 -0.007154 -0.004621 0.993310 -0.097005 -0.062646 0.999964 0.007155 0.004621 0.993311 0.097002 0.062646 -0.993311 0.097003 0.062646 -0.999964 0.007154 0.004621 -0.993310 -0.097004 -0.062646 -0.999964 -0.007156 -0.004621 
						0.027444 -0.839728 0.542313 0.013975 -0.839963 0.542464 -0.013975 -0.839963 0.542464 -0.027444 -0.839728 0.542313 0.027444 0.839728 -0.542313 0.013975 0.839963 -0.542464 -0.013975 0.839963 -0.542464 -0.027444 0.839728 -0.542313 -0.999964 -0.007154 0.004621 -0.993311 -0.097001 0.062646 -0.999964 0.007155 -0.004621 -0.993311 0.097003 -0.062646 0.993311 0.097001 -0.062646 0.999964 0.007154 -0.004621 0.993310 -0.097004 0.062646 0.999964 -0.007155 0.004621 0.013975 -0.839963 -0.542464 0.027444 -0.839728 -0.542313 -0.027444 -0.839728 -0.542313 -0.013975 -0.839963 -0.542464 0.013975 0.839963 0.542464 0.027444 0.839728 0.542313 -0.027444 0.839728 0.542313 -0.013975 0.839963 0.542464 -0.993310 -0.097005 -0.062646 -0.999964 -0.007153 -0.004621 -0.993311 0.097002 0.062646 -0.999964 0.007156 0.004621 0.999964 0.007155 0.004621 0.993310 0.097004 0.062646 0.999964 -0.007155 -0.004621 0.993310 -0.097004 -0.062646 -0.923880 -0.321471 0.207610 -0.923880 -0.321471 0.207610 -0.382685 -0.776099 0.501222 -0.382684 -0.776099 0.501222 0.382685 -0.776099 0.501222 0.382685 -0.776099 0.501222 0.923882 -0.321464 0.207611 0.923882 -0.321464 0.207611 -0.923882 0.321464 -0.207611 -0.923882 0.321464 -0.207611 -0.382682 0.776102 -0.501218 -0.382682 0.776102 -0.501219 0.382685 0.776099 -0.501222 0.382685 0.776099 -0.501222 0.923880 0.321471 -0.207610 0.923880 0.321471 -0.207610 0.923877 -0.321479 -0.207610 0.923877 -0.321479 -0.207610 0.382685 -0.776099 -0.501222 0.382685 -0.776099 -0.501222 -0.382685 -0.776099 -0.501222 -0.382685 -0.776099 -0.501222 -0.923880 -0.321471 -0.207610 -0.923880 -0.321471 -0.207610 0.923882 0.321464 0.207611 0.923882 0.321464 0.207611 0.382685 0.776099 0.501222 0.382685 0.776099 0.501222 -0.382685 0.776099 0.501222 -0.382685 0.776099 0.501222 -0.923880 0.321471 0.207610 -0.923880 0.321471 0.207610 
						-0.923882 -0.321464 0.207611 -0.923882 -0.321464 0.207611 -0.382685 -0.776099 0.501222 -0.382685 -0.776099 0.501222 0.382685 -0.776099 0.501222 0.382684 -0.776099 0.501222 0.923880 -0.321471 0.207610 0.923880 -0.321471 0.207610 -0.923880 0.321471 -0.207610 -0.923880 0.321471 -0.207610 -0.382685 0.776099 -0.501222 -0.382685 0.776099 -0.501222 0.382682 0.776102 -0.501218 0.382682 0.776102 -0.501219 0.923882 0.321464 -0.207611 0.923882 0.321464 -0.207611 0.923880 -0.321471 -0.207610 0.923880 -0.321471 -0.207610 0.382685 -0.776099 -0.501222 0.382685 -0.776099 -0.501222 -0.382687 -0.776096 -0.501225 -0.382687 -0.776096 -0.501225 -0.923877 -0.321479 -0.207610 -0.923877 -0.321479 -0.207610 0.923880 0.321471 0.207610 0.923880 0.321471 0.207610 0.382685 0.776099 0.501222 0.382685 0.776099 0.501222 -0.382685 0.776099 0.501222 -0.382685 0.776099 0.501222 -0.923882 0.321464 0.207611 -0.923882 0.321464 0.207611 -0.013127 -0.683398 0.729928 -0.020129 -0.683319 0.729843 0.020129 -0.683319 0.729843 0.013127 -0.683398 0.729928 -0.013127 0.683398 -0.729928 -0.020130 0.683319 -0.729843 0.020130 0.683319 -0.729843 0.013127 0.683398 -0.729928 0.996659 -0.055823 0.059627 0.999914 -0.008942 0.009553 0.996659 0.055824 -0.059627 0.999914 0.008944 -0.009553 -0.999914 0.008943 -0.009553 -0.996658 0.055826 -0.059627 -0.999914 -0.008944 0.009553 -0.996659 -0.055824 0.059627 -0.020130 -0.683318 -0.729843 -0.013128 -0.683398 -0.729928 0.013128 -0.683398 -0.729928 0.020131 -0.683318 -0.729843 -0.020131 0.683318 0.729843 -0.013128 0.683398 0.729928 0.013128 0.683398 0.729928 0.020131 0.683319 0.729842 0.999914 -0.008943 -0.009553 0.996659 -0.055823 -0.059627 0.999914 0.008944 0.009553 0.996659 0.055824 0.059628 -0.996658 0.055825 0.059628 -0.999914 0.008944 0.009553 -0.996658 -0.055827 -0.059627 -0.999914 -0.008943 -0.009553 
						0.020129 -0.683318 0.729843 0.013127 -0.683398 0.729928 -0.013127 -0.683398 0.729928 -0.020129 -0.683318 0.729843 0.020130 0.683319 -0.729843 0.013127 0.683398 -0.729928 -0.013127 0.683398 -0.729928 -0.020130 0.683318 -0.729843 -0.999914 -0.008944 0.009553 -0.996659 -0.055824 0.059627 -0.999914 0.008943 -0.009553 -0.996658 0.055826 -0.059627 0.996658 0.055828 -0.059627 0.999914 0.008945 -0.009553 0.996658 -0.055826 0.059627 0.999914 -0.008943 0.009553 0.013128 -0.683398 -0.729928 0.020130 -0.683318 -0.729843 -0.020131 -0.683318 -0.729843 -0.013128 -0.683398 -0.729928 0.013128 0.683398 0.729928 0.020131 0.683319 0.729842 -0.020131 0.683318 0.729843 -0.013128 0.683398 0.729928 -0.996658 -0.055828 -0.059627 -0.999914 -0.008944 -0.009553 -0.996658 0.055827 0.059628 -0.999914 0.008943 0.009553 0.999914 0.008943 0.009553 0.996659 0.055824 0.059628 0.999914 -0.008944 -0.009553 0.996658 -0.055828 -0.059627 -0.923883 -0.261535 0.279355 -0.923883 -0.261535 0.279355 -0.382666 -0.631437 0.674429 -0.382666 -0.631437 0.674429 0.382675 -0.631434 0.674427 0.382675 -0.631434 0.674427 0.923883 -0.261535 0.279355 0.923883 -0.261535 0.279355 -0.923881 0.261548 -0.279349 -0.923881 0.261548 -0.279349 -0.382682 0.631432 -0.674424 -0.382682 0.631432 -0.674424 0.382691 0.631429 -0.674422 0.382691 0.631429 -0.674422 0.923886 0.261531 -0.279351 0.923886 0.261531 -0.279351 0.923883 -0.261535 -0.279355 0.923883 -0.261535 -0.279355 0.382682 -0.631432 -0.674424 0.382682 -0.631432 -0.674424 -0.382682 -0.631432 -0.674424 -0.382682 -0.631432 -0.674424 -0.923879 -0.261552 -0.279354 -0.923879 -0.261552 -0.279354 0.923878 0.261544 0.279365 0.923878 0.261544 0.279365 0.382693 0.631439 0.674412 0.382693 0.631439 0.674412 -0.382702 0.631417 0.674427 -0.382702 0.631417 0.674427 -0.923878 0.261544 0.279365 -0.923878 0.261544 0.279365 
						-0.923883 -0.261535 0.279355 -0.923883 -0.261535 0.279355 -0.382666 -0.631437 0.674429 -0.382666 -0.631437 0.674429 0.382666 -0.631437 0.674429 0.382666 -0.631437 0.674429 0.923879 -0.261552 0.279354 0.923879 -0.261552 0.279354 -0.923881 0.261548 -0.279349 -0.923881 0.261548 -0.279349 -0.382686 0.631421 -0.674432 -0.382686 0.631421 -0.674432 0.382682 0.631432 -0.674424 0.382682 0.631432 -0.674424 0.923881 0.261548 -0.279349 0.923881 0.261548 -0.279349 0.923879 -0.261552 -0.279354 0.923879 -0.261552 -0.279354 0.382682 -0.631432 -0.674424 0.382682 -0.631432 -0.674424 -0.382682 -0.631432 -0.674424 -0.382682 -0.631432 -0.674424 -0.923879 -0.261552 -0.279354 -0.923879 -0.261552 -0.279354 0.923878 0.261544 0.279365 0.923878 0.261544 0.279365 0.382693 0.631439 0.674412 0.382693 0.631439 0.674412 -0.382697 0.631428 0.674420 -0.382697 0.631428 0.674420 -0.923873 0.261561 0.279363 -0.923873 0.261561 0.279363 
					</float_array>
					<technique_common>
						<accessor count="672" offset="0" source="#meshId1-normals-array" stride="3">
							<param name="X" type="float" />
							<param name="Y" type="float" />
							<param name="Z" type="float" />
						</accessor>
					</technique_common>
				</source>
				<source id="meshId1-tangents" name="meshId1-tangents">
					<float_array id="meshId1-tangents-array" count="2016"> 
						0.032555 -0.993845 -0.105889 0.015936 -0.924283 -0.381376 -0.015992 -0.924282 -0.381375 -0.031913 -0.993865 -0.105900 -0.016498 -0.381375 -0.924273 -0.051103 -0.000202 -0.998693 0.051179 -0.000200 -0.998690 0.015431 -0.381391 -0.924285 0.010076 -0.101824 -0.994751 -0.352876 -0.206323 -0.912639 -0.347146 0.243676 -0.905600 0.007292 0.076089 -0.997074 0.080872 -0.995743 -0.044218 -0.179118 -0.978513 0.102121 -0.080764 -0.995750 0.044263 -0.135316 0.055356 -0.989255 0.135725 -0.055526 -0.989189 0.051335 0.000198 -0.998681 -0.013824 0.031722 -0.999401 -0.004790 0.052963 -0.998585 0.013990 -0.032121 -0.999386 0.015439 0.381391 -0.924285 -0.015996 0.381382 -0.924279 -0.050896 0.000205 -0.998704 -0.015992 0.924282 -0.381375 -0.032018 0.993861 -0.105898 0.032550 0.993845 -0.105889 0.015932 0.924283 -0.381376 -0.080784 0.995749 -0.044254 0.080784 0.995749 0.044254 0.189173 0.976655 0.101776 0.347615 0.240736 -0.906207 -0.012458 -0.123840 -0.992224 0.352761 -0.207087 -0.912510 0.401983 0.847883 0.345693 -0.403781 0.847158 0.345375 -0.179114 0.978514 0.102121 0.404237 -0.345299 -0.846972 0.185274 0.001947 -0.982685 -0.215367 0.002432 -0.976530 -0.401461 -0.345790 -0.848091 0.053932 0.021647 -0.998310 -0.054278 -0.021790 -0.998288 -0.195332 -0.002109 -0.980735 -0.021697 -0.054052 -0.998302 0.021657 0.053956 -0.998308 -0.401901 0.345712 -0.847914 0.404239 0.345298 -0.846971 0.205584 -0.002274 -0.978637 -0.403783 -0.847157 0.345374 0.189098 -0.976669 0.101779 0.401434 -0.848104 0.345790 -0.080764 0.995750 0.044263 0.080873 0.995743 -0.044219 -0.347526 -0.241323 -0.906084 0.004827 -0.053303 -0.998567 0.010065 0.101722 -0.994762 -0.352860 0.206445 -0.912617 -0.013849 0.031780 -0.999399 0.013796 -0.031652 -0.999404 -0.010109 0.102126 -0.994720 -0.135386 0.055386 -0.989244 0.135307 -0.055353 -0.989256 0.352787 0.206968 -0.912527 
						0.347247 -0.243087 -0.905720 -0.004901 -0.053982 -0.998530 0.081057 -0.995731 0.044144 -0.080717 -0.995753 -0.044283 -0.135358 -0.055374 -0.989248 0.135064 0.055252 -0.989295 -0.013825 -0.031722 -0.999401 0.013688 0.031390 -0.999413 -0.198907 -0.272038 -0.941505 0.115931 -0.945614 -0.303933 -0.296062 -0.137086 -0.945280 -0.115748 0.945614 -0.304000 0.199063 0.271977 -0.941490 0.296291 0.136485 -0.945296 0.299620 -0.229491 -0.926046 0.299928 0.925985 0.229336 0.262016 -0.223566 -0.938811 -0.299405 -0.926096 0.229569 -0.300092 0.229279 -0.925946 -0.261676 0.224387 -0.938710 -0.296060 -0.137107 -0.945278 -0.299404 0.926096 0.229570 -0.378160 -0.193140 -0.905368 0.299877 -0.925996 0.229360 0.295935 0.137434 -0.945270 0.378161 0.193138 -0.905368 -0.198770 0.272092 -0.941518 0.115929 0.945613 -0.303935 -0.296070 0.137087 -0.945278 -0.115748 -0.945614 -0.304001 0.198385 -0.272244 -0.941556 0.295595 -0.138341 -0.945244 0.994974 0.002266 0.100103 0.924712 -0.379368 0.031409 0.924655 -0.379282 -0.034025 0.995116 0.002216 -0.098690 0.379272 -0.924659 -0.034022 0.051747 -0.998020 -0.035748 0.051697 -0.997971 0.037173 0.379359 -0.924716 0.031407 0.998886 -0.047166 -0.001329 0.954802 0.274333 0.114431 0.954779 -0.274400 -0.114459 0.996954 0.077929 0.003006 0.932907 0.137086 0.333006 0.995105 -0.002220 -0.098803 0.932917 -0.137076 -0.332982 0.010112 -0.997699 -0.067047 -0.010131 -0.997702 0.067000 -0.046172 -0.983027 0.177554 0.878871 -0.326942 0.347410 0.986459 0.163827 -0.007697 0.883151 0.312658 0.349700 0.051697 0.997971 0.037173 0.379359 0.924716 0.031407 0.379272 0.924659 -0.034022 0.051748 0.998021 -0.035726 0.924648 0.379272 -0.034333 0.994979 -0.002264 0.100056 0.924713 0.379369 0.031397 0.882704 0.314184 -0.349459 0.878501 -0.328144 -0.347214 0.990800 -0.135194 0.006132 0.010121 0.997700 0.067024 
						-0.047030 0.986410 -0.157425 -0.010121 0.997700 -0.067024 -0.347862 -0.867103 0.356544 -0.346548 -0.864368 -0.364380 -0.047030 -0.986411 -0.157424 0.864383 0.346567 0.364324 0.987206 -0.004362 0.159392 0.969039 -0.007459 -0.246797 0.867217 0.347927 -0.356204 0.998295 -0.021590 0.054233 0.998308 0.021502 -0.054020 0.983761 0.005070 -0.179412 0.998313 0.053941 -0.021469 0.998301 -0.054139 0.021551 0.867217 -0.347927 -0.356204 0.864479 -0.346613 0.364055 0.973959 0.006743 0.226623 -0.346548 0.864366 -0.364385 -0.046176 0.983047 0.177444 -0.347920 0.867222 0.356198 -0.010121 -0.997700 -0.067024 0.010121 -0.997700 0.067024 0.878486 0.328192 -0.347206 0.998861 0.047704 0.001358 0.997005 -0.077285 0.002971 0.883152 -0.312655 -0.349700 0.954863 -0.274153 -0.114357 0.954780 0.274398 0.114458 0.997005 -0.077285 -0.002971 0.932997 -0.136998 -0.332788 0.932877 0.137117 0.333076 0.883152 -0.312655 0.349700 0.878486 0.328192 0.347206 0.998861 0.047705 -0.001358 -0.010121 0.997700 0.067024 0.010121 0.997700 -0.067024 0.932878 0.137114 -0.333073 0.933000 -0.136993 0.332782 0.954780 0.274397 -0.114458 0.954863 -0.274151 0.114356 0.301550 -0.945564 -0.122379 0.895261 -0.178399 0.408268 0.926794 0.076780 0.367638 0.895258 0.178393 -0.408277 0.301554 0.945562 0.122380 0.926971 -0.075890 -0.367377 0.929848 0.237761 0.280806 -0.237805 -0.929867 0.280706 0.933045 0.263024 0.245448 -0.237802 0.929869 -0.280704 0.929904 -0.237890 -0.280511 0.932947 -0.263605 -0.245199 0.926955 -0.075971 -0.367401 -0.237803 -0.929869 -0.280701 0.830335 0.103590 -0.547552 -0.237890 0.929904 0.280512 0.926796 0.076769 0.367635 0.830212 -0.103468 0.547761 0.895260 -0.178397 -0.408269 0.301554 -0.945562 0.122381 0.926796 0.076769 -0.367635 0.301550 0.945564 -0.122379 0.895344 0.178515 0.408034 0.926955 -0.075970 0.367400 
						0.051385 -0.000197 -0.998679 0.015970 -0.381379 -0.924281 -0.015998 -0.381379 -0.924280 -0.050957 -0.000204 -0.998701 -0.016531 -0.924276 -0.381367 -0.032242 -0.993855 -0.105894 0.032236 -0.993855 -0.105894 0.015435 -0.924288 -0.381384 -0.004865 -0.053653 -0.998548 0.013782 0.031620 -0.999405 -0.013955 -0.032037 -0.999389 0.010046 0.101548 -0.994780 0.135220 0.055316 -0.989270 -0.051264 0.000199 -0.998685 -0.135647 -0.055493 -0.989202 -0.080806 -0.995747 -0.044245 0.080690 -0.995755 0.044293 0.188824 -0.976721 0.101789 0.347422 -0.241961 -0.905954 -0.012415 0.123441 -0.992274 0.352876 0.206324 -0.912639 0.032456 0.993848 -0.105890 0.015969 0.924282 -0.381376 -0.015997 0.924282 -0.381375 -0.032131 0.993858 -0.105896 -0.016532 0.381371 -0.924274 0.051160 0.000201 -0.998690 0.015436 0.381388 -0.924286 -0.352854 0.206450 -0.912619 -0.347535 -0.241234 -0.906105 0.007211 -0.075345 -0.997131 0.080784 0.995749 -0.044255 -0.179547 0.978436 0.102107 -0.081148 0.995726 0.044105 0.401184 -0.848205 0.345834 -0.404418 -0.846901 0.345261 -0.179368 -0.978468 0.102113 0.403993 0.345342 -0.847071 0.185250 -0.001947 -0.982689 -0.215344 -0.002432 -0.976535 -0.401675 0.345752 -0.848005 0.054002 -0.021676 -0.998305 -0.053637 0.021525 -0.998329 -0.194812 0.002101 -0.980838 -0.021658 0.053959 -0.998308 0.021696 -0.054052 -0.998302 -0.401212 -0.345834 -0.848191 0.404443 -0.345262 -0.846889 0.205816 0.002278 -0.978588 -0.404413 0.846903 0.345263 0.188975 0.976693 0.101783 0.401643 0.848020 0.345753 -0.080784 -0.995749 0.044255 0.080493 -0.995767 -0.044374 -0.347529 0.241322 -0.906084 0.004840 0.053423 -0.998560 0.010053 -0.101608 -0.994774 -0.352877 -0.206348 -0.912633 -0.013795 -0.031649 -0.999404 0.013948 0.032019 -0.999390 -0.010047 -0.101551 -0.994780 -0.135208 -0.055312 -0.989272 0.135639 0.055491 -0.989203 0.352859 -0.206442 -0.912618 
						0.347540 0.241225 -0.906105 -0.004838 0.053402 -0.998561 0.080784 0.995749 0.044255 -0.080857 0.995744 -0.044225 -0.135340 0.055367 -0.989251 0.135260 -0.055334 -0.989264 -0.013816 0.031701 -0.999402 0.013783 -0.031621 -0.999405 -0.115943 -0.945613 -0.303929 0.198820 -0.272074 -0.941513 0.295904 -0.137513 -0.945268 -0.199175 0.271932 -0.941479 0.115943 0.945613 -0.303929 -0.296147 0.136871 -0.945285 0.299522 0.229533 -0.926067 0.299508 -0.926075 0.229523 0.262154 0.223223 -0.938854 -0.300012 0.925967 0.229299 -0.299234 -0.229661 -0.926129 -0.262156 -0.223221 -0.938854 -0.296032 0.137174 -0.945277 -0.299724 -0.926028 0.229430 -0.378178 0.193131 -0.905363 0.299726 0.926027 0.229430 0.296145 -0.136880 -0.945284 0.378514 -0.192970 -0.905257 -0.198672 -0.272132 -0.941527 0.115451 -0.945615 -0.304112 -0.296055 -0.137107 -0.945279 -0.115752 0.945613 -0.304002 0.198671 0.272133 -0.941527 0.296057 0.137107 -0.945279 0.999914 -0.008554 0.009975 0.999797 -0.013587 0.014856 0.999797 0.014128 -0.014349 0.999914 0.009305 -0.009272 -0.999914 -0.008771 0.009770 -0.999797 -0.013595 0.014847 -0.999797 0.014133 -0.014343 -0.999914 0.009126 -0.009438 0.081682 0.681431 -0.727310 0.013087 0.683687 -0.729658 -0.081682 0.681424 -0.727316 -0.013086 0.683701 -0.729645 -0.013087 -0.683116 0.730193 -0.081684 -0.680902 0.727805 0.013085 -0.682981 0.730319 0.081683 -0.680904 0.727803 0.999797 -0.013804 -0.014652 0.999914 -0.008962 -0.009591 0.999914 0.009073 0.009488 0.999797 0.013891 0.014570 -0.999797 -0.013779 -0.014676 -0.999914 -0.008988 -0.009569 -0.999914 0.008897 0.009653 -0.999797 0.013865 0.014595 0.013086 0.683437 0.729892 0.081680 0.681098 0.727622 -0.013086 0.683441 0.729889 -0.081680 0.681400 0.727340 -0.081684 -0.680683 -0.728009 -0.013087 -0.683290 -0.730030 0.081679 -0.681040 -0.727677 0.013085 -0.683311 -0.730010 
						0.999797 0.013982 -0.014486 0.999914 0.008952 -0.009602 0.999914 -0.009022 0.009537 0.999797 -0.013624 0.014821 -0.999797 0.013995 -0.014473 -0.999914 0.008977 -0.009577 -0.999914 -0.008843 0.009703 -0.999797 -0.013635 0.014809 0.013087 -0.683310 0.730012 0.081684 -0.681119 0.727602 -0.013086 -0.683289 0.730031 -0.081683 -0.681084 0.727635 -0.081682 0.681463 -0.727280 -0.013086 0.683472 -0.729859 0.081685 0.681511 -0.727235 0.013087 0.683560 -0.729777 0.999914 0.008949 0.009604 0.999797 0.013779 0.014675 0.999797 -0.013888 -0.014574 0.999914 -0.009062 -0.009498 -0.999914 0.008961 0.009594 -0.999797 0.013751 0.014701 -0.999797 -0.013850 -0.014608 -0.999914 -0.009102 -0.009462 0.081683 -0.681334 -0.727400 0.013087 -0.683530 -0.729805 -0.081683 -0.680869 -0.727836 -0.013086 -0.683537 -0.729799 -0.013087 0.683225 0.730090 -0.081685 0.680815 0.727886 0.013087 0.683221 0.730094 0.081680 0.681277 0.727455 0.382698 -0.630700 0.675100 0.382698 -0.631180 0.674651 0.923874 -0.261489 0.279429 0.923874 -0.261015 0.279872 0.923870 0.261967 -0.278995 0.923870 0.261921 -0.279037 0.382688 0.631597 -0.674266 0.382688 0.631654 -0.674213 -0.382685 -0.631189 0.674649 -0.382685 -0.631179 0.674659 -0.923880 -0.261508 0.279391 -0.923880 -0.261496 0.279402 -0.923876 0.261947 -0.278992 -0.923876 0.261502 -0.279408 -0.382685 0.631655 -0.674214 -0.382685 0.631645 -0.674223 0.382675 0.631312 0.674541 0.382675 0.631302 0.674550 0.923880 0.261698 0.279213 0.923880 0.261645 0.279263 0.923882 -0.261694 -0.279210 0.923882 -0.261641 -0.279259 0.382675 -0.631296 -0.674556 0.382675 -0.631296 -0.674556 -0.382675 0.631308 0.674545 -0.382675 0.631694 0.674183 -0.923880 0.261655 0.279253 -0.923880 0.261270 0.279614 -0.923880 -0.261655 -0.279253 -0.923880 -0.261698 -0.279213 -0.382685 -0.631304 -0.674543 -0.382685 -0.630825 -0.674990 
						0.382698 -0.631338 0.674503 0.382698 -0.631404 0.674442 0.923874 -0.261405 0.279507 0.923874 -0.261808 0.279130 0.923874 0.261856 -0.279085 0.923874 0.261367 -0.279543 0.382698 0.631780 -0.674089 0.382698 0.631822 -0.674049 -0.382685 -0.631401 0.674451 -0.382685 -0.631347 0.674502 -0.923880 -0.261417 0.279476 -0.923880 -0.261417 0.279475 -0.923880 0.261868 -0.279054 -0.923880 0.261412 -0.279480 -0.382685 0.631379 -0.674472 -0.382685 0.631774 -0.674102 0.382675 0.631062 0.674775 0.382675 0.631600 0.674271 0.923880 0.261674 0.279235 0.923880 0.261620 0.279286 0.923880 -0.261670 -0.279239 0.923880 -0.261616 -0.279289 0.382685 -0.631611 -0.674255 0.382685 -0.631601 -0.674264 -0.382696 0.631054 0.674770 -0.382696 0.630999 0.674821 -0.923880 0.261630 0.279277 -0.923880 0.261674 0.279235 -0.923880 -0.261609 -0.279296 -0.923880 -0.261674 -0.279235 -0.382685 -0.631632 -0.674235 -0.382685 -0.631007 -0.674820 0.999902 -0.011734 0.007590 0.999623 -0.023065 0.014872 0.999623 0.023060 -0.014880 0.999902 0.011733 -0.007593 -0.999902 -0.011745 0.007573 -0.999623 -0.023063 0.014876 -0.999623 0.023066 -0.014871 -0.999902 0.011747 -0.007570 0.115472 0.834483 -0.538798 0.008517 0.840020 -0.542489 -0.115473 0.834499 -0.538774 -0.008517 0.840020 -0.542489 -0.008517 -0.840044 0.542451 -0.115472 -0.834491 0.538787 0.008517 -0.840044 0.542451 0.115473 -0.834489 0.538790 0.999623 -0.023046 -0.014902 0.999902 -0.011741 -0.007579 0.999902 0.011690 0.007658 0.999623 0.023197 0.014668 -0.999623 -0.023235 -0.014610 -0.999902 -0.011760 -0.007550 -0.999902 0.011686 0.007664 -0.999623 0.023011 0.014956 0.008517 0.839937 0.542617 0.115475 0.834274 0.539121 -0.008517 0.840004 0.542513 -0.115472 0.834557 0.538685 -0.115473 -0.834556 -0.538686 -0.008517 -0.840017 -0.542493 0.115474 -0.834571 -0.538662 0.008518 -0.840054 -0.542436 
						-0.999623 -0.023025 0.014935 -0.999902 -0.011554 0.007869 -0.999902 0.011905 -0.007326 -0.999623 0.023104 -0.014812 0.999623 -0.023032 0.014923 0.999902 -0.011691 0.007657 0.999902 0.011800 -0.007487 0.999623 0.023094 -0.014828 -0.008517 0.840095 -0.542373 -0.115472 0.834520 -0.538742 0.008517 0.840099 -0.542365 0.115473 0.834516 -0.538748 0.115472 -0.834483 0.538799 0.008517 -0.839909 0.542660 -0.115474 -0.834488 0.538791 -0.008517 -0.839949 0.542598 -0.999902 -0.011708 -0.007631 -0.999623 -0.023005 -0.014965 -0.999623 0.023030 0.014927 -0.999902 0.011860 0.007395 0.999902 -0.011717 -0.007616 0.999623 -0.023225 -0.014625 0.999623 0.023226 0.014622 0.999902 0.011738 0.007585 -0.115475 0.834282 0.539110 -0.008516 0.840054 0.542436 0.115472 0.834285 0.539106 0.008518 0.839992 0.542531 0.008517 -0.839967 -0.542571 0.115474 -0.834279 -0.539114 -0.008517 -0.840029 -0.542475 -0.115474 -0.834547 -0.538700 0.382682 -0.776186 0.501089 0.382682 -0.776171 0.501112 0.923879 -0.321491 0.207585 0.923879 -0.321459 0.207632 0.923879 0.321482 -0.207599 0.923879 0.321456 -0.207639 0.382677 0.776187 -0.501090 0.382676 0.776173 -0.501113 -0.382676 -0.776169 0.501120 -0.382676 -0.776176 0.501108 -0.923880 -0.321484 0.207590 -0.923880 -0.321484 0.207590 -0.923879 0.321491 -0.207585 -0.923879 0.321491 -0.207585 -0.382682 0.776171 -0.501112 -0.382682 0.776190 -0.501083 0.382688 0.775931 0.501479 0.382688 0.775931 0.501478 0.923879 0.321743 0.207194 0.923879 0.321410 0.207709 0.923879 -0.321420 -0.207694 0.923879 -0.321420 -0.207694 0.382682 -0.776242 -0.501001 0.382682 -0.776262 -0.500971 -0.382676 0.776244 0.501003 -0.382676 0.776269 0.500965 -0.923879 0.321429 0.207680 -0.923879 0.321428 0.207682 -0.923879 -0.321736 -0.207204 -0.923879 -0.321438 -0.207666 -0.382682 -0.775929 -0.501487 -0.382682 -0.776248 -0.500992 
						-0.382677 0.776187 -0.501090 -0.382676 0.776196 -0.501077 -0.923879 0.321491 -0.207585 -0.923879 0.321761 -0.207166 -0.923879 -0.321484 0.207595 -0.923879 -0.321134 0.208135 -0.382682 -0.776186 0.501089 -0.382682 -0.776190 0.501083 0.382682 0.776190 -0.501082 0.382682 0.776190 -0.501082 0.923879 0.321486 -0.207592 0.923879 0.321486 -0.207592 0.923880 -0.321484 0.207590 0.923880 -0.321484 0.207590 0.382676 -0.775871 0.501581 0.382676 -0.776189 0.501089 -0.382682 -0.776267 -0.500964 -0.382682 -0.776247 -0.500994 -0.923879 -0.321405 -0.207718 -0.923879 -0.321424 -0.207687 -0.923878 0.321423 0.207693 -0.923878 0.321735 0.207210 -0.382688 0.776264 0.500962 -0.382688 0.775930 0.501481 0.382682 -0.775929 -0.501487 0.382682 -0.775933 -0.501480 0.923879 -0.321762 -0.207164 0.923879 -0.321448 -0.207650 0.923879 0.321736 0.207204 0.923879 0.321438 0.207666 0.382677 0.775931 0.501488 0.382677 0.775935 0.501481 -0.999914 0.009095 -0.009467 -0.999797 0.013913 -0.014548 -0.999797 -0.013916 0.014545 -0.999914 -0.008767 0.009775 0.999914 0.008757 -0.009784 0.999797 0.013880 -0.014580 0.999797 -0.013461 0.014972 0.999914 -0.009056 0.009504 -0.081680 -0.681260 0.727470 -0.013085 -0.683388 0.729938 0.081680 -0.681274 0.727457 0.013087 -0.683250 0.730067 0.013086 0.683400 -0.729926 0.081682 0.681270 -0.727461 -0.013087 0.683438 -0.729891 -0.081680 0.681244 -0.727485 -0.999797 0.013663 0.014783 -0.999914 0.008893 0.009658 -0.999914 -0.008991 -0.009566 -0.999797 -0.013742 -0.014711 0.999797 0.013945 0.014521 0.999914 0.008872 0.009677 0.999914 -0.009193 -0.009377 0.999797 -0.014022 -0.014449 -0.013086 -0.683575 -0.729763 -0.081680 -0.681170 -0.727555 0.013087 -0.683479 -0.729853 0.081681 -0.681202 -0.727524 0.081682 0.681162 0.727562 0.013087 0.683236 0.730080 -0.081683 0.680776 0.727923 -0.013086 0.683338 0.729985 
						-0.999797 -0.013793 0.014661 -0.999914 -0.008989 0.009566 -0.999914 0.008788 -0.009754 -0.999797 0.013507 -0.014928 0.999797 -0.013776 0.014678 0.999914 -0.008719 0.009819 0.999914 0.009009 -0.009547 0.999797 0.013799 -0.014657 -0.013087 0.683544 -0.729792 -0.081680 0.681539 -0.727209 0.013086 0.683401 -0.729926 0.081682 0.681108 -0.727612 0.081683 -0.681111 0.727610 0.013087 -0.683361 0.729964 -0.081682 -0.681092 0.727627 -0.013086 -0.683351 0.729973 0.999914 0.008979 0.009577 0.999797 0.013531 0.014907 0.999797 -0.013876 -0.014586 0.999914 -0.009103 -0.009461 -0.999914 0.008763 0.009780 -0.999797 0.013774 0.014681 -0.999797 -0.013879 -0.014583 -0.999914 -0.009064 -0.009498 0.081683 -0.681067 -0.727651 0.013087 -0.683554 -0.729783 -0.081683 -0.681446 -0.727296 -0.013086 -0.683466 -0.729865 -0.013086 0.683285 0.730034 -0.081681 0.681038 0.727678 0.013087 0.683284 0.730035 0.081683 0.681007 0.727707 -0.382675 0.631493 -0.674371 -0.382675 0.631537 -0.674330 -0.923887 0.261799 -0.279096 -0.923887 0.261799 -0.279096 -0.923883 -0.261806 0.279102 -0.923883 -0.261099 0.279764 -0.382675 -0.631489 0.674375 -0.382675 -0.631536 0.674331 0.382679 0.631540 -0.674325 0.382679 0.631549 -0.674316 0.923880 0.261753 -0.279161 0.923880 0.261049 -0.279821 0.923876 -0.261056 0.279826 0.923876 -0.261773 0.279155 0.382669 -0.630832 0.674993 0.382669 -0.631573 0.674300 -0.382674 -0.631953 -0.673940 -0.382675 -0.631398 -0.674460 -0.923880 -0.261452 -0.279443 -0.923880 -0.261482 -0.279415 -0.923880 0.261453 0.279443 -0.923880 0.261482 0.279415 -0.382685 0.631461 0.674396 -0.382685 0.630939 0.674884 0.382688 -0.631466 -0.674389 0.382688 -0.631454 -0.674401 0.923875 -0.261933 -0.279008 0.923876 -0.261921 -0.279019 0.923872 0.261936 0.279017 0.923872 0.261449 0.279473 0.382688 0.630975 0.674848 0.382688 0.631444 0.674410 
						-0.382675 0.631849 -0.674038 -0.382675 0.631893 -0.673996 -0.923887 0.261075 -0.279774 -0.923887 0.261082 -0.279767 -0.923887 -0.261634 0.279251 -0.923887 -0.261634 0.279251 -0.382685 -0.631301 0.674545 -0.382685 -0.631331 0.674517 0.382679 0.631337 -0.674515 0.382679 0.631336 -0.674515 0.923878 0.261599 -0.279311 0.923878 0.261599 -0.279311 0.923880 -0.261593 0.279311 0.923880 -0.261034 0.279834 0.382679 -0.631333 0.674518 0.382679 -0.631358 0.674495 0.382685 0.631304 0.674542 0.382685 0.631251 0.674592 0.923880 0.261237 0.279644 0.923880 0.261702 0.279209 0.923880 -0.261671 -0.279238 0.923880 -0.261687 -0.279223 0.382685 -0.631716 -0.674156 0.382685 -0.631249 -0.674594 -0.382688 0.631293 0.674551 -0.382688 0.631292 0.674552 -0.923876 0.261668 0.279255 -0.923876 0.261225 0.279671 -0.923874 -0.261671 -0.279259 -0.923874 -0.261633 -0.279294 -0.382698 -0.631284 -0.674554 -0.382698 -0.631742 -0.674125 
					</float_array>
					<technique_common>
						<accessor count="672" offset="0" source="#meshId1-tangents-array" stride="3">
							<param name="X" type="float" />
							<param name="Y" type="float" />
							<param name="Z" type="float" />
						</accessor>
					</technique_common>
				</source>
				<source id="meshId1-bitangents" name="meshId1-bitangents">
					<float_array id="meshId1-bitangents-array" count="2016"> 
						-0.999366 -0.030840 -0.017801 -0.999824 -0.010946 -0.015250 -0.999823 0.010998 0.015272 -0.999387 0.030201 0.017733 -0.999815 0.015465 0.011466 -0.998567 0.015924 0.051093 -0.998563 -0.015924 -0.051169 -0.999832 -0.015058 -0.010479 -0.107006 0.988980 -0.102317 -0.142290 0.975874 -0.165602 0.155747 0.967223 0.200554 0.107231 0.991292 0.076432 -0.924008 -0.058264 -0.377907 -0.983722 0.176609 -0.033174 -0.924018 0.058147 -0.377902 -0.913947 0.378586 0.146199 -0.913886 0.378561 -0.146643 -0.998555 0.015924 -0.051326 -0.382356 0.923367 0.034597 -0.107372 0.992796 0.053171 -0.382350 0.923354 -0.035029 -0.999832 0.015061 -0.010486 -0.999823 -0.015273 0.011001 -0.998577 -0.015924 0.050887 -0.999823 -0.010998 0.015272 -0.999383 -0.030305 0.017744 -0.999366 0.030834 -0.017801 -0.999824 0.010942 -0.015249 -0.924016 -0.058169 0.377903 -0.924016 0.058169 0.377902 -0.981838 0.186611 0.034217 -0.154690 0.967959 0.197803 0.106755 0.986465 -0.124462 0.142565 0.975712 -0.166317 -0.915593 0.368121 0.161789 -0.914802 -0.369786 -0.162468 -0.983723 -0.176605 -0.033174 0.914601 0.162642 0.370207 0.982558 0.015806 0.185282 0.976404 -0.015739 -0.215379 0.915822 -0.161594 -0.367637 0.922334 0.381999 0.058110 0.922314 0.381991 -0.058485 0.980608 0.015785 -0.195341 0.381990 0.922330 -0.058241 0.381992 0.922335 0.058137 0.915630 0.161760 -0.368044 0.914600 -0.162642 0.370209 0.978510 -0.015762 0.205595 -0.914801 0.369788 -0.162469 -0.981852 -0.186536 0.034210 -0.915834 -0.367613 0.161582 -0.924018 -0.058147 -0.377902 -0.924009 0.058264 -0.377906 0.154898 -0.967813 0.198353 0.107373 -0.992778 0.053513 -0.107009 -0.988990 -0.102215 -0.142332 -0.975848 -0.165716 0.382361 -0.923363 -0.034660 0.382363 -0.923367 0.034522 0.107005 -0.988948 -0.102621 0.913935 -0.378585 -0.146276 0.913947 -0.378589 0.146190 0.142522 -0.975738 -0.166205 
						-0.155534 -0.967372 0.200003 -0.107369 -0.992741 0.054196 -0.923992 -0.058463 0.377916 -0.924022 0.058096 0.377900 -0.913939 -0.378586 0.146245 -0.913983 -0.378604 -0.145927 -0.382362 -0.923365 0.034598 -0.382367 -0.923376 -0.034239 -0.924464 0.370946 0.088126 -0.938483 -0.004072 -0.345300 -0.352065 0.935630 -0.025420 -0.938506 -0.003889 0.345241 -0.924431 0.370988 -0.088286 -0.351876 0.935718 0.024811 0.896899 0.398676 0.191390 -0.896792 0.191713 0.398761 0.378094 0.918810 -0.113280 -0.896966 0.191171 -0.398630 0.896740 0.398799 -0.191878 0.378326 0.918611 0.114120 0.352062 -0.935631 0.025443 -0.896966 -0.191171 -0.398629 0.866717 -0.417491 -0.272953 -0.896809 -0.191659 0.398750 0.352166 -0.935583 -0.025773 0.866715 -0.417495 0.272953 -0.924496 -0.370899 0.087989 -0.938485 0.004072 -0.345295 -0.352060 -0.935632 -0.025420 -0.938506 0.003888 0.345240 -0.924577 -0.370788 -0.087598 -0.352452 -0.935449 0.026689 -0.100121 0.035107 0.994356 -0.020611 0.032490 0.999260 0.023032 -0.033483 0.999174 0.098707 -0.035110 0.994497 0.033482 -0.023030 0.999174 0.035470 -0.033937 0.998794 -0.035544 0.035360 0.998742 -0.032489 0.020610 0.999260 0.047168 0.997406 0.054370 -0.297242 0.882249 0.365081 0.297314 0.882228 0.365073 -0.077977 0.995475 0.054303 -0.360117 0.357190 0.861818 0.098820 0.035109 0.994486 0.360092 0.357194 0.861827 0.380022 -0.058186 0.923146 0.380022 0.058135 0.923149 0.042475 0.175651 0.983536 0.290300 0.944403 0.154365 -0.164003 0.984990 -0.053839 -0.277009 0.949228 -0.149107 -0.035544 -0.035360 0.998742 -0.032489 -0.020610 0.999260 0.033482 0.023030 0.999174 0.035469 0.033915 0.998795 0.023318 0.033601 0.999163 -0.100074 -0.035107 0.994360 -0.020600 -0.032486 0.999260 -0.278429 0.948724 0.149669 0.291419 0.943986 -0.154808 0.135327 0.989326 -0.054039 -0.380022 -0.058160 0.923147 
						-0.041523 0.155533 0.986958 -0.380022 0.058160 0.923147 0.154793 0.321958 0.934014 -0.157711 -0.329233 0.930985 -0.041523 -0.155532 0.986958 0.329179 0.157694 -0.931007 0.159447 0.034908 -0.986589 -0.246906 -0.034380 -0.968429 -0.321640 -0.154670 -0.934144 0.058367 0.381987 -0.922323 -0.058136 0.381992 -0.922335 -0.179480 0.034812 -0.983146 -0.058051 0.922341 -0.381992 0.058265 0.922329 -0.381987 -0.321640 0.154670 -0.934144 0.328929 -0.157593 -0.931112 0.226720 -0.034527 -0.973348 -0.157713 0.329237 0.930983 0.042470 -0.175541 0.983556 0.154665 -0.321636 0.934146 -0.380022 -0.058161 0.923147 -0.380022 0.058161 0.923147 0.291464 -0.943969 -0.154825 0.047707 -0.997381 -0.054369 -0.077333 -0.995525 0.054305 -0.277006 -0.949229 0.149106 -0.297046 -0.882305 -0.365105 0.297312 -0.882229 -0.365073 -0.077332 -0.995525 -0.054305 -0.359883 -0.357228 -0.861901 0.360195 -0.357182 -0.861789 -0.277006 -0.949229 -0.149106 0.291464 -0.943969 0.154825 0.047708 -0.997381 0.054369 0.380022 -0.058161 0.923147 0.380022 0.058161 0.923147 0.360190 -0.357179 0.861792 -0.359875 -0.357226 0.861905 0.297311 -0.882229 0.365073 -0.297044 -0.882306 0.365105 0.347371 -0.010577 0.937668 -0.304481 0.423997 0.852946 -0.187757 0.942499 0.276484 0.304491 0.424000 0.852942 -0.347371 -0.010577 0.937668 0.186881 0.942571 0.276831 0.171996 0.393789 -0.902966 0.393764 0.171892 0.902997 -0.153707 0.908305 -0.389046 -0.393764 0.171892 0.902997 -0.171693 0.393713 -0.903057 0.154303 0.908137 -0.389202 -0.186960 -0.942564 -0.276800 -0.393763 -0.171890 0.902998 -0.452487 -0.448186 -0.770964 0.393713 -0.171693 0.903057 0.187745 -0.942500 -0.276488 0.452712 -0.448212 -0.770816 0.304482 -0.423998 0.852946 -0.347371 0.010577 0.937668 0.187745 -0.942500 0.276488 0.347371 0.010577 0.937668 -0.304236 -0.423949 0.853058 -0.186959 -0.942565 0.276800 
						0.998552 0.015924 0.051375 0.999823 0.015263 0.010978 0.999823 -0.015274 -0.011003 0.998574 -0.015924 -0.050947 0.999814 -0.011496 -0.015477 0.999376 -0.030528 -0.017768 0.999376 0.030522 0.017767 0.999832 0.010483 0.015059 0.107369 0.992759 -0.053865 0.382357 0.923371 0.034487 0.382351 0.923356 -0.034939 0.107009 0.989008 0.102039 0.913961 0.378592 0.146095 0.998559 0.015924 -0.051255 0.913897 0.378566 -0.146558 0.924014 -0.058193 -0.377904 0.924024 0.058068 -0.377898 0.981905 0.186264 -0.034181 0.155132 0.967654 -0.198948 -0.106760 0.986515 0.124060 -0.142290 0.975874 0.165603 0.999369 -0.030741 0.017791 0.999823 -0.010977 0.015263 0.999823 0.011003 -0.015274 0.999380 0.030417 -0.017756 0.999814 0.015478 -0.011497 0.998564 -0.015924 0.051150 0.999832 -0.015059 0.010483 0.142335 0.975847 0.165722 -0.154869 0.967835 -0.198269 -0.107237 0.991349 -0.075684 0.924016 -0.058169 0.377902 0.983644 0.177035 0.033219 0.923984 0.058562 0.377920 0.915944 0.367381 -0.161487 0.914521 -0.370376 0.162708 0.983676 -0.176858 0.033200 -0.914708 0.162550 -0.369982 -0.982563 0.015806 -0.185258 -0.976409 -0.015739 0.215355 -0.915729 -0.161674 0.367835 -0.922330 0.381997 -0.058186 -0.922351 0.382006 0.057792 -0.980712 0.015786 0.194820 -0.381992 0.922335 0.058140 -0.381990 0.922330 -0.058240 -0.915932 0.161500 0.367406 -0.914509 -0.162720 -0.370398 -0.978462 -0.015762 -0.205826 0.914523 0.370371 0.162706 0.981876 -0.186414 -0.034197 0.915743 -0.367806 -0.161660 0.924016 -0.058169 0.377903 0.924042 0.057856 0.377889 -0.154904 -0.967813 -0.198349 -0.107374 -0.992771 -0.053634 0.107012 -0.989002 0.102100 0.142300 -0.975868 0.165624 -0.382370 -0.923364 0.034519 -0.382364 -0.923352 -0.034920 -0.107012 -0.989007 0.102043 -0.913961 -0.378595 0.146083 -0.913897 -0.378569 -0.146549 -0.142334 -0.975849 0.165712 
						0.154867 -0.967837 -0.198260 0.107374 -0.992772 -0.053613 0.924016 -0.058169 -0.377902 0.924010 0.058247 -0.377906 0.913942 -0.378587 -0.146225 0.913954 -0.378592 0.146139 0.382369 -0.923363 -0.034575 0.382370 -0.923365 0.034489 0.938482 -0.004085 -0.345304 0.924482 0.370920 0.088036 0.352202 0.935567 -0.025850 0.924407 0.371022 -0.088399 0.938483 -0.004086 0.345301 0.352001 0.935660 0.025200 -0.896930 0.398654 -0.191289 0.896932 0.191277 -0.398656 -0.377992 0.918895 0.112932 0.896763 0.191798 0.398786 -0.897028 0.398577 0.190992 -0.377994 0.918895 -0.112929 -0.352100 -0.935615 -0.025505 0.896860 -0.191500 0.398710 -0.866706 -0.417501 0.272970 0.896861 -0.191502 -0.398708 -0.352008 -0.935657 0.025206 -0.866561 -0.417573 -0.273322 0.924515 -0.370875 -0.087887 0.938543 0.003588 0.345143 0.352076 -0.935626 0.025439 0.938506 0.003891 -0.345242 0.924516 -0.370872 0.087887 0.352079 -0.935624 -0.025437 -0.000574 0.729996 0.683451 -0.000235 0.729994 0.683454 -0.000506 0.729984 0.683464 -0.000455 0.729987 0.683461 0.000275 0.729993 0.683454 0.000223 0.729994 0.683453 0.000514 0.729984 0.683464 0.000212 0.729989 0.683459 -0.000030 0.729750 0.683714 -0.000005 0.729721 0.683745 0.000028 0.729756 0.683707 0.000006 0.729707 0.683759 0.000006 0.730255 0.683174 0.000032 0.730243 0.683187 -0.000006 0.730381 0.683039 -0.000030 0.730242 0.683189 -0.000063 -0.729989 0.683459 0.000013 -0.729991 0.683457 0.000138 -0.729990 0.683458 0.000182 -0.729988 0.683460 0.000028 -0.729990 0.683458 0.000021 -0.729990 0.683458 0.000103 -0.729991 0.683457 -0.000147 -0.729988 0.683460 0.000001 -0.729954 0.683496 -0.000006 -0.730062 0.683381 -0.000002 -0.729951 0.683499 -0.000027 -0.729780 0.683682 -0.000057 -0.730447 0.682969 -0.000003 -0.730093 0.683348 0.000012 -0.730116 0.683324 0.000000 -0.730073 0.683369 
						-0.000306 0.729987 0.683461 0.000027 0.729991 0.683457 0.000068 0.729990 0.683457 -0.000184 0.729994 0.683454 0.000325 0.729987 0.683461 0.000007 0.729991 0.683457 0.000176 0.729992 0.683455 0.000168 0.729993 0.683455 -0.000002 0.730074 0.683368 -0.000007 0.730041 0.683403 0.000001 0.730093 0.683347 0.000011 0.730074 0.683368 0.000033 0.729720 0.683746 0.000002 0.729922 0.683531 -0.000036 0.729675 0.683794 -0.000002 0.729839 0.683619 -0.000031 -0.729991 0.683457 0.000028 -0.729991 0.683457 -0.000177 -0.729989 0.683459 -0.000124 -0.729990 0.683458 0.000015 -0.729991 0.683457 0.000009 -0.729991 0.683457 0.000127 -0.729989 0.683459 0.000178 -0.729989 0.683459 -0.000017 -0.729840 0.683618 -0.000002 -0.729868 0.683588 -0.000035 -0.730274 0.683154 0.000003 -0.729861 0.683595 0.000003 -0.730153 0.683284 0.000044 -0.730324 0.683101 -0.000003 -0.730157 0.683280 0.000013 -0.729895 0.683560 -0.000386 0.730618 0.682786 -0.000134 0.730204 0.683230 -0.000086 0.730015 0.683431 -0.000686 0.730185 0.683249 -0.000510 0.729847 0.683611 -0.000453 0.729863 0.683593 -0.000096 0.729849 0.683608 -0.000126 0.729800 0.683661 0.000131 0.730199 0.683235 0.000136 0.730208 0.683225 0.000049 0.730005 0.683442 0.000064 0.730009 0.683438 0.000499 0.729850 0.683607 -0.000063 0.730009 0.683437 0.000113 0.729796 0.683665 0.000108 0.729805 0.683655 -0.000056 -0.730099 0.683342 -0.000061 -0.730108 0.683332 0.000191 -0.729937 0.683515 0.000124 -0.729956 0.683494 -0.000186 -0.729929 0.683523 -0.000119 -0.729948 0.683503 0.000064 -0.730113 0.683326 0.000064 -0.730113 0.683327 0.000058 -0.730103 0.683338 -0.000144 -0.729769 0.683694 -0.000137 -0.729952 0.683498 0.000350 -0.730090 0.683351 0.000138 -0.729952 0.683498 0.000191 -0.729937 0.683515 -0.000071 -0.730100 0.683340 -0.000321 -0.730514 0.682898 
						-0.000051 0.730067 0.683375 -0.000017 0.730011 0.683436 -0.000192 0.730045 0.683399 0.000318 0.729901 0.683553 -0.000379 0.729884 0.683571 0.000240 0.730059 0.683384 -0.000180 0.729685 0.683783 -0.000203 0.729648 0.683823 0.000019 0.730016 0.683430 0.000048 0.730063 0.683380 0.000164 0.730037 0.683407 0.000163 0.730037 0.683407 0.000407 0.729876 0.683580 -0.000170 0.730039 0.683405 -0.000031 0.730035 0.683410 0.000176 0.729693 0.683775 -0.000187 -0.730315 0.683110 0.000095 -0.729849 0.683608 0.000161 -0.729945 0.683505 0.000092 -0.729965 0.683485 -0.000157 -0.729947 0.683504 -0.000088 -0.729966 0.683483 -0.000090 -0.729834 0.683624 -0.000085 -0.729843 0.683615 0.000212 -0.730310 0.683116 0.000241 -0.730357 0.683066 -0.000105 -0.729961 0.683489 -0.000161 -0.729945 0.683505 0.000079 -0.729969 0.683481 0.000161 -0.729945 0.683505 0.000102 -0.729816 0.683644 -0.000226 -0.730356 0.683066 -0.000010 0.542517 0.840045 0.000021 0.542517 0.840045 -0.000011 0.542517 0.840045 0.000013 0.542517 0.840045 -0.000011 0.542517 0.840045 -0.000016 0.542517 0.840045 0.000021 0.542517 0.840045 0.000014 0.542517 0.840045 -0.000013 0.542428 0.840102 -0.000001 0.542509 0.840050 0.000015 0.542404 0.840118 0.000000 0.542509 0.840050 -0.000001 0.542471 0.840075 -0.000015 0.542417 0.840109 0.000001 0.542471 0.840075 0.000013 0.542419 0.840108 0.000015 -0.542518 0.840044 -0.000003 -0.542517 0.840045 -0.000091 -0.542518 0.840044 0.000263 -0.542511 0.840048 0.000332 -0.542510 0.840050 0.000037 -0.542516 0.840045 0.000098 -0.542518 0.840044 0.000080 -0.542519 0.840043 -0.000001 -0.542637 0.839967 -0.000034 -0.542749 0.839895 0.000000 -0.542533 0.840035 -0.000028 -0.542315 0.840175 0.000027 -0.542316 0.840175 0.000001 -0.542512 0.840048 -0.000030 -0.542293 0.840189 -0.000000 -0.542456 0.840084 
						-0.000055 -0.542519 -0.840044 -0.000342 -0.542521 -0.840042 -0.000305 -0.542513 -0.840047 -0.000091 -0.542515 -0.840046 0.000040 -0.542518 -0.840044 0.000089 -0.542518 -0.840044 0.000112 -0.542516 -0.840046 0.000073 -0.542516 -0.840046 -0.000002 -0.542392 -0.840125 -0.000021 -0.542372 -0.840139 0.000001 -0.542385 -0.840130 0.000019 -0.542378 -0.840135 -0.000013 -0.542429 -0.840101 0.000001 -0.542680 -0.839940 0.000012 -0.542421 -0.840107 -0.000001 -0.542618 -0.839980 0.000059 0.542518 -0.840044 0.000091 0.542520 -0.840043 -0.000045 0.542518 -0.840044 0.000222 0.542514 -0.840047 -0.000041 0.542517 -0.840045 0.000314 0.542510 -0.840049 -0.000317 0.542510 -0.840049 0.000003 0.542517 -0.840045 -0.000032 0.542737 -0.839903 0.000002 0.542456 -0.840084 0.000030 0.542733 -0.839905 0.000001 0.542551 -0.840023 -0.000001 0.542591 -0.839997 -0.000032 0.542742 -0.839900 -0.000000 0.542494 -0.840059 -0.000025 0.542331 -0.840165 0.000058 0.542395 0.840124 0.000048 0.542416 0.840110 0.000032 0.542508 0.840051 -0.000020 0.542526 0.840039 -0.000017 0.542513 0.840047 0.000028 0.542529 0.840037 -0.000062 0.542396 0.840123 -0.000052 0.542417 0.840110 -0.000049 0.542423 0.840105 -0.000054 0.542413 0.840112 -0.000022 0.542507 0.840052 -0.000023 0.542507 0.840051 0.000032 0.542508 0.840051 0.000032 0.542508 0.840051 0.000048 0.542416 0.840110 0.000061 0.542389 0.840127 -0.000124 -0.542755 0.839891 -0.000124 -0.542755 0.839891 0.000461 -0.542358 0.840147 -0.000105 -0.542555 0.840020 0.000089 -0.542550 0.840024 0.000089 -0.542550 0.840024 -0.000098 -0.542314 0.840176 -0.000112 -0.542286 0.840194 -0.000103 -0.542315 0.840175 -0.000120 -0.542280 0.840198 0.000073 -0.542544 0.840027 0.000075 -0.542545 0.840027 0.000450 -0.542362 0.840145 -0.000057 -0.542539 0.840031 -0.000123 -0.542763 0.839886 0.000102 -0.542305 0.840181 
						-0.000063 -0.542396 -0.840123 -0.000069 -0.542384 -0.840131 -0.000032 -0.542508 -0.840051 -0.000493 -0.542347 -0.840154 0.000021 -0.542512 -0.840048 -0.000574 -0.542719 -0.839914 0.000058 -0.542395 -0.840124 0.000061 -0.542389 -0.840128 0.000061 -0.542389 -0.840128 0.000061 -0.542389 -0.840128 0.000024 -0.542510 -0.840049 0.000024 -0.542510 -0.840049 -0.000022 -0.542507 -0.840052 -0.000023 -0.542507 -0.840051 0.000161 -0.542849 -0.839830 -0.000063 -0.542395 -0.840124 -0.000115 0.542279 -0.840198 -0.000101 0.542307 -0.840180 0.000114 0.542559 -0.840018 0.000081 0.542547 -0.840025 -0.000084 0.542552 -0.840022 0.000447 0.542367 -0.840142 0.000111 0.542278 -0.840199 -0.000125 0.542756 -0.839890 -0.000123 0.542762 -0.839886 -0.000120 0.542756 -0.839890 0.000495 0.542347 -0.840155 -0.000040 0.542533 -0.840035 -0.000450 0.542362 -0.840145 0.000057 0.542539 -0.840031 0.000119 0.542764 -0.839885 0.000116 0.542757 -0.839889 -0.000169 -0.729989 -0.683459 -0.000214 -0.729988 -0.683460 0.000218 -0.729988 -0.683460 -0.000281 -0.729993 -0.683454 -0.000295 -0.729994 -0.683454 0.000168 -0.729988 -0.683460 0.000406 -0.729996 -0.683451 -0.000115 -0.729990 -0.683458 0.000012 -0.729910 -0.683543 0.000001 -0.730000 -0.683447 -0.000013 -0.729897 -0.683557 0.000003 -0.730129 -0.683309 0.000001 -0.729989 -0.683459 0.000011 -0.729901 -0.683553 -0.000001 -0.729953 -0.683497 -0.000009 -0.729925 -0.683527 -0.000130 0.729993 -0.683455 -0.000109 0.729992 -0.683456 -0.000026 0.729991 -0.683457 0.000023 0.729991 -0.683456 -0.000255 0.729988 -0.683460 0.000137 0.729992 -0.683456 0.000302 0.729988 -0.683460 0.000360 0.729985 -0.683463 -0.000004 0.729826 -0.683633 -0.000002 0.729994 -0.683454 0.000001 0.729915 -0.683538 0.000005 0.729964 -0.683486 -0.000000 0.730002 -0.683445 0.000003 0.730143 -0.683295 -0.000045 0.730361 -0.683061 -0.000000 0.730047 -0.683397 
						0.000048 -0.729990 -0.683457 0.000024 -0.729991 -0.683457 0.000251 -0.729993 -0.683454 0.000343 -0.729996 -0.683452 -0.000025 -0.729990 -0.683457 0.000346 -0.729994 -0.683454 0.000052 -0.729990 -0.683457 0.000056 -0.729990 -0.683457 -0.000003 -0.729855 -0.683602 -0.000042 -0.729649 -0.683822 0.000001 -0.729989 -0.683459 -0.000007 -0.730051 -0.683392 0.000008 -0.730049 -0.683395 0.000001 -0.730026 -0.683419 -0.000009 -0.730066 -0.683376 -0.000000 -0.730035 -0.683409 0.000009 -0.729991 0.683457 -0.000311 -0.729995 0.683452 -0.000161 -0.729989 0.683459 -0.000179 -0.729989 0.683459 0.000287 -0.729993 0.683454 -0.000021 -0.729990 0.683458 0.000164 -0.729989 0.683459 0.000125 -0.729990 0.683458 0.000013 -0.730090 0.683351 -0.000003 -0.729845 0.683612 0.000031 -0.729736 0.683729 0.000002 -0.729928 0.683524 0.000001 -0.730097 0.683344 0.000013 -0.730117 0.683322 -0.000002 -0.730098 0.683343 -0.000020 -0.730146 0.683291 -0.000039 -0.729942 -0.683509 -0.000062 -0.729905 -0.683549 -0.000334 -0.729896 -0.683558 -0.000334 -0.729896 -0.683558 0.000335 -0.729896 -0.683558 -0.000560 -0.730150 -0.683287 0.000037 -0.729946 -0.683505 0.000062 -0.729905 -0.683549 0.000052 -0.729897 -0.683557 0.000056 -0.729889 -0.683565 0.000261 -0.729917 -0.683536 -0.000630 -0.730169 -0.683266 0.000628 -0.730169 -0.683266 -0.000279 -0.729913 -0.683540 0.000308 -0.730515 -0.682896 -0.000080 -0.729875 -0.683581 -0.000280 0.729544 -0.683934 0.000011 0.730025 -0.683421 0.000119 0.730025 -0.683421 0.000082 0.730014 -0.683432 -0.000119 0.730025 -0.683421 -0.000082 0.730014 -0.683432 0.000012 0.729964 -0.683485 -0.000262 0.730416 -0.683003 0.000027 0.729962 -0.683487 0.000021 0.729973 -0.683476 0.000474 0.729847 -0.683611 0.000459 0.729851 -0.683606 -0.000481 0.729864 -0.683592 0.000136 0.730039 -0.683405 0.000230 0.730387 -0.683034 -0.000015 0.729982 -0.683466 
						-0.000225 -0.729635 -0.683837 -0.000249 -0.729596 -0.683878 0.000583 -0.730156 -0.683281 0.000574 -0.730153 -0.683283 0.000124 -0.729956 -0.683494 0.000124 -0.729956 -0.683494 -0.000072 -0.730102 -0.683338 -0.000056 -0.730076 -0.683366 -0.000055 -0.730073 -0.683369 -0.000055 -0.730073 -0.683369 0.000068 -0.729982 -0.683467 0.000068 -0.729982 -0.683467 -0.000059 -0.729974 -0.683475 0.000648 -0.730174 -0.683261 0.000057 -0.730076 -0.683366 0.000044 -0.730055 -0.683389 -0.000070 -0.730100 0.683341 -0.000098 -0.730146 0.683291 -0.000392 -0.730102 0.683338 0.000196 -0.729935 0.683516 -0.000158 -0.729946 0.683504 -0.000177 -0.729941 0.683510 -0.000146 -0.729743 0.683722 0.000099 -0.730148 0.683290 0.000064 -0.730113 0.683327 0.000064 -0.730113 0.683326 -0.000139 -0.729942 0.683509 0.000422 -0.730101 0.683340 0.000144 -0.729950 0.683500 0.000096 -0.729964 0.683486 -0.000079 -0.730114 0.683326 0.000161 -0.729718 0.683748 
					</float_array>
					<technique_common>
						<accessor count="672" offset="0" source="#meshId1-bitangents-array" stride="3">
							<param name="X" type="float" />
							<param name="Y" type="float" />
							<param name="Z" type="float" />
						</accessor>
					</technique_common>
				</source>
				<source id="meshId1-tex0" name="meshId1-tex0">
					<float_array id="meshId1-tex0-array" count="1344"> 
						0.565336 0.091295 0.566845 0.091328 0.566850 0.054232 0.565341 0.054264 0.566845 0.091328 0.568350 0.091295 0.568355 0.054264 0.566850 0.054232 0.568297 0.094943 0.566892 0.094561 0.566891 0.098438 0.568296 0.098052 0.565718 0.093387 0.562223 0.091295 0.561841 0.093386 0.568322 0.093120 0.982286 0.093176 0.982284 0.091352 0.568322 0.093120 0.982284 0.094999 0.982286 0.093176 0.983789 0.091384 0.983794 0.054288 0.982289 0.054320 0.983789 0.091384 0.985298 0.091352 0.985303 0.054321 0.983794 0.054288 0.984916 0.093444 0.988793 0.093444 0.988411 0.091352 0.983741 0.094618 0.982284 0.098112 0.983741 0.098495 0.989967 0.092125 0.989972 0.053550 0.988416 0.054321 0.983754 0.006109 0.982296 0.006881 0.982291 0.043912 0.983748 0.044684 0.982868 0.004789 0.567789 0.004733 0.568362 0.006825 0.982856 0.099669 0.567776 0.099612 0.566904 0.006052 0.566898 0.044627 0.568357 0.043855 0.560667 0.092066 0.562228 0.054263 0.560672 0.053491 0.988798 0.052230 0.984921 0.052229 0.983748 0.047178 0.982290 0.047560 0.982290 0.050673 0.983747 0.051055 0.982292 0.045737 0.568328 0.045680 0.568303 0.047504 0.982292 0.045737 0.568328 0.045680 0.566898 0.047121 
						0.566898 0.050998 0.568303 0.050613 0.561846 0.052172 0.565723 0.052172 0.982291 0.052496 0.568328 0.052438 0.982291 0.052496 0.568328 0.052438 0.566892 0.093387 0.566892 0.093387 0.566892 0.093387 0.983742 0.093444 0.983742 0.093444 0.983742 0.093444 0.983754 0.004789 0.989967 0.093444 0.983741 0.099669 0.560667 0.093386 0.566904 0.004732 0.566891 0.099612 0.983748 0.046004 0.989972 0.052230 0.983748 0.046004 0.560672 0.052171 0.566898 0.045947 0.566898 0.045947 0.983747 0.052229 0.983747 0.052229 0.983747 0.052229 0.566897 0.052172 0.566897 0.052172 0.566897 0.052172 0.637077 0.172117 0.635948 0.172227 0.635952 0.146269 0.637081 0.146379 0.635948 0.172227 0.634890 0.172117 0.634893 0.146379 0.635952 0.146269 0.637077 0.176235 0.637075 0.174181 0.962903 0.174226 0.962901 0.176280 0.637075 0.174181 0.962901 0.172161 0.962903 0.174226 0.635120 0.175499 0.631223 0.175498 0.631454 0.172116 0.635626 0.176005 0.637076 0.179672 0.635625 0.179902 0.965089 0.172162 0.964030 0.172272 0.964034 0.146314 0.965092 0.146424 0.964030 0.172272 0.962905 0.146424 0.964034 0.146314 0.964352 0.176049 0.964351 0.179947 0.962900 0.179716 0.964858 0.175544 
						0.968525 0.172162 0.968755 0.175544 0.630717 0.173267 0.630721 0.145228 0.631457 0.146379 0.635635 0.107818 0.637086 0.108969 0.637082 0.134706 0.635631 0.135856 0.636517 0.105587 0.963479 0.105631 0.962910 0.109013 0.636507 0.180408 0.963469 0.180453 0.964361 0.107863 0.964357 0.135901 0.962906 0.134751 0.969261 0.173313 0.968528 0.146424 0.969265 0.145274 0.631227 0.142997 0.635124 0.142997 0.635631 0.138594 0.637082 0.138825 0.637081 0.142261 0.635630 0.142491 0.637080 0.136771 0.962908 0.136815 0.962906 0.138869 0.637080 0.136771 0.962908 0.136815 0.964357 0.138639 0.964356 0.142536 0.962905 0.142305 0.968759 0.143042 0.964862 0.143042 0.637079 0.144315 0.962907 0.144359 0.637079 0.144315 0.962907 0.144359 0.635626 0.175499 0.635626 0.175499 0.635626 0.175499 0.964352 0.175544 0.964352 0.175544 0.964352 0.175544 0.635635 0.105586 0.630717 0.175498 0.635625 0.180408 0.969261 0.175544 0.964361 0.105631 0.964351 0.180453 0.635631 0.138088 0.630721 0.142997 0.635631 0.138088 0.969265 0.143042 0.964357 0.138133 0.964357 0.138133 0.635630 0.142997 0.635630 0.142997 0.635630 0.142997 0.964356 0.143042 0.964356 0.143042 0.964356 0.143042 
						0.021502 0.082350 0.020092 0.082381 0.020097 0.047610 0.021507 0.047640 0.020092 0.082381 0.018677 0.082350 0.018682 0.047640 0.020097 0.047610 0.021502 0.085770 0.021500 0.084061 0.409491 0.084113 0.409489 0.085822 0.021500 0.084061 0.409490 0.082403 0.409491 0.084113 0.019035 0.084311 0.015401 0.084310 0.015760 0.082350 0.020135 0.085411 0.021501 0.088687 0.020135 0.089045 0.412315 0.082403 0.410900 0.082434 0.410905 0.047663 0.412319 0.047693 0.410900 0.082434 0.409495 0.047693 0.410905 0.047663 0.410856 0.085464 0.410855 0.089098 0.409489 0.088740 0.411956 0.084364 0.415232 0.082404 0.415590 0.084364 0.014301 0.083073 0.014306 0.046916 0.015764 0.047640 0.020147 0.002451 0.021513 0.003174 0.021508 0.037884 0.020142 0.038608 0.020977 0.001214 0.410037 0.001266 0.409501 0.003227 0.020965 0.090146 0.410025 0.090199 0.410867 0.002504 0.410862 0.038661 0.409496 0.037937 0.416691 0.083128 0.415237 0.047694 0.416696 0.046970 0.015406 0.045679 0.019041 0.045679 0.020142 0.040945 0.021508 0.041303 0.021507 0.044221 0.020141 0.044579 0.021506 0.039595 0.409497 0.039647 0.409495 0.041356 0.021506 0.039595 0.409497 0.039647 0.410862 0.040998 
						0.410861 0.044632 0.409495 0.044274 0.415595 0.045733 0.411961 0.045733 0.021506 0.045930 0.409496 0.045983 0.021506 0.045930 0.409496 0.045983 0.020136 0.084311 0.020136 0.084311 0.020136 0.084311 0.410856 0.084364 0.410856 0.084364 0.410856 0.084364 0.020147 0.001214 0.014301 0.084310 0.020135 0.090146 0.416691 0.084365 0.410867 0.001267 0.410855 0.090199 0.020142 0.039845 0.014306 0.045679 0.020142 0.039845 0.416696 0.045733 0.410862 0.039898 0.410862 0.039898 0.020141 0.045680 0.020141 0.045680 0.020141 0.045680 0.410861 0.045733 0.410861 0.045733 0.410861 0.045733 0.419815 0.992358 0.419717 0.751338 0.454796 0.751324 0.454895 0.992344 0.396707 0.731878 0.396806 0.972898 0.361726 0.972913 0.361628 0.731893 0.458077 0.990396 0.457978 0.749376 0.474608 0.733793 0.474706 0.974813 0.399989 0.974844 0.399891 0.733824 0.416533 0.749393 0.416632 0.990413 0.441062 0.703907 0.441095 0.445759 0.478667 0.445764 0.478635 0.703912 0.416456 0.466609 0.416423 0.724757 0.378851 0.724752 0.378883 0.466604 0.357626 0.705982 0.357659 0.447834 0.375475 0.464519 0.375443 0.722667 0.419833 0.722673 0.419865 0.464524 0.437685 0.447844 0.437653 0.705992 
						0.787965 0.403228 0.788003 0.653633 0.751557 0.653639 0.751520 0.403233 0.811897 0.633402 0.811859 0.382997 0.848305 0.382991 0.848342 0.633397 0.868898 0.401193 0.868936 0.651598 0.851649 0.635419 0.851611 0.385013 0.808553 0.385020 0.808591 0.635425 0.791309 0.651610 0.791271 0.401204 0.985930 0.440342 0.985961 0.641473 0.956687 0.641478 0.956657 0.440346 0.908221 0.657732 0.908191 0.456601 0.937464 0.456596 0.937495 0.657727 0.954001 0.441971 0.954032 0.643103 0.940151 0.656103 0.940120 0.454971 0.905534 0.454977 0.905565 0.656108 0.891680 0.643112 0.891650 0.441981 0.418125 0.750768 0.418224 0.991789 0.418125 0.750768 0.418224 0.991789 0.456387 0.750753 0.456486 0.991773 0.456387 0.750753 0.456486 0.991773 0.398397 0.973468 0.398299 0.732448 0.398397 0.973468 0.398299 0.732448 0.360135 0.973484 0.360037 0.732463 0.476297 0.973436 0.476199 0.732416 0.355922 0.704508 0.355954 0.446360 0.480339 0.704523 0.480371 0.446375 0.439358 0.704518 0.439390 0.446370 0.439358 0.704518 0.439390 0.446370 0.377179 0.465993 0.377147 0.724142 0.377179 0.465993 0.377147 0.724142 0.418160 0.465998 0.418128 0.724146 0.418160 0.465998 0.418128 0.724146 
						0.870551 0.402623 0.870589 0.653028 0.749866 0.402641 0.749904 0.653046 0.789618 0.402635 0.789656 0.653041 0.789618 0.402635 0.789656 0.653041 0.849996 0.633989 0.849958 0.383583 0.849996 0.633989 0.849958 0.383583 0.810244 0.633995 0.810206 0.383589 0.810244 0.633995 0.810206 0.383589 0.890352 0.641964 0.890321 0.440832 0.987289 0.641949 0.987258 0.440818 0.955359 0.641954 0.955329 0.440822 0.955359 0.641954 0.955329 0.440822 0.906863 0.456125 0.906893 0.657256 0.906863 0.456125 0.906893 0.657256 0.938792 0.456120 0.938823 0.657251 0.938792 0.456120 0.938823 0.657251 0.682881 0.677134 0.682885 0.390890 0.713006 0.390890 0.713003 0.677134 0.657933 0.355958 0.657929 0.642202 0.627807 0.642202 0.627811 0.355958 0.716455 0.673641 0.716460 0.387397 0.734508 0.359452 0.734504 0.645696 0.661381 0.645695 0.661385 0.359451 0.679433 0.387397 0.679429 0.673641 0.512913 0.958759 0.512892 0.687027 0.541486 0.687025 0.541507 0.958756 0.593771 0.720181 0.593792 0.991912 0.565198 0.991915 0.565177 0.720183 0.544785 0.962072 0.544764 0.690340 0.561899 0.716867 0.561920 0.988599 0.492505 0.988604 0.492484 0.716873 0.509615 0.690343 0.509635 0.962075 
						0.869717 0.951854 0.869759 0.665611 0.899880 0.665615 0.899838 0.951859 0.954949 0.700554 0.954907 0.986798 0.924786 0.986793 0.924828 0.700550 0.903290 0.955352 0.903332 0.669109 0.921376 0.697057 0.921334 0.983300 0.848211 0.983289 0.848254 0.697046 0.866305 0.669103 0.866263 0.955347 0.631049 0.994946 0.631041 0.723214 0.659635 0.723213 0.659643 0.994945 0.711917 0.690052 0.711924 0.961783 0.683330 0.961784 0.683322 0.690053 0.662920 0.991629 0.662913 0.719897 0.680045 0.693368 0.680052 0.965100 0.610637 0.965102 0.610630 0.693370 0.627763 0.719898 0.627771 0.991630 0.681159 0.389867 0.681155 0.676111 0.681159 0.389867 0.681155 0.676111 0.714733 0.389867 0.714729 0.676111 0.714733 0.389867 0.714729 0.676111 0.659655 0.643225 0.659659 0.356981 0.659655 0.643225 0.659659 0.356981 0.626081 0.643225 0.626085 0.356981 0.736230 0.643226 0.736234 0.356982 0.543146 0.959728 0.543125 0.687996 0.543146 0.959728 0.543125 0.687996 0.511274 0.959730 0.511253 0.687998 0.511274 0.959730 0.511253 0.687998 0.563538 0.719212 0.563559 0.990944 0.563538 0.719212 0.563559 0.990944 0.595410 0.719209 0.595431 0.990941 0.490845 0.719217 0.490866 0.990949 
						0.901564 0.952882 0.901606 0.666639 0.901564 0.952882 0.901606 0.666639 0.867990 0.952877 0.868032 0.666633 0.867990 0.952877 0.868032 0.666633 0.923102 0.699527 0.923060 0.985770 0.923102 0.699527 0.923060 0.985770 0.956676 0.699531 0.956634 0.985775 0.846527 0.699515 0.846485 0.985759 0.629402 0.722243 0.629410 0.993975 0.629402 0.722243 0.629410 0.993975 0.661274 0.722242 0.661282 0.993973 0.661274 0.722242 0.661282 0.993973 0.608998 0.962758 0.608991 0.691026 0.713563 0.962755 0.713555 0.691023 0.681691 0.962756 0.681684 0.691024 0.681691 0.962756 0.681684 0.691024 0.524706 0.207180 0.524704 0.363864 0.501899 0.363864 0.501902 0.207180 0.539656 0.376521 0.539659 0.219837 0.562463 0.219837 0.562461 0.376522 0.499833 0.208445 0.499830 0.365130 0.489015 0.375255 0.489017 0.218571 0.537590 0.218571 0.537587 0.375256 0.526772 0.365130 0.526775 0.208446 0.759067 0.761034 0.759041 0.992327 0.725377 0.992323 0.725403 0.761030 0.781116 0.973646 0.781142 0.742353 0.814806 0.742357 0.814780 0.973650 0.833823 0.759174 0.833797 0.990468 0.817834 0.975519 0.817860 0.744226 0.778087 0.744221 0.778062 0.975514 0.762095 0.990460 0.762121 0.759166 
						0.392956 0.403585 0.392965 0.204119 0.421996 0.204121 0.421987 0.403587 0.470063 0.220235 0.470054 0.419701 0.441022 0.419700 0.441032 0.220234 0.424621 0.405198 0.424630 0.205732 0.438398 0.218623 0.438388 0.418089 0.376553 0.418086 0.376562 0.218620 0.390331 0.205730 0.390322 0.405196 0.615299 0.399272 0.615338 0.657421 0.577765 0.657426 0.577727 0.399278 0.515560 0.678288 0.515521 0.420140 0.553094 0.420134 0.553132 0.678283 0.574318 0.401363 0.574357 0.659512 0.556541 0.676197 0.556502 0.418049 0.512112 0.418055 0.512151 0.676204 0.494330 0.659524 0.494291 0.401375 0.525738 0.364235 0.525741 0.207551 0.525738 0.364235 0.525741 0.207551 0.500864 0.364235 0.500867 0.207550 0.500864 0.364235 0.500867 0.207550 0.538625 0.219466 0.538622 0.376151 0.538625 0.219466 0.538622 0.376151 0.563498 0.219467 0.563495 0.376151 0.487983 0.219465 0.487980 0.376150 0.835350 0.760496 0.835324 0.991789 0.723876 0.760483 0.723850 0.991776 0.760594 0.760487 0.760568 0.991780 0.760594 0.760487 0.760568 0.991780 0.816307 0.974198 0.816333 0.742905 0.816307 0.974198 0.816333 0.742905 0.779589 0.974194 0.779615 0.742900 0.779589 0.974194 0.779615 0.742900 
						0.423304 0.404058 0.423314 0.204592 0.423304 0.404058 0.423314 0.204592 0.391639 0.404057 0.391648 0.204591 0.391639 0.404057 0.391648 0.204591 0.439715 0.219762 0.439705 0.419228 0.439715 0.219762 0.439705 0.419228 0.471380 0.219763 0.471371 0.419230 0.375245 0.219759 0.375236 0.419225 0.492625 0.658050 0.492586 0.399901 0.617042 0.658031 0.617004 0.399883 0.576061 0.658037 0.576022 0.399889 0.576061 0.658037 0.576022 0.399889 0.513817 0.419529 0.513855 0.677678 0.513817 0.419529 0.513855 0.677678 0.554798 0.419523 0.554837 0.677672 0.554798 0.419523 0.554837 0.677672 
					</float_array>
					<technique_common>
						<accessor count="672" offset="0" source="#meshId1-tex0-array" stride="2">
							<param name="S" type="float" />
							<param name="T" type="float" />
						</accessor>
					</technique_common>
				</source>
				<vertices id="meshId1-vertices">
					<input semantic="POSITION" source="#meshId1-positions" />
				</vertices>
				<polylist count="612" material="defaultMaterial">
					<input offset="0" semantic="VERTEX" source="#meshId1-vertices" />
					<input offset="0" semantic="NORMAL" source="#meshId1-normals" />
					<input offset="0" semantic="TANGENT" source="#meshId1-tangents" />
					<input offset="0" semantic="BINORMAL" source="#meshId1-bitangents" />
					<input offset="0" semantic="TEXCOORD" source="#meshId1-tex0" set="0" />
					<vcount>
						3 3 3 3 3 3 3 3 3 3 3 3 3 3 3 3 3 3 3 3 3 3 3 3 3 3 3 3 3 3 3 3 3 3 3 3 3 3 3 3 3 3 3 3 3 3 3 3 3 3 3 3 3 3 3 3 3 3 3 3 3 3 3 3 
						3 3 3 3 3 3 3 3 3 3 3 3 3 3 3 3 3 3 3 3 3 3 3 3 3 3 3 3 3 3 3 3 3 3 3 3 3 3 3 3 3 3 3 3 3 3 3 3 3 3 3 3 3 3 3 3 3 3 3 3 3 3 3 3 
						3 3 3 3 3 3 3 3 3 3 3 3 3 3 3 3 3 3 3 3 3 3 3 3 3 3 3 3 3 3 3 3 3 3 3 3 3 3 3 3 3 3 3 3 3 3 3 3 3 3 3 3 3 3 3 3 3 3 3 3 3 3 3 3 
						3 3 3 3 3 3 3 3 3 3 3 3 3 3 3 3 3 3 3 3 3 3 3 3 3 3 3 3 3 3 3 3 3 3 3 3 3 3 3 3 3 3 3 3 3 3 3 3 3 3 3 3 3 3 3 3 3 3 3 3 3 3 3 3 
						3 3 3 3 3 3 3 3 3 3 3 3 3 3 3 3 3 3 3 3 3 3 3 3 3 3 3 3 3 3 3 3 3 3 3 3 3 3 3 3 3 3 3 3 3 3 3 3 3 3 3 3 3 3 3 3 3 3 3 3 3 3 3 3 
						3 3 3 3 3 3 3 3 3 3 3 3 3 3 3 3 3 3 3 3 3 3 3 3 3 3 3 3 3 3 3 3 3 3 3 3 3 3 3 3 3 3 3 3 3 3 3 3 3 3 3 3 3 3 3 3 3 3 3 3 3 3 3 3 
						3 3 3 3 3 3 3 3 3 3 3 3 3 3 3 3 3 3 3 3 3 3 3 3 3 3 3 3 3 3 3 3 3 3 3 3 3 3 3 3 3 3 3 3 3 3 3 3 3 3 3 3 3 3 3 3 3 3 3 3 3 3 3 3 
						3 3 3 3 3 3 3 3 3 3 3 3 3 3 3 3 3 3 3 3 3 3 3 3 3 3 3 3 3 3 3 3 3 3 3 3 3 3 3 3 3 3 3 3 3 3 3 3 3 3 3 3 3 3 3 3 3 3 3 3 3 3 3 3 
						3 3 3 3 3 3 3 3 3 3 3 3 3 3 3 3 3 3 3 3 3 3 3 3 3 3 3 3 3 3 3 3 3 3 3 3 3 3 3 3 3 3 3 3 3 3 3 3 3 3 3 3 3 3 3 3 3 3 3 3 3 3 3 3 
						3 3 3 3 3 3 3 3 3 3 3 3 3 3 3 3 3 3 3 3 3 3 3 3 3 3 3 3 3 3 3 3 3 3 3 3 
					</vcount>
					<p>
						3 0 1 1 2 3 7 4 5 5 6 7 11 8 9 9 10 11 14 12 0 0 13 14 17 5 15 15 16 17 20 18 8 8 19 20 23 17 21 21 22 23 27 24 25 25 26 27 30 25 28 28 29 30 33 31 19 19 32 33 36 30 34 34 35 36 40 37 38 38 39 40 43 38 41 41 42 43 45 44 32 32 11 45 48 43 46 46 47 48 51 49 13 13 50 51 26 36 52 52 53 26 57 54 55 55 56 57 60 55 58 58 59 60 62 61 39 39 48 62 65 60 63 63 64 65 67 66 50 50 3 67 6 23 68 68 69 6 71 70 56 56 65 71 19 8 11 11 32 19 38 43 48 48 39 38 55 60 65 65 56 55 23 6 5 5 17 23 26 25 30 30 36 26 0 3 50 50 13 0 72 15 5 5 4 72 73 1 0 0 12 73 
						74 9 8 8 18 74 75 28 25 25 24 75 76 21 17 17 16 76 77 20 19 19 31 77 78 41 38 38 37 78 79 34 30 30 29 79 80 33 32 32 44 80 81 14 13 13 49 81 82 46 43 43 42 82 83 45 11 11 10 83 84 58 55 55 54 84 85 52 36 36 35 85 86 40 39 39 61 86 87 51 50 50 66 87 88 63 60 60 59 88 89 62 48 48 47 89 90 68 23 23 22 90 91 27 26 26 53 91 92 57 56 56 70 92 93 67 3 3 2 93 94 7 6 6 69 94 95 71 65 65 64 95 99 96 97 97 98 99 103 100 101 101 102 103 107 104 105 105 106 107 110 108 96 96 109 110 113 101 111 111 112 113 116 114 104 104 115 116 120 117 118 118 119 120 123 121 109 109 122 123 126 107 124 124 125 126 129 127 117 117 128 129 
						132 113 130 130 131 132 136 133 134 134 135 136 139 134 137 137 138 139 141 140 115 115 126 141 144 139 142 142 143 144 147 145 128 128 146 147 102 132 148 148 149 102 153 150 151 151 152 153 156 151 154 154 155 156 158 157 135 135 144 158 161 156 159 159 160 161 163 162 146 146 120 163 122 99 164 164 165 122 167 166 152 152 161 167 115 104 107 107 126 115 135 134 139 139 144 135 152 151 156 156 161 152 96 99 122 122 109 96 128 117 120 120 146 128 132 102 101 101 113 132 168 111 101 101 100 168 169 97 96 96 108 169 170 105 104 104 114 170 171 110 109 109 121 171 172 118 117 117 127 172 173 124 107 107 106 173 174 137 134 134 133 174 175 130 113 113 112 175 176 116 115 115 140 176 177 129 128 128 145 177 178 142 139 139 138 178 179 141 126 126 125 179 
						180 154 151 151 150 180 181 148 132 132 131 181 182 136 135 135 157 182 183 147 146 146 162 183 184 159 156 156 155 184 185 158 144 144 143 185 186 164 99 99 98 186 187 103 102 102 149 187 188 153 152 152 166 188 189 163 120 120 119 189 190 123 122 122 165 190 191 167 161 161 160 191 195 192 193 193 194 195 199 196 197 197 198 199 203 200 201 201 202 203 206 204 192 192 205 206 209 197 207 207 208 209 212 210 200 200 211 212 216 213 214 214 215 216 219 217 205 205 218 219 222 203 220 220 221 222 225 223 213 213 224 225 228 209 226 226 227 228 232 229 230 230 231 232 235 230 233 233 234 235 237 236 211 211 222 237 240 235 238 238 239 240 243 241 224 224 242 243 198 228 244 244 245 198 249 246 247 247 248 249 252 247 250 250 251 252 254 253 231 231 240 254 
						257 252 255 255 256 257 259 258 242 242 216 259 218 195 260 260 261 218 263 262 248 248 257 263 211 200 203 203 222 211 231 230 235 235 240 231 248 247 252 252 257 248 192 195 218 218 205 192 224 213 216 216 242 224 228 198 197 197 209 228 264 207 197 197 196 264 265 193 192 192 204 265 266 201 200 200 210 266 267 206 205 205 217 267 268 214 213 213 223 268 269 220 203 203 202 269 270 233 230 230 229 270 271 226 209 209 208 271 272 212 211 211 236 272 273 225 224 224 241 273 274 238 235 235 234 274 275 237 222 222 221 275 276 250 247 247 246 276 277 244 228 228 227 277 278 232 231 231 253 278 279 243 242 242 258 279 280 255 252 252 251 280 281 254 240 240 239 281 282 260 195 195 194 282 283 199 198 198 245 283 284 249 248 248 262 284 285 259 216 216 215 285 
						286 219 218 218 261 286 287 263 257 257 256 287 291 288 289 289 290 291 295 292 293 293 294 295 299 296 297 297 298 299 303 300 301 301 302 303 307 304 305 305 306 307 311 308 309 309 310 311 315 312 313 313 314 315 319 316 317 317 318 319 323 320 321 321 322 323 327 324 325 325 326 327 331 328 329 329 330 331 335 332 333 333 334 335 339 336 337 337 338 339 343 340 341 341 342 343 347 344 345 345 346 347 351 348 349 349 350 351 303 302 352 352 353 303 355 354 289 289 288 355 291 290 356 356 357 291 359 358 297 297 296 359 301 300 360 360 361 301 363 362 293 293 292 363 295 294 364 364 365 295 367 366 299 299 298 367 313 312 368 368 369 313 371 370 307 307 306 371 305 304 372 372 373 305 375 374 319 319 318 375 315 314 376 376 377 315 379 378 311 311 310 379 
						309 308 380 380 381 309 383 382 317 317 316 383 329 328 384 384 385 329 387 386 323 323 322 387 321 320 388 388 389 321 391 390 335 335 334 391 331 330 392 392 393 331 395 394 327 327 326 395 325 324 396 396 397 325 399 398 333 333 332 399 351 350 400 400 401 351 403 402 337 337 336 403 339 338 404 404 405 339 407 406 345 345 344 407 349 348 408 408 409 349 411 410 341 341 340 411 343 342 412 412 413 343 415 414 347 347 346 415 419 416 417 417 418 419 423 420 421 421 422 423 427 424 425 425 426 427 431 428 429 429 430 431 435 432 433 433 434 435 439 436 437 437 438 439 443 440 441 441 442 443 447 444 445 445 446 447 451 448 449 449 450 451 455 452 453 453 454 455 459 456 457 457 458 459 463 460 461 461 462 463 467 464 465 465 466 467 471 468 469 469 470 471 
						475 472 473 473 474 475 479 476 477 477 478 479 431 430 480 480 481 431 483 482 417 417 416 483 419 418 484 484 485 419 487 486 425 425 424 487 429 428 488 488 489 429 491 490 421 421 420 491 423 422 492 492 493 423 495 494 427 427 426 495 441 440 496 496 497 441 499 498 435 435 434 499 433 432 500 500 501 433 503 502 447 447 446 503 443 442 504 504 505 443 507 506 439 439 438 507 437 436 508 508 509 437 511 510 445 445 444 511 457 456 512 512 513 457 515 514 451 451 450 515 449 448 516 516 517 449 519 518 463 463 462 519 459 458 520 520 521 459 523 522 455 455 454 523 453 452 524 524 525 453 527 526 461 461 460 527 479 478 528 528 529 479 531 530 465 465 464 531 467 466 532 532 533 467 535 534 473 473 472 535 477 476 536 536 537 477 539 538 469 469 468 539 
						471 470 540 540 541 471 543 542 475 475 474 543 547 544 545 545 546 547 551 548 549 549 550 551 555 552 553 553 554 555 559 556 557 557 558 559 563 560 561 561 562 563 567 564 565 565 566 567 571 568 569 569 570 571 575 572 573 573 574 575 579 576 577 577 578 579 583 580 581 581 582 583 587 584 585 585 586 587 591 588 589 589 590 591 595 592 593 593 594 595 599 596 597 597 598 599 603 600 601 601 602 603 607 604 605 605 606 607 559 558 608 608 609 559 611 610 545 545 544 611 547 546 612 612 613 547 615 614 553 553 552 615 557 556 616 616 617 557 619 618 549 549 548 619 551 550 620 620 621 551 623 622 555 555 554 623 569 568 624 624 625 569 627 626 563 563 562 627 561 560 628 628 629 561 631 630 575 575 574 631 571 570 632 632 633 571 635 634 567 567 566 635 
						565 564 636 636 637 565 639 638 573 573 572 639 585 584 640 640 641 585 643 642 579 579 578 643 577 576 644 644 645 577 647 646 591 591 590 647 587 586 648 648 649 587 651 650 583 583 582 651 581 580 652 652 653 581 655 654 589 589 588 655 607 606 656 656 657 607 659 658 593 593 592 659 595 594 660 660 661 595 663 662 601 601 600 663 605 604 664 664 665 605 667 666 597 597 596 667 599 598 668 668 669 599 671 670 603 603 602 671 
					</p>
				</polylist>
			</mesh>
		</geometry>
	</library_geometries>
	<library_visual_scenes>
		<visual_scene id="mesa2.obj" name="mesa2.obj">
			<node id="default" name="default">
				<matrix>1.000000 0.000000 0.000000 0.000000 0.000000 1.000000 0.000000 0.000000 0.000000 0.000000 1.000000 0.000000 0.000000 0.000000 0.000000 1.000000</matrix>
			</node>
			<node id="polySurface27" name="polySurface27">
				<matrix>1.000000 0.000000 0.000000 0.000000 0.000000 1.000000 0.000000 0.000000 0.000000 0.000000 1.000000 0.000000 0.000000 0.000000 0.000000 1.000000</matrix>
				<instance_geometry url="#meshId0">
					<bind_material>
						<technique_common>
							<instance_material symbol="defaultMaterial" target="#lambert2SG" />
						</technique_common>
					</bind_material>
				</instance_geometry>
				<instance_geometry url="#meshId1">
					<bind_material>
						<technique_common>
							<instance_material symbol="defaultMaterial" target="#Suporte1" />
						</technique_common>
					</bind_material>
				</instance_geometry>
			</node>
		</visual_scene>
	</library_visual_scenes>
	<scene>
		<instance_visual_scene url="#mesa2.obj" />
	</scene>
</COLLADA>
