<?xml version="1.0" encoding="utf-8"?>
<COLLADA xmlns="http://www.collada.org/2005/11/COLLADASchema" version="1.4.1" xmlns:xsi="http://www.w3.org/2001/XMLSchema-instance">
  <asset>
    <contributor>
      <author>Blender User</author>
      <authoring_tool>Blender 2.91.0 commit date:2020-11-25, commit time:08:34, hash:0f45cab862b8</authoring_tool>
    </contributor>
    <created>2020-12-06T00:15:51</created>
    <modified>2020-12-06T00:15:51</modified>
    <unit name="meter" meter="1"/>
    <up_axis>Z_UP</up_axis>
  </asset>
  <library_effects>
    <effect id="Material_001-effect">
      <profile_COMMON>
        <newparam sid="Material_001_Base_Color_png-surface">
          <surface type="2D">
            <init_from>Material_001_Base_Color_png</init_from>
          </surface>
        </newparam>
        <newparam sid="Material_001_Base_Color_png-sampler">
          <sampler2D>
            <source>Material_001_Base_Color_png-surface</source>
          </sampler2D>
        </newparam>
        <technique sid="common">
          <lambert>
            <emission>
              <color sid="emission">0 0 0 1</color>
            </emission>
            <diffuse>
              <texture texture="Material_001_Base_Color_png-sampler" texcoord="UVMap"/>
            </diffuse>
            <index_of_refraction>
              <float sid="ior">1.55</float>
            </index_of_refraction>
          </lambert>
        </technique>
      </profile_COMMON>
    </effect>
    <effect id="Material-effect">
      <profile_COMMON>
        <newparam sid="DefaultMaterial_Base_Color_png-surface">
          <surface type="2D">
            <init_from>DefaultMaterial_Base_Color_png</init_from>
          </surface>
        </newparam>
        <newparam sid="DefaultMaterial_Base_Color_png-sampler">
          <sampler2D>
            <source>DefaultMaterial_Base_Color_png-surface</source>
          </sampler2D>
        </newparam>
        <technique sid="common">
          <lambert>
            <emission>
              <color sid="emission">0 0 0 1</color>
            </emission>
            <diffuse>
              <texture texture="DefaultMaterial_Base_Color_png-sampler" texcoord="UVMap"/>
            </diffuse>
            <index_of_refraction>
              <float sid="ior">1.45</float>
            </index_of_refraction>
          </lambert>
        </technique>
      </profile_COMMON>
    </effect>
  </library_effects>
  <library_images>
    <image id="DefaultMaterial_Base_Color_png" name="DefaultMaterial_Base_Color_png">
      <init_from>DefaultMaterial_Base_Color.png</init_from>
    </image>
    <image id="Material_001_Base_Color_png" name="Material_001_Base_Color_png">
      <init_from>Material.001_Base_Color.png</init_from>
    </image>
  </library_images>
  <library_materials>
    <material id="Material_001-material" name="Material.001">
      <instance_effect url="#Material_001-effect"/>
    </material>
    <material id="Material-material" name="Material">
      <instance_effect url="#Material-effect"/>
    </material>
  </library_materials>
  <library_geometries>
    <geometry id="Cylinder-mesh" name="Cylinder">
      <mesh>
        <source id="Cylinder-mesh-positions">
          <float_array id="Cylinder-mesh-positions-array" count="672">0 1 -4.109364 0 1 1 0.1950903 0.9807853 -4.109364 0.1950903 0.9807853 1 0.3826835 0.9238795 -4.109364 0.3826835 0.9238795 1 0.5555703 0.8314696 -4.109364 0.5555703 0.8314696 1 0.7071068 0.7071068 -4.109364 0.7071068 0.7071068 1 0.8314697 0.5555702 -4.109364 0.8314697 0.5555702 1 0.9238795 0.3826834 -4.109364 0.9238795 0.3826834 1 0.9807853 0.1950903 -4.109364 0.9807853 0.1950903 1 1 0 -4.109364 1 0 1 0.9807853 -0.1950902 -4.109364 0.9807853 -0.1950902 1 0.9238796 -0.3826833 -4.109364 0.9238796 -0.3826833 1 0.8314697 -0.5555702 -4.109364 0.8314697 -0.5555702 1 0.7071068 -0.7071068 -4.109364 0.7071068 -0.7071068 1 0.5555702 -0.8314697 -4.109364 0.5555702 -0.8314697 1 0.3826833 -0.9238796 -4.109364 0.3826833 -0.9238796 1 0.1950901 -0.9807853 -4.109364 0.1950901 -0.9807853 1 -3.25841e-7 -1 -4.109364 -3.25841e-7 -1 1 -0.1950907 -0.9807852 -4.109364 -0.1950907 -0.9807852 1 -0.3826839 -0.9238793 -4.109364 -0.3826839 -0.9238793 1 -0.5555707 -0.8314693 -4.109364 -0.5555707 -0.8314693 1 -0.7071073 -0.7071064 -4.109364 -0.7071073 -0.7071064 1 -0.83147 -0.5555697 -4.109364 -0.83147 -0.5555697 1 -0.9238799 -0.3826827 -4.109364 -0.9238799 -0.3826827 1 -0.9807854 -0.1950894 -4.109364 -0.9807854 -0.1950894 1 -1 9.65599e-7 -4.109364 -1 9.65599e-7 1 -0.9807851 0.1950913 -4.109364 -0.9807851 0.1950913 1 -0.9238791 0.3826845 -4.109364 -0.9238791 0.3826845 1 -0.8314689 0.5555713 -4.109364 -0.8314689 0.5555713 1 -0.7071059 0.7071077 -4.109364 -0.7071059 0.7071077 1 -0.5555691 0.8314704 -4.109364 -0.5555691 0.8314704 1 -0.3826821 0.9238801 -4.109364 -0.3826821 0.9238801 1 -0.1950888 0.9807856 -4.109364 -0.1950888 0.9807856 1 0 1.384635 -3.550528 0.2701287 1.358029 -3.550528 0.5298767 1.279236 -3.550528 0.7692617 1.151282 -3.550528 0.9790844 0.9790846 -3.550528 1.151282 0.7692619 -3.550528 1.279235 0.529877 -3.550528 1.358029 0.2701291 -3.550528 1.384634 3.43646e-7 -3.550528 1.358029 -0.2701284 -3.550528 1.279235 -0.5298762 -3.550528 1.151282 -0.7692614 -3.550528 0.9790844 -0.9790841 -3.550528 0.7692617 -1.151281 -3.550528 0.5298765 -1.279235 -3.550528 0.2701284 -1.358029 -3.550528 -4.76412e-7 -1.384634 -3.550528 -0.2701294 -1.358029 -3.550528 -0.5298773 -1.279235 -3.550528 -0.7692624 -1.151281 -3.550528 -0.9790851 -0.9790836 -3.550528 -1.151282 -0.7692607 -3.550528 -1.279236 -0.5298753 -3.550528 -1.358029 -0.2701273 -3.550528 -1.384634 1.57611e-6 -3.550528 -1.358029 0.2701305 -3.550528 -1.279235 0.5298783 -3.550528 -1.15128 0.7692633 -3.550528 -0.9790832 0.9790858 -3.550528 -0.7692602 1.151283 -3.550528 -0.5298748 1.279236 -3.550528 -0.2701267 1.35803 -3.550528 0 1.506078 -2.961753 0.2938212 1.477139 -2.961753 0.5763511 1.391435 -2.961753 0.836732 1.252258 -2.961753 1.064958 1.064958 -2.961753 1.252258 0.8367321 -2.961753 1.391435 0.5763513 -2.961753 1.477139 0.2938215 -2.961753 1.506078 2.9025e-7 -2.961753 1.477139 -0.2938208 -2.961753 1.391435 -0.5763506 -2.961753 1.252258 -0.8367319 -2.961753 1.064958 -1.064958 -2.961753 0.8367319 -1.252258 -2.961753 0.5763508 -1.391434 -2.961753 0.2938208 -1.477139 -2.961753 -5.4535e-7 -1.506078 -2.961753 -0.2938219 -1.477139 -2.961753 -0.5763518 -1.391434 -2.961753 -0.8367328 -1.252257 -2.961753 -1.064959 -1.064957 -2.961753 -1.252259 -0.836731 -2.961753 -1.391435 -0.5763497 -2.961753 -1.477139 -0.2938197 -2.961753 -1.506078 1.63081e-6 -2.961753 -1.477139 0.293823 -2.961753 -1.391434 0.5763527 -2.961753 -1.252257 0.8367337 -2.961753 -1.064957 1.064959 -2.961753 -0.8367305 1.252259 -2.961753 -0.576349 1.391435 -2.961753 -0.293819 1.47714 -2.961753 0 1.526257 -2.231143 0.2977579 1.49693 -2.231143 0.5840731 1.410077 -2.231143 0.8479427 1.269036 -2.231143 1.079226 1.079227 -2.231143 1.269036 0.8479431 -2.231143 1.410077 0.5840736 -2.231143 1.49693 0.2977583 -2.231143 1.526257 5.02444e-7 -2.231143 1.49693 -0.2977573 -2.231143 1.410077 -0.5840725 -2.231143 1.269036 -0.8479424 -2.231143 1.079226 -1.079226 -2.231143 0.8479426 -1.269036 -2.231143 0.5840729 -1.410077 -2.231143 0.2977575 -1.49693 -2.231143 -5.38423e-7 -1.526256 -2.231143 -0.2977586 -1.49693 -2.231143 -0.5840739 -1.410077 -2.231143 -0.8479436 -1.269035 -2.231143 -1.079227 -1.079225 -2.231143 -1.269037 -0.8479416 -2.231143 -1.410078 -0.5840716 -2.231143 -1.49693 -0.2977562 -2.231143 -1.526257 1.86097e-6 -2.231143 -1.49693 0.2977598 -2.231143 -1.410077 0.5840751 -2.231143 -1.269035 0.8479447 -2.231143 -1.079225 1.079228 -2.231143 -0.8479412 1.269037 -2.231143 -0.584071 1.410079 -2.231143 -0.2977557 1.496931 -2.231143 0 1.358593 -0.836414 0.2650483 1.332489 -0.836414 0.519911 1.255176 -0.836414 0.7547938 1.129629 -0.836414 0.9606702 0.9606707 -0.836414 1.129629 0.7547942 -0.836414 1.255176 0.5199114 -0.836414 1.332488 0.2650487 -0.836414 1.358593 4.24423e-7 -0.836414 1.332488 -0.2650479 -0.836414 1.255176 -0.5199106 -0.836414 1.129629 -0.7547935 -0.836414 0.9606702 -0.96067 -0.836414 0.7547938 -1.129629 -0.836414 0.5199108 -1.255176 -0.836414 0.265048 -1.332488 -0.836414 -4.70268e-7 -1.358593 -0.836414 -0.2650489 -1.332488 -0.836414 -0.5199117 -1.255176 -0.836414 -0.7547946 -1.129628 -0.836414 -0.9606711 -0.9606695 -0.836414 -1.129629 -0.7547929 -0.836414 -1.255177 -0.5199097 -0.836414 -1.332488 -0.2650468 -0.836414 -1.358593 1.63371e-6 -0.836414 -1.332488 0.2650501 -0.836414 -1.255176 0.5199128 -0.836414 -1.129628 0.7547956 -0.836414 -0.9606692 0.9606719 -0.836414 -0.7547924 1.12963 -0.836414 -0.5199093 1.255177 -0.836414 -0.2650464 1.332489 -0.836414 0.2407436 1.210301 -3.829946 0.4722357 1.140078 -3.829946 0.68558 1.026043 -3.829946 0.8725779 0.8725781 -3.829946 1.026043 0.6855803 -3.829946 1.140078 0.472236 -3.829946 1.2103 0.240744 -3.829946 1.234011 3.64204e-7 -3.829946 1.2103 -0.2407432 -3.829946 1.140078 -0.4722353 -3.829946 1.026043 -0.6855797 -3.829946 0.8725779 -0.8725776 -3.829946 0.68558 -1.026043 -3.829946 0.4722355 -1.140078 -3.829946 0.2407433 -1.2103 -3.829946 -4.20699e-7 -1.234011 -3.829946 -0.2407442 -1.2103 -3.829946 -0.4722363 -1.140077 -3.829946 -0.6855807 -1.026042 -3.829946 -0.8725785 -0.8725771 -3.829946 -1.026044 -0.6855791 -3.829946 -1.140078 -0.4722346 -3.829946 -1.210301 -0.2407423 -3.829946 -1.234011 1.4626e-6 -3.829946 -1.2103 0.2407452 -3.829946 -1.140077 0.4722373 -3.829946 -1.026042 0.6855816 -3.829946 -0.8725768 0.8725792 -3.829946 -0.6855787 1.026044 -3.829946 -0.4722341 1.140079 -3.829946 -0.2407418 1.210301 -3.829946 0 1.234012 -3.829946</float_array>
          <technique_common>
            <accessor source="#Cylinder-mesh-positions-array" count="224" stride="3">
              <param name="X" type="float"/>
              <param name="Y" type="float"/>
              <param name="Z" type="float"/>
            </accessor>
          </technique_common>
        </source>
        <source id="Cylinder-mesh-normals">
          <float_array id="Cylinder-mesh-normals-array" count="672">0 0.6582669 0.7527846 0.1927286 0.9688926 0.1552511 0 0.9878751 0.155251 0.1283958 0.6456109 0.7527956 0.3780419 0.9126781 0.1552514 0.2519057 0.6081568 0.7527874 0.5488264 0.8213932 0.155251 0.3657108 0.5473302 0.752785 0.6985329 0.6985329 0.1552532 0.5473302 0.3657108 0.752785 0.8213932 0.5488264 0.155251 0.9126781 0.3780419 0.1552514 0.6081568 0.2519057 0.7527874 0.9688926 0.1927286 0.1552511 0.6456109 0.1283958 0.7527956 0.9878751 0 0.155251 0.6582669 0 0.7527846 0.9688926 -0.1927286 0.1552511 0.6456287 -0.1283932 0.7527807 0.9126781 -0.3780419 0.1552514 0.5473302 -0.3657108 0.752785 0.8213932 -0.5488264 0.155251 0.6985329 -0.6985329 0.1552532 0.4654549 -0.4654549 0.7527972 0.5488264 -0.8213932 0.155251 0.3657108 -0.5473302 0.752785 0.3780419 -0.9126781 0.1552514 0.2519057 -0.6081568 0.7527874 0.1927286 -0.9688926 0.1552511 0.1283958 -0.6456109 0.7527956 0 -0.9878751 0.155251 -0.1283958 -0.6456109 0.7527956 -0.1927286 -0.9688926 0.1552511 -0.3780419 -0.9126781 0.1552514 -0.3657108 -0.5473302 0.752785 -0.5488264 -0.8213932 0.155251 -0.4654549 -0.4654549 0.7527972 -0.6985329 -0.6985329 0.1552532 -0.8213932 -0.5488264 0.155251 -0.6081568 -0.2519057 0.7527874 -0.9126781 -0.3780419 0.1552514 -0.6456109 -0.1283958 0.7527956 -0.9688982 -0.1926993 0.155252 -0.6582669 0 0.7527846 -0.9878751 0 0.155251 -0.6456287 0.1283932 0.7527807 -0.9688926 0.1927286 0.1552511 -0.6081568 0.2519057 0.7527874 -0.9126781 0.3780419 0.1552514 -0.8213932 0.5488264 0.155251 -0.4654549 0.4654549 0.7527972 -0.6985329 0.6985329 0.1552532 -0.3657108 0.5473302 0.752785 -0.5488264 0.8213932 0.155251 -0.3780419 0.9126781 0.1552514 -0.2519057 -0.6081568 0.7527874 0.6081568 -0.2519057 0.7527874 -0.2519057 0.6081568 0.7527874 -0.1926993 0.9688982 0.155252 0.4357253 0.08667504 -0.8958967 0.08664476 -0.4357265 -0.8958991 -0.4357265 -0.08664476 -0.8958991 -0.1835129 0.9227223 -0.3389785 0 0.8296669 -0.5582588 -0.1618428 0.8137308 -0.5582554 -0.3174905 0.7665183 -0.5582559 -0.5226753 0.7822428 -0.338979 -0.4609291 0.6898525 -0.5582544 -0.5866659 0.5866659 -0.5582528 -0.6898525 0.4609291 -0.5582544 -0.6652406 0.6652406 -0.3389837 -0.7665183 0.3174905 -0.5582559 -0.7822428 0.5226753 -0.338979 -0.8137308 0.1618428 -0.5582554 -0.8691893 0.3600055 -0.3389777 -0.9407936 0 -0.3389799 -0.8296669 0 -0.5582588 -0.8137308 -0.1618428 -0.5582554 -0.7665183 -0.3174905 -0.5582559 -0.9227223 -0.1835129 -0.3389785 -0.7822428 -0.5226753 -0.338979 -0.6898525 -0.4609291 -0.5582544 -0.5866659 -0.5866659 -0.5582528 -0.5226753 -0.7822428 -0.338979 -0.4609291 -0.6898525 -0.5582544 -0.3174905 -0.7665183 -0.5582559 -0.1835424 -0.9227172 -0.3389766 -0.1618428 -0.8137308 -0.5582554 0 -0.8296669 -0.5582588 0.1835129 -0.9227223 -0.3389785 0.1618428 -0.8137308 -0.5582554 0.3174905 -0.7665183 -0.5582559 0.4609291 -0.6898525 -0.5582544 0.3600018 -0.8691805 -0.3390048 0.6652406 -0.6652406 -0.3389837 0.5866659 -0.5866659 -0.5582528 0.6898525 -0.4609291 -0.5582544 0.8691893 -0.3600055 -0.3389777 0.7665183 -0.3174905 -0.5582559 0.8137308 -0.1618428 -0.5582554 0.9407936 0 -0.3389799 0.8296669 0 -0.5582588 0.8137308 0.1618428 -0.5582554 0.7665183 0.3174905 -0.5582559 0.9227223 0.1835129 -0.3389785 0.6898525 0.4609291 -0.5582544 0.8691893 0.3600055 -0.3389777 0.6652406 0.6652406 -0.3389837 0.5866659 0.5866659 -0.5582528 0.4609291 0.6898525 -0.5582544 0.3600055 0.8691893 -0.3389777 0.3174905 0.7665183 -0.5582559 0.1618428 0.8137308 -0.5582554 0 0.9407936 -0.3389799 0 0.9934082 -0.1146311 -0.3600055 0.8691893 -0.3389777 -0.1937962 0.9743219 -0.1146297 -0.3801441 0.9177966 -0.1146292 -0.5519028 0.8259925 -0.1146287 -0.7024459 0.7024459 -0.1146277 -0.8259925 0.5519028 -0.1146287 -0.9227172 0.1835424 -0.3389766 -0.9177966 0.3801441 -0.1146292 -0.9934082 0 -0.1146311 -0.8691893 -0.3600055 -0.3389777 -0.9743219 -0.1937962 -0.1146297 -0.9177966 -0.3801441 -0.1146292 -0.7024459 -0.7024459 -0.1146277 -0.6652406 -0.6652406 -0.3389837 -0.3801441 -0.9177966 -0.1146292 -0.3600055 -0.8691893 -0.3389777 -0.1937962 -0.9743219 -0.1146297 0 -0.9934082 -0.1146311 0 -0.9407936 -0.3389799 0.1937962 -0.9743219 -0.1146297 0.3801441 -0.9177966 -0.1146292 0.5519028 -0.8259925 -0.1146287 0.5226753 -0.7822428 -0.338979 0.7024459 -0.7024459 -0.1146277 0.8259925 -0.5519028 -0.1146287 0.7822428 -0.5226753 -0.338979 0.9177966 -0.3801441 -0.1146292 0.9227223 -0.1835129 -0.3389785 0.9934082 0 -0.1146311 0.9743219 0.1937962 -0.1146297 0.9177966 0.3801441 -0.1146292 0.8259925 0.5519028 -0.1146287 0.7822428 0.5226753 -0.338979 0.7024459 0.7024459 -0.1146277 0.5226753 0.7822428 -0.338979 0.3801441 0.9177966 -0.1146292 0.1937962 0.9743219 -0.1146297 0.1835129 0.9227223 -0.3389785 -0.1948657 0.9797611 0.04577893 -0.3822762 0.9229136 0.04577791 -0.5549846 0.8306001 0.04577821 -0.7063655 0.7063655 0.04577869 -0.8306001 0.5549846 0.04577821 -0.922909 0.382287 0.04577916 -0.9797611 0.1948657 0.04577893 -0.9743219 0.1937962 -0.1146297 -0.9989517 0 0.04577863 -0.9797611 -0.1948657 0.04577893 -0.9229136 -0.3822762 0.04577791 -0.8306001 -0.5549846 0.04577821 -0.8259925 -0.5519028 -0.1146287 -0.7063655 -0.7063655 0.04577869 -0.5549846 -0.8306001 0.04577821 -0.5519028 -0.8259925 -0.1146287 -0.3822762 -0.9229136 0.04577791 -0.1948657 -0.9797611 0.04577893 0 -0.9989517 0.04577863 0.1948657 -0.9797611 0.04577893 0.3822762 -0.9229136 0.04577791 0.5549846 -0.8306001 0.04577821 0.7063655 -0.7063655 0.04577869 0.8306001 -0.5549846 0.04577821 0.9743219 -0.1937962 -0.1146297 0.9229136 -0.3822762 0.04577791 0.9797611 -0.1948657 0.04577893 0.9989517 0 0.04577863 0.9797611 0.1948657 0.04577893 0.9229136 0.3822762 0.04577791 0.8306001 0.5549846 0.04577821 0.5519028 0.8259925 -0.1146287 0.7063655 0.7063655 0.04577869 0.5549846 0.8306001 0.04577821 0.3822762 0.9229136 0.04577791 0.1948657 0.9797611 0.04577893 0 0.9989517 0.04577863 0.08664476 0.4357265 -0.8958991 0 0.4442691 -0.8958934 0.1699928 0.4104549 -0.8958958 0.2468121 0.3693789 -0.8959034 0.3141371 0.3141371 -0.8958995 0.3693789 0.2468121 -0.8959034 0.4104549 0.1699928 -0.8958958 0.4442691 0 -0.8958934 0.4357253 -0.08667504 -0.8958967 0.4104549 -0.1699928 -0.8958958 0.3693789 -0.2468121 -0.8959034 0.3141371 -0.3141371 -0.8958995 0.2468094 -0.3694053 -0.8958934 0.1699928 -0.4104549 -0.8958958 0 -0.4442691 -0.8958934 -0.08664476 -0.4357265 -0.8958991 -0.1699928 -0.4104549 -0.8958958 -0.2468094 -0.3694053 -0.8958934 -0.3141371 -0.3141371 -0.8958995 -0.3694053 -0.2468094 -0.8958934 -0.4104549 -0.1699928 -0.8958958 -0.4442691 0 -0.8958934 -0.4357253 0.08667504 -0.8958967 -0.4104295 0.169995 -0.8959071 -0.3693789 0.2468121 -0.8959034 -0.3141371 0.3141371 -0.8958995 -0.2468121 0.3693789 -0.8959034 -0.1699928 0.4104549 -0.8958958 -0.08664476 0.4357265 -0.8958991 0.4654549 0.4654549 0.7527972 0 -0.6582669 0.7527846 -0.5473302 -0.3657108 0.752785 -0.5473302 0.3657108 0.752785 -0.1283958 0.6456109 0.7527956</float_array>
          <technique_common>
            <accessor source="#Cylinder-mesh-normals-array" count="224" stride="3">
              <param name="X" type="float"/>
              <param name="Y" type="float"/>
              <param name="Z" type="float"/>
            </accessor>
          </technique_common>
        </source>
        <source id="Cylinder-mesh-map-0">
          <float_array id="Cylinder-mesh-map-0-array" count="2664">1 1 0.96875 0.8202894 1 0.8202894 0.96875 1 0.9375001 0.8202895 0.96875 0.8202894 0.9375 1 0.9062501 0.8202895 0.9375001 0.8202895 0.90625 1 0.875 0.8202894 0.9062501 0.8202895 0.875 0.8202894 0.84375 1 0.8437501 0.8202895 0.84375 1 0.8125 0.8202893 0.8437501 0.8202895 0.8125 1 0.78125 0.8202894 0.8125 0.8202893 0.78125 1 0.75 0.8202894 0.78125 0.8202894 0.75 1 0.71875 0.8202894 0.75 0.8202894 0.71875 1 0.6875001 0.8202895 0.71875 0.8202894 0.6875001 0.8202895 0.65625 1 0.65625 0.8202894 0.65625 1 0.6250001 0.8202895 0.65625 0.8202894 0.625 1 0.59375 0.8202894 0.6250001 0.8202895 0.59375 1 0.5625 0.8202894 0.59375 0.8202894 0.5625 1 0.53125 0.8202895 0.5625 0.8202894 0.53125 1 0.4999999 0.8202893 0.53125 0.8202895 0.4999999 0.8202893 0.46875 1 0.46875 0.8202895 0.46875 1 0.4375 0.8202895 0.46875 0.8202895 0.4375 0.8202895 0.40625 1 0.40625 0.8202895 0.40625 0.8202895 0.375 1 0.375 0.8202893 0.375 1 0.34375 0.8202893 0.375 0.8202893 0.34375 0.8202893 0.3125 1 0.3125 0.8202894 0.3125 0.8202894 0.28125 1 0.28125 0.8202894 0.28125 0.8202894 0.25 1 0.25 0.8202895 0.25 0.8202895 0.21875 1 0.21875 0.8202894 0.21875 0.8202894 0.1875 1 0.1875 0.8202894 0.1875 1 0.15625 0.8202894 0.1875 0.8202894 0.15625 0.8202894 0.125 1 0.125 0.8202895 0.125 0.8202895 0.09375 1 0.09375 0.8202895 0.09375 1 0.0625 0.8202894 0.09375 0.8202895 0.02826899 0.3418443 0.1581559 0.02826893 0.4717311 0.158156 0.0625 1 0.03125 0.8202895 0.0625 0.8202894 0.03125 0.8202895 0 1 0 0.8202894 0.9853885 0.2968217 0.7968216 0.01461148 0.5146115 0.2031785 0.03125 0.5546875 0 0.5273437 0.03125 0.5273438 0.0625 0.5273438 0.03125 0.5546875 0.03125 0.5273438 0.09375 0.5546875 0.0625 0.5273438 0.09375 0.5273438 0.125 0.5273436 0.09375 0.5546875 0.09375 0.5273438 0.15625 0.5273438 0.125 0.5546875 0.125 0.5273436 0.1875 0.5273437 0.15625 0.5546875 0.15625 0.5273438 0.21875 0.5273438 0.1875 0.5546875 0.1875 0.5273437 0.25 0.5546875 0.21875 0.5273438 0.25 0.5273438 0.28125 0.5273438 0.25 0.5546875 0.25 0.5273438 0.3125 0.5273438 0.28125 0.5546875 0.28125 0.5273438 0.34375 0.5546875 0.3125 0.5273438 0.34375 0.5273438 0.375 0.5273438 0.34375 0.5546875 0.34375 0.5273438 0.40625 0.5546875 0.375 0.5273438 0.40625 0.5273438 0.4375 0.5273437 0.40625 0.5546875 0.40625 0.5273438 0.46875 0.5546875 0.4375 0.5273437 0.46875 0.5273436 0.5 0.5273438 0.46875 0.5546875 0.46875 0.5273436 0.53125 0.5546875 0.5 0.5273438 0.53125 0.5273437 0.5625 0.5273438 0.53125 0.5546875 0.53125 0.5273437 0.59375 0.5273438 0.5625 0.5546875 0.5625 0.5273438 0.625 0.5546875 0.59375 0.5273438 0.625 0.5273438 0.65625 0.5273438 0.625 0.5546875 0.625 0.5273438 0.6875 0.5546875 0.65625 0.5273438 0.6875 0.5273438 0.71875 0.5273438 0.6875 0.5546875 0.6875 0.5273438 0.75 0.5546875 0.71875 0.5273438 0.75 0.5273438 0.78125 0.5273438 0.75 0.5546875 0.75 0.5273438 0.8124999 0.5273438 0.7812501 0.5546875 0.78125 0.5273438 0.84375 0.5273438 0.8125 0.5546875 0.8124999 0.5273438 0.875 0.5546875 0.84375 0.5273438 0.875 0.5273438 0.9062499 0.5273438 0.875 0.5546875 0.875 0.5273438 0.9375 0.5546875 0.9062499 0.5273438 0.9375 0.5273437 0.96875 0.5273438 0.9375 0.5546875 0.9375 0.5273437 1 0.5546875 0.96875 0.5273438 1 0.5273438 0.03125 0.5546875 0 0.6123047 0 0.5546875 0.0625 0.5546875 0.03125 0.6123047 0.03125 0.5546875 0.09375 0.5546875 0.0625 0.6123047 0.0625 0.5546875 0.125 0.5546875 0.09375 0.6123047 0.09375 0.5546875 0.15625 0.5546875 0.125 0.6123047 0.125 0.5546875 0.1875 0.5546875 0.15625 0.6123047 0.15625 0.5546875 0.21875 0.5546875 0.1875 0.6123047 0.1875 0.5546875 0.25 0.6123047 0.21875 0.5546875 0.25 0.5546875 0.28125 0.5546875 0.25 0.6123047 0.25 0.5546875 0.3125 0.5546875 0.28125 0.6123047 0.28125 0.5546875 0.34375 0.5546875 0.3125 0.6123047 0.3125 0.5546875 0.375 0.6123046 0.34375 0.5546875 0.375 0.5546875 0.40625 0.5546875 0.375 0.6123046 0.375 0.5546875 0.4375 0.6123047 0.40625 0.5546875 0.4375 0.5546875 0.46875 0.6123047 0.4375 0.5546875 0.46875 0.5546875 0.5 0.6123046 0.46875 0.5546875 0.5 0.5546875 0.53125 0.6123047 0.5 0.5546875 0.53125 0.5546875 0.5625 0.6123047 0.53125 0.5546875 0.5625 0.5546875 0.59375 0.6123047 0.5625 0.5546875 0.59375 0.5546875 0.625 0.6123047 0.59375 0.5546875 0.625 0.5546875 0.65625 0.6123046 0.625 0.5546875 0.65625 0.5546875 0.6875 0.6123047 0.65625 0.5546875 0.6875 0.5546875 0.71875 0.5546875 0.6875 0.6123047 0.6875 0.5546875 0.75 0.6123047 0.71875 0.5546875 0.75 0.5546875 0.78125 0.6123047 0.75 0.5546875 0.7812501 0.5546875 0.8125 0.6123047 0.7812501 0.5546875 0.8125 0.5546875 0.84375 0.6123047 0.8125 0.5546875 0.84375 0.5546875 0.875 0.6123047 0.84375 0.5546875 0.875 0.5546875 0.90625 0.5546875 0.875 0.6123047 0.875 0.5546875 0.9375001 0.6123047 0.90625 0.5546875 0.9375 0.5546875 0.96875 0.6123047 0.9375 0.5546875 0.96875 0.5546875 1 0.5546875 0.96875 0.6123047 0.96875 0.5546875 0.03125 0.683802 0 0.6123047 0.03125 0.6123047 0.0625 0.6838019 0.03125 0.6123047 0.0625 0.6123047 0.09375 0.6838019 0.0625 0.6123047 0.09375 0.6123047 0.125 0.6838019 0.09375 0.6123047 0.125 0.6123047 0.15625 0.6838019 0.125 0.6123047 0.15625 0.6123047 0.1875 0.6838019 0.15625 0.6123047 0.1875 0.6123047 0.21875 0.6838018 0.1875 0.6123047 0.21875 0.6123047 0.25 0.6838019 0.21875 0.6123047 0.25 0.6123047 0.28125 0.6838018 0.25 0.6123047 0.28125 0.6123047 0.3125 0.6838019 0.28125 0.6123047 0.3125 0.6123047 0.34375 0.6838018 0.3125 0.6123047 0.34375 0.6123047 0.375 0.6838018 0.34375 0.6123047 0.375 0.6123046 0.4062499 0.6838018 0.375 0.6123046 0.40625 0.6123047 0.4375 0.6838019 0.40625 0.6123047 0.4375 0.6123047 0.46875 0.6838019 0.4375 0.6123047 0.46875 0.6123047 0.4999999 0.6838018 0.46875 0.6123047 0.5 0.6123046 0.53125 0.6123047 0.4999999 0.6838018 0.5 0.6123046 0.5625 0.6123047 0.53125 0.6838019 0.53125 0.6123047 0.59375 0.6123047 0.5625 0.6838019 0.5625 0.6123047 0.625 0.6123047 0.59375 0.6838019 0.59375 0.6123047 0.65625 0.6123046 0.625 0.6838019 0.625 0.6123047 0.6875 0.6123047 0.65625 0.6838018 0.65625 0.6123046 0.71875 0.6123047 0.6875 0.6838019 0.6875 0.6123047 0.75 0.6123047 0.71875 0.6838019 0.71875 0.6123047 0.78125 0.6123047 0.7499999 0.6838018 0.75 0.6123047 0.8125 0.6123047 0.78125 0.6838019 0.78125 0.6123047 0.84375 0.6123047 0.8125 0.6838018 0.8125 0.6123047 0.875 0.6123047 0.8437501 0.6838019 0.84375 0.6123047 0.90625 0.6123047 0.875 0.6838019 0.875 0.6123047 0.9375001 0.6123047 0.90625 0.6838019 0.90625 0.6123047 0.96875 0.6123047 0.9375001 0.6838019 0.9375001 0.6123047 1 0.6123047 0.96875 0.6838019 0.96875 0.6123047 0.03125 0.683802 0 0.8202894 0 0.6838019 0.0625 0.8202894 0.03125 0.683802 0.0625 0.6838019 0.09375 0.8202895 0.0625 0.6838019 0.09375 0.6838019 0.125 0.8202895 0.09375 0.6838019 0.125 0.6838019 0.15625 0.6838019 0.125 0.8202895 0.125 0.6838019 0.1875 0.8202894 0.15625 0.6838019 0.1875 0.6838019 0.21875 0.8202894 0.1875 0.6838019 0.21875 0.6838018 0.25 0.6838019 0.21875 0.8202894 0.21875 0.6838018 0.28125 0.6838018 0.25 0.8202895 0.25 0.6838019 0.3125 0.6838019 0.28125 0.8202894 0.28125 0.6838018 0.34375 0.8202893 0.3125 0.6838019 0.34375 0.6838018 0.375 0.8202893 0.34375 0.6838018 0.375 0.6838018 0.40625 0.8202895 0.375 0.6838018 0.4062499 0.6838018 0.4375 0.8202895 0.4062499 0.6838018 0.4375 0.6838019 0.46875 0.8202895 0.4375 0.6838019 0.46875 0.6838019 0.4999999 0.6838018 0.46875 0.8202895 0.46875 0.6838019 0.53125 0.8202895 0.4999999 0.6838018 0.53125 0.6838019 0.5625 0.8202894 0.53125 0.6838019 0.5625 0.6838019 0.59375 0.8202894 0.5625 0.6838019 0.59375 0.6838019 0.625 0.6838019 0.59375 0.8202894 0.59375 0.6838019 0.65625 0.8202894 0.625 0.6838019 0.65625 0.6838018 0.6875 0.6838019 0.65625 0.8202894 0.65625 0.6838018 0.71875 0.8202894 0.6875 0.6838019 0.71875 0.6838019 0.75 0.8202894 0.71875 0.6838019 0.7499999 0.6838018 0.78125 0.8202894 0.7499999 0.6838018 0.78125 0.6838019 0.8125 0.8202893 0.78125 0.6838019 0.8125 0.6838018 0.8437501 0.8202895 0.8125 0.6838018 0.8437501 0.6838019 0.875 0.6838019 0.8437501 0.8202895 0.8437501 0.6838019 0.9062501 0.8202895 0.875 0.6838019 0.90625 0.6838019 0.9375001 0.8202895 0.90625 0.6838019 0.9375001 0.6838019 0.96875 0.8202894 0.9375001 0.6838019 0.96875 0.6838019 1 0.8202894 0.96875 0.6838019 1 0.6838018 1 0.5273438 0.96875 0.5 1 0.5 0.96875 0.5 0.9375 0.5273437 0.9375 0.5 0.9375 0.5 0.9062499 0.5273438 0.90625 0.5 0.90625 0.5 0.875 0.5273438 0.875 0.5 0.875 0.5 0.84375 0.5273438 0.84375 0.5 0.84375 0.5 0.8124999 0.5273438 0.8125 0.5 0.8125 0.5 0.78125 0.5273438 0.78125 0.5 0.78125 0.5 0.75 0.5273438 0.75 0.5 0.75 0.5 0.71875 0.5273438 0.71875 0.5 0.71875 0.5 0.6875 0.5273438 0.6875 0.5 0.6875 0.5 0.65625 0.5273438 0.65625 0.5 0.65625 0.5 0.625 0.5273438 0.625 0.5 0.625 0.5 0.59375 0.5273438 0.59375 0.5 0.59375 0.5 0.5625 0.5273438 0.5625 0.5 0.5625 0.5 0.53125 0.5273437 0.53125 0.5 0.53125 0.5273437 0.5 0.5 0.53125 0.5 0.5 0.5273438 0.46875 0.5 0.5 0.5 0.46875 0.5273436 0.4375 0.5 0.46875 0.5 0.4375 0.5273437 0.40625 0.5 0.4375 0.5 0.40625 0.5273438 0.375 0.5 0.40625 0.5 0.375 0.5273438 0.34375 0.5 0.375 0.5 0.34375 0.5273438 0.3125 0.5 0.34375 0.5 0.3125 0.5273438 0.28125 0.5 0.3125 0.5 0.28125 0.5273438 0.25 0.5 0.28125 0.5 0.25 0.5273438 0.21875 0.5 0.25 0.5 0.21875 0.5273438 0.1875 0.5 0.21875 0.5 0.1875 0.5273437 0.15625 0.5 0.1875 0.5 0.15625 0.5273438 0.125 0.5 0.15625 0.5 0.125 0.5273436 0.09375 0.5 0.125 0.5 0.09375 0.5273438 0.0625 0.5 0.09375 0.5 0.0625 0.5273438 0.03125 0.5 0.0625 0.5 0.03125 0.5 0 0.5273437 0 0.5 1 1 0.96875 1 0.96875 0.8202894 0.96875 1 0.9375 1 0.9375001 0.8202895 0.9375 1 0.90625 1 0.9062501 0.8202895 0.90625 1 0.875 1 0.875 0.8202894 0.875 0.8202894 0.875 1 0.84375 1 0.84375 1 0.8125 1 0.8125 0.8202893 0.8125 1 0.78125 1 0.78125 0.8202894 0.78125 1 0.75 1 0.75 0.8202894 0.75 1 0.71875 1 0.71875 0.8202894 0.71875 1 0.6875 1 0.6875001 0.8202895 0.6875001 0.8202895 0.6875 1 0.65625 1 0.65625 1 0.625 1 0.6250001 0.8202895 0.625 1 0.59375 1 0.59375 0.8202894 0.59375 1 0.5625 1 0.5625 0.8202894 0.5625 1 0.53125 1 0.53125 0.8202895 0.53125 1 0.5 1 0.4999999 0.8202893 0.4999999 0.8202893 0.5 1 0.46875 1 0.46875 1 0.4375 1 0.4375 0.8202895 0.4375 0.8202895 0.4375 1 0.40625 1 0.40625 0.8202895 0.40625 1 0.375 1 0.375 1 0.34375 1 0.34375 0.8202893 0.34375 0.8202893 0.34375 1 0.3125 1 0.3125 0.8202894 0.3125 1 0.28125 1 0.28125 0.8202894 0.28125 1 0.25 1 0.25 0.8202895 0.25 1 0.21875 1 0.21875 0.8202894 0.21875 1 0.1875 1 0.1875 1 0.15625 1 0.15625 0.8202894 0.15625 0.8202894 0.15625 1 0.125 1 0.125 0.8202895 0.125 1 0.09375 1 0.09375 1 0.0625 1 0.0625 0.8202894 0.341844 0.4717311 0.2968217 0.4853885 0.25 0.49 0.25 0.49 0.2031787 0.4853885 0.341844 0.4717311 0.2031787 0.4853885 0.1581563 0.4717312 0.341844 0.4717311 0.1581563 0.4717312 0.1166634 0.4495529 0.08029454 0.4197058 0.08029454 0.4197058 0.05044746 0.3833371 0.02826899 0.3418443 0.02826899 0.3418443 0.01461154 0.2968219 0.00999999 0.2500002 0.00999999 0.2500002 0.01461148 0.2031785 0.02826899 0.3418443 0.01461148 0.2031785 0.02826881 0.1581561 0.02826899 0.3418443 0.02826881 0.1581561 0.05044716 0.1166633 0.1581559 0.02826893 0.05044716 0.1166633 0.08029425 0.08029443 0.1581559 0.02826893 0.08029425 0.08029443 0.116663 0.05044734 0.1581559 0.02826893 0.1581559 0.02826893 0.2031782 0.01461154 0.2499999 0.00999999 0.2499999 0.00999999 0.2968216 0.01461148 0.341844 0.02826887 0.341844 0.02826887 0.3833369 0.05044728 0.4197056 0.08029437 0.4197056 0.08029437 0.4495527 0.1166631 0.4717311 0.158156 0.4717311 0.158156 0.4853885 0.2031783 0.49 0.25 0.49 0.25 0.4853885 0.2968217 0.4717311 0.158156 0.4853885 0.2968217 0.4717311 0.341844 0.4717311 0.158156 0.4717311 0.341844 0.4495527 0.3833369 0.4197056 0.4197056 0.4197056 0.4197056 0.3833369 0.4495527 0.341844 0.4717311 0.1581563 0.4717312 0.08029454 0.4197058 0.341844 0.4717311 0.08029454 0.4197058 0.02826899 0.3418443 0.341844 0.4717311 0.1581559 0.02826893 0.2499999 0.00999999 0.4717311 0.158156 0.2499999 0.00999999 0.341844 0.02826887 0.4717311 0.158156 0.341844 0.02826887 0.4197056 0.08029437 0.4717311 0.158156 0.4717311 0.341844 0.4197056 0.4197056 0.4717311 0.158156 0.4197056 0.4197056 0.341844 0.4717311 0.4717311 0.158156 0.02826899 0.3418443 0.02826881 0.1581561 0.1581559 0.02826893 0.341844 0.4717311 0.02826899 0.3418443 0.4717311 0.158156 0.0625 1 0.03125 1 0.03125 0.8202895 0.03125 0.8202895 0.03125 1 0 1 0.7031787 0.4853885 0.75 0.49 0.7968217 0.4853885 0.7968217 0.4853885 0.841844 0.4717311 0.8833369 0.4495527 0.8833369 0.4495527 0.9197056 0.4197056 0.9495527 0.3833369 0.9495527 0.3833369 0.9717311 0.341844 0.8833369 0.4495527 0.9717311 0.341844 0.9853885 0.2968217 0.8833369 0.4495527 0.9853885 0.2968217 0.99 0.25 0.9853885 0.2031783 0.9853885 0.2031783 0.9717311 0.158156 0.9853885 0.2968217 0.9717311 0.158156 0.9495527 0.1166631 0.9853885 0.2968217 0.9495527 0.1166631 0.9197056 0.08029437 0.7968216 0.01461148 0.9197056 0.08029437 0.8833369 0.05044728 0.7968216 0.01461148 0.8833369 0.05044728 0.841844 0.02826887 0.7968216 0.01461148 0.7968216 0.01461148 0.75 0.00999999 0.7031782 0.01461154 0.7031782 0.01461154 0.6581559 0.02826893 0.616663 0.05044734 0.616663 0.05044734 0.5802943 0.08029443 0.5504472 0.1166633 0.5504472 0.1166633 0.5282688 0.1581561 0.5146115 0.2031785 0.5146115 0.2031785 0.51 0.2500002 0.5146116 0.2968219 0.5146116 0.2968219 0.5282691 0.3418443 0.5504475 0.3833371 0.5504475 0.3833371 0.5802946 0.4197058 0.7031787 0.4853885 0.5802946 0.4197058 0.6166634 0.4495529 0.7031787 0.4853885 0.6166634 0.4495529 0.6581563 0.4717312 0.7031787 0.4853885 0.7031787 0.4853885 0.7968217 0.4853885 0.8833369 0.4495527 0.7968216 0.01461148 0.7031782 0.01461154 0.5146115 0.2031785 0.7031782 0.01461154 0.616663 0.05044734 0.5146115 0.2031785 0.616663 0.05044734 0.5504472 0.1166633 0.5146115 0.2031785 0.5146115 0.2031785 0.5146116 0.2968219 0.7031787 0.4853885 0.5146116 0.2968219 0.5504475 0.3833371 0.7031787 0.4853885 0.7031787 0.4853885 0.8833369 0.4495527 0.9853885 0.2968217 0.9853885 0.2968217 0.9495527 0.1166631 0.7968216 0.01461148 0.7031787 0.4853885 0.9853885 0.2968217 0.5146115 0.2031785 0.03125 0.5546875 0 0.5546875 0 0.5273437 0.0625 0.5273438 0.0625 0.5546875 0.03125 0.5546875 0.09375 0.5546875 0.0625 0.5546875 0.0625 0.5273438 0.125 0.5273436 0.125 0.5546875 0.09375 0.5546875 0.15625 0.5273438 0.15625 0.5546875 0.125 0.5546875 0.1875 0.5273437 0.1875 0.5546875 0.15625 0.5546875 0.21875 0.5273438 0.21875 0.5546875 0.1875 0.5546875 0.25 0.5546875 0.21875 0.5546875 0.21875 0.5273438 0.28125 0.5273438 0.28125 0.5546875 0.25 0.5546875 0.3125 0.5273438 0.3125 0.5546875 0.28125 0.5546875 0.34375 0.5546875 0.3125 0.5546875 0.3125 0.5273438 0.375 0.5273438 0.375 0.5546875 0.34375 0.5546875 0.40625 0.5546875 0.375 0.5546875 0.375 0.5273438 0.4375 0.5273437 0.4375 0.5546875 0.40625 0.5546875 0.46875 0.5546875 0.4375 0.5546875 0.4375 0.5273437 0.5 0.5273438 0.5 0.5546875 0.46875 0.5546875 0.53125 0.5546875 0.5 0.5546875 0.5 0.5273438 0.5625 0.5273438 0.5625 0.5546875 0.53125 0.5546875 0.59375 0.5273438 0.59375 0.5546875 0.5625 0.5546875 0.625 0.5546875 0.59375 0.5546875 0.59375 0.5273438 0.65625 0.5273438 0.65625 0.5546875 0.625 0.5546875 0.6875 0.5546875 0.65625 0.5546875 0.65625 0.5273438 0.71875 0.5273438 0.71875 0.5546875 0.6875 0.5546875 0.75 0.5546875 0.71875 0.5546875 0.71875 0.5273438 0.78125 0.5273438 0.7812501 0.5546875 0.75 0.5546875 0.8124999 0.5273438 0.8125 0.5546875 0.7812501 0.5546875 0.84375 0.5273438 0.84375 0.5546875 0.8125 0.5546875 0.875 0.5546875 0.84375 0.5546875 0.84375 0.5273438 0.9062499 0.5273438 0.90625 0.5546875 0.875 0.5546875 0.9375 0.5546875 0.90625 0.5546875 0.9062499 0.5273438 0.96875 0.5273438 0.96875 0.5546875 0.9375 0.5546875 1 0.5546875 0.96875 0.5546875 0.96875 0.5273438 0.03125 0.5546875 0.03125 0.6123047 0 0.6123047 0.0625 0.5546875 0.0625 0.6123047 0.03125 0.6123047 0.09375 0.5546875 0.09375 0.6123047 0.0625 0.6123047 0.125 0.5546875 0.125 0.6123047 0.09375 0.6123047 0.15625 0.5546875 0.15625 0.6123047 0.125 0.6123047 0.1875 0.5546875 0.1875 0.6123047 0.15625 0.6123047 0.21875 0.5546875 0.21875 0.6123047 0.1875 0.6123047 0.25 0.6123047 0.21875 0.6123047 0.21875 0.5546875 0.28125 0.5546875 0.28125 0.6123047 0.25 0.6123047 0.3125 0.5546875 0.3125 0.6123047 0.28125 0.6123047 0.34375 0.5546875 0.34375 0.6123047 0.3125 0.6123047 0.375 0.6123046 0.34375 0.6123047 0.34375 0.5546875 0.40625 0.5546875 0.40625 0.6123047 0.375 0.6123046 0.4375 0.6123047 0.40625 0.6123047 0.40625 0.5546875 0.46875 0.6123047 0.4375 0.6123047 0.4375 0.5546875 0.5 0.6123046 0.46875 0.6123047 0.46875 0.5546875 0.53125 0.6123047 0.5 0.6123046 0.5 0.5546875 0.5625 0.6123047 0.53125 0.6123047 0.53125 0.5546875 0.59375 0.6123047 0.5625 0.6123047 0.5625 0.5546875 0.625 0.6123047 0.59375 0.6123047 0.59375 0.5546875 0.65625 0.6123046 0.625 0.6123047 0.625 0.5546875 0.6875 0.6123047 0.65625 0.6123046 0.65625 0.5546875 0.71875 0.5546875 0.71875 0.6123047 0.6875 0.6123047 0.75 0.6123047 0.71875 0.6123047 0.71875 0.5546875 0.78125 0.6123047 0.75 0.6123047 0.75 0.5546875 0.8125 0.6123047 0.78125 0.6123047 0.7812501 0.5546875 0.84375 0.6123047 0.8125 0.6123047 0.8125 0.5546875 0.875 0.6123047 0.84375 0.6123047 0.84375 0.5546875 0.90625 0.5546875 0.90625 0.6123047 0.875 0.6123047 0.9375001 0.6123047 0.90625 0.6123047 0.90625 0.5546875 0.96875 0.6123047 0.9375001 0.6123047 0.9375 0.5546875 1 0.5546875 1 0.6123047 0.96875 0.6123047 0.03125 0.683802 0 0.6838019 0 0.6123047 0.0625 0.6838019 0.03125 0.683802 0.03125 0.6123047 0.09375 0.6838019 0.0625 0.6838019 0.0625 0.6123047 0.125 0.6838019 0.09375 0.6838019 0.09375 0.6123047 0.15625 0.6838019 0.125 0.6838019 0.125 0.6123047 0.1875 0.6838019 0.15625 0.6838019 0.15625 0.6123047 0.21875 0.6838018 0.1875 0.6838019 0.1875 0.6123047 0.25 0.6838019 0.21875 0.6838018 0.21875 0.6123047 0.28125 0.6838018 0.25 0.6838019 0.25 0.6123047 0.3125 0.6838019 0.28125 0.6838018 0.28125 0.6123047 0.34375 0.6838018 0.3125 0.6838019 0.3125 0.6123047 0.375 0.6838018 0.34375 0.6838018 0.34375 0.6123047 0.4062499 0.6838018 0.375 0.6838018 0.375 0.6123046 0.4375 0.6838019 0.4062499 0.6838018 0.40625 0.6123047 0.46875 0.6838019 0.4375 0.6838019 0.4375 0.6123047 0.4999999 0.6838018 0.46875 0.6838019 0.46875 0.6123047 0.53125 0.6123047 0.53125 0.6838019 0.4999999 0.6838018 0.5625 0.6123047 0.5625 0.6838019 0.53125 0.6838019 0.59375 0.6123047 0.59375 0.6838019 0.5625 0.6838019 0.625 0.6123047 0.625 0.6838019 0.59375 0.6838019 0.65625 0.6123046 0.65625 0.6838018 0.625 0.6838019 0.6875 0.6123047 0.6875 0.6838019 0.65625 0.6838018 0.71875 0.6123047 0.71875 0.6838019 0.6875 0.6838019 0.75 0.6123047 0.7499999 0.6838018 0.71875 0.6838019 0.78125 0.6123047 0.78125 0.6838019 0.7499999 0.6838018 0.8125 0.6123047 0.8125 0.6838018 0.78125 0.6838019 0.84375 0.6123047 0.8437501 0.6838019 0.8125 0.6838018 0.875 0.6123047 0.875 0.6838019 0.8437501 0.6838019 0.90625 0.6123047 0.90625 0.6838019 0.875 0.6838019 0.9375001 0.6123047 0.9375001 0.6838019 0.90625 0.6838019 0.96875 0.6123047 0.96875 0.6838019 0.9375001 0.6838019 1 0.6123047 1 0.6838018 0.96875 0.6838019 0.03125 0.683802 0.03125 0.8202895 0 0.8202894 0.0625 0.8202894 0.03125 0.8202895 0.03125 0.683802 0.09375 0.8202895 0.0625 0.8202894 0.0625 0.6838019 0.125 0.8202895 0.09375 0.8202895 0.09375 0.6838019 0.15625 0.6838019 0.15625 0.8202894 0.125 0.8202895 0.1875 0.8202894 0.15625 0.8202894 0.15625 0.6838019 0.21875 0.8202894 0.1875 0.8202894 0.1875 0.6838019 0.25 0.6838019 0.25 0.8202895 0.21875 0.8202894 0.28125 0.6838018 0.28125 0.8202894 0.25 0.8202895 0.3125 0.6838019 0.3125 0.8202894 0.28125 0.8202894 0.34375 0.8202893 0.3125 0.8202894 0.3125 0.6838019 0.375 0.8202893 0.34375 0.8202893 0.34375 0.6838018 0.40625 0.8202895 0.375 0.8202893 0.375 0.6838018 0.4375 0.8202895 0.40625 0.8202895 0.4062499 0.6838018 0.46875 0.8202895 0.4375 0.8202895 0.4375 0.6838019 0.4999999 0.6838018 0.4999999 0.8202893 0.46875 0.8202895 0.53125 0.8202895 0.4999999 0.8202893 0.4999999 0.6838018 0.5625 0.8202894 0.53125 0.8202895 0.53125 0.6838019 0.59375 0.8202894 0.5625 0.8202894 0.5625 0.6838019 0.625 0.6838019 0.6250001 0.8202895 0.59375 0.8202894 0.65625 0.8202894 0.6250001 0.8202895 0.625 0.6838019 0.6875 0.6838019 0.6875001 0.8202895 0.65625 0.8202894 0.71875 0.8202894 0.6875001 0.8202895 0.6875 0.6838019 0.75 0.8202894 0.71875 0.8202894 0.71875 0.6838019 0.78125 0.8202894 0.75 0.8202894 0.7499999 0.6838018 0.8125 0.8202893 0.78125 0.8202894 0.78125 0.6838019 0.8437501 0.8202895 0.8125 0.8202893 0.8125 0.6838018 0.875 0.6838019 0.875 0.8202894 0.8437501 0.8202895 0.9062501 0.8202895 0.875 0.8202894 0.875 0.6838019 0.9375001 0.8202895 0.9062501 0.8202895 0.90625 0.6838019 0.96875 0.8202894 0.9375001 0.8202895 0.9375001 0.6838019 1 0.8202894 0.96875 0.8202894 0.96875 0.6838019 1 0.5273438 0.96875 0.5273438 0.96875 0.5 0.96875 0.5 0.96875 0.5273438 0.9375 0.5273437 0.9375 0.5 0.9375 0.5273437 0.9062499 0.5273438 0.90625 0.5 0.9062499 0.5273438 0.875 0.5273438 0.875 0.5 0.875 0.5273438 0.84375 0.5273438 0.84375 0.5 0.84375 0.5273438 0.8124999 0.5273438 0.8125 0.5 0.8124999 0.5273438 0.78125 0.5273438 0.78125 0.5 0.78125 0.5273438 0.75 0.5273438 0.75 0.5 0.75 0.5273438 0.71875 0.5273438 0.71875 0.5 0.71875 0.5273438 0.6875 0.5273438 0.6875 0.5 0.6875 0.5273438 0.65625 0.5273438 0.65625 0.5 0.65625 0.5273438 0.625 0.5273438 0.625 0.5 0.625 0.5273438 0.59375 0.5273438 0.59375 0.5 0.59375 0.5273438 0.5625 0.5273438 0.5625 0.5 0.5625 0.5273438 0.53125 0.5273437 0.53125 0.5273437 0.5 0.5273438 0.5 0.5 0.5 0.5273438 0.46875 0.5273436 0.46875 0.5 0.46875 0.5273436 0.4375 0.5273437 0.4375 0.5 0.4375 0.5273437 0.40625 0.5273438 0.40625 0.5 0.40625 0.5273438 0.375 0.5273438 0.375 0.5 0.375 0.5273438 0.34375 0.5273438 0.34375 0.5 0.34375 0.5273438 0.3125 0.5273438 0.3125 0.5 0.3125 0.5273438 0.28125 0.5273438 0.28125 0.5 0.28125 0.5273438 0.25 0.5273438 0.25 0.5 0.25 0.5273438 0.21875 0.5273438 0.21875 0.5 0.21875 0.5273438 0.1875 0.5273437 0.1875 0.5 0.1875 0.5273437 0.15625 0.5273438 0.15625 0.5 0.15625 0.5273438 0.125 0.5273436 0.125 0.5 0.125 0.5273436 0.09375 0.5273438 0.09375 0.5 0.09375 0.5273438 0.0625 0.5273438 0.0625 0.5 0.0625 0.5273438 0.03125 0.5273438 0.03125 0.5 0.03125 0.5 0.03125 0.5273438 0 0.5273437</float_array>
          <technique_common>
            <accessor source="#Cylinder-mesh-map-0-array" count="1332" stride="2">
              <param name="S" type="float"/>
              <param name="T" type="float"/>
            </accessor>
          </technique_common>
        </source>
        <vertices id="Cylinder-mesh-vertices">
          <input semantic="POSITION" source="#Cylinder-mesh-positions"/>
        </vertices>
        <triangles material="Material_001-material" count="444">
          <input semantic="VERTEX" source="#Cylinder-mesh-vertices" offset="0"/>
          <input semantic="NORMAL" source="#Cylinder-mesh-normals" offset="1"/>
          <input semantic="TEXCOORD" source="#Cylinder-mesh-map-0" offset="2" set="0"/>
          <p>1 0 0 161 1 1 160 2 2 3 3 3 162 4 4 161 1 5 5 5 6 163 6 7 162 4 8 7 7 9 164 8 10 163 6 11 164 8 12 11 9 13 165 10 14 11 9 15 166 11 16 165 10 17 13 12 18 167 13 19 166 11 20 15 14 21 168 15 22 167 13 23 17 16 24 169 17 25 168 15 26 19 18 27 170 19 28 169 17 29 170 19 30 23 20 31 171 21 32 23 20 33 172 22 34 171 21 35 25 23 36 173 24 37 172 22 38 27 25 39 174 26 40 173 24 41 29 27 42 175 28 43 174 26 44 31 29 45 176 30 46 175 28 47 176 30 48 35 31 49 177 32 50 35 31 51 178 33 52 177 32 53 178 33 54 39 34 55 179 35 56 179 35 57 41 36 58 180 37 59 41 36 60 181 38 61 180 37 62 181 38 63 45 39 64 182 40 65 182 40 66 47 41 67 183 42 68 183 42 69 49 43 70 184 44 71 184 44 72 51 45 73 185 46 74 185 46 75 53 47 76 186 48 77 53 47 78 187 49 79 186 48 80 187 49 81 57 50 82 188 51 83 188 51 84 59 52 85 189 53 86 59 52 87 190 54 88 189 53 89 53 47 90 37 55 91 21 56 92 61 57 93 191 58 94 190 54 95 191 58 96 1 0 97 160 2 98 14 59 99 30 60 100 46 61 101 95 62 102 223 63 103 222 64 104 221 65 105 95 62 106 222 64 107 93 66 108 221 65 109 220 67 110 219 68 111 93 66 112 220 67 113 218 69 114 92 70 115 219 68 116 217 71 117 91 72 118 218 69 119 216 73 120 90 74 121 217 71 122 88 75 123 216 73 124 215 76 125 214 77 126 88 75 127 215 76 128 213 78 129 87 79 130 214 77 131 85 80 132 213 78 133 212 81 134 211 82 135 85 80 136 212 81 137 83 83 138 211 82 139 210 84 140 209 85 141 83 83 142 210 84 143 81 86 144 209 85 145 208 87 146 207 88 147 81 86 148 208 87 149 79 89 150 207 88 151 206 90 152 205 91 153 79 89 154 206 90 155 204 92 156 78 93 157 205 91 158 76 94 159 204 92 160 203 95 161 202 96 162 76 94 163 203 95 164 74 97 165 202 96 166 201 98 167 200 99 168 74 97 169 201 98 170 72 100 171 200 99 172 199 101 173 198 102 174 72 100 175 199 101 176 197 103 177 71 104 178 198 102 179 196 105 180 70 106 181 197 103 182 68 107 183 196 105 184 195 108 185 194 109 186 68 107 187 195 108 188 66 110 189 194 109 190 193 111 191 192 112 192 66 110 193 193 111 194 64 113 195 192 112 196 223 63 197 95 62 198 96 114 199 64 113 200 94 115 201 127 116 202 95 62 203 93 66 204 126 117 205 94 115 206 92 70 207 125 118 208 93 66 209 91 72 210 124 119 211 92 70 212 90 74 213 123 120 214 91 72 215 89 121 216 122 122 217 90 74 218 120 123 219 89 121 220 88 75 221 87 79 222 120 123 223 88 75 224 86 124 225 119 125 226 87 79 227 85 80 228 118 126 229 86 124 230 116 127 231 85 80 232 84 128 233 83 83 234 116 127 235 84 128 236 114 129 237 83 83 238 82 130 239 113 131 240 82 130 241 81 86 242 112 132 243 81 86 244 80 133 245 111 134 246 80 133 247 79 89 248 110 135 249 79 89 250 78 93 251 109 136 252 78 93 253 77 137 254 108 138 255 77 137 256 76 94 257 107 139 258 76 94 259 75 140 260 106 141 261 75 140 262 74 97 263 73 142 264 106 141 265 74 97 266 104 143 267 73 142 268 72 100 269 103 144 270 72 100 271 71 104 272 102 145 273 71 104 274 70 106 275 101 146 276 70 106 277 69 147 278 100 148 279 69 147 280 68 107 281 67 149 282 100 148 283 68 107 284 98 150 285 67 149 286 66 110 287 97 151 288 66 110 289 65 152 290 64 113 291 97 151 292 65 152 293 159 153 294 96 114 295 127 116 296 158 154 297 127 116 298 126 117 299 157 155 300 126 117 301 125 118 302 156 156 303 125 118 304 124 119 305 155 157 306 124 119 307 123 120 308 154 158 309 123 120 310 122 122 311 153 159 312 122 122 313 121 160 314 152 161 315 121 160 316 120 123 317 151 162 318 120 123 319 119 125 320 150 163 321 119 125 322 118 126 323 149 164 324 118 126 325 117 165 326 148 166 327 117 165 328 116 127 329 147 167 330 116 127 331 115 168 332 146 169 333 115 168 334 114 129 335 145 170 336 114 129 337 113 131 338 144 171 339 113 131 340 112 132 341 111 134 342 144 171 343 112 132 344 110 135 345 143 172 346 111 134 347 109 136 348 142 173 349 110 135 350 108 138 351 141 174 352 109 136 353 107 139 354 140 175 355 108 138 356 106 141 357 139 176 358 107 139 359 105 177 360 138 178 361 106 141 362 104 143 363 137 179 364 105 177 365 103 144 366 136 180 367 104 143 368 102 145 369 135 181 370 103 144 371 101 146 372 134 182 373 102 145 374 100 148 375 133 183 376 101 146 377 99 184 378 132 185 379 100 148 380 98 150 381 131 186 382 99 184 383 97 151 384 130 187 385 98 150 386 96 114 387 129 188 388 97 151 389 159 153 390 160 2 391 128 189 392 190 54 393 159 153 394 158 154 395 189 53 396 158 154 397 157 155 398 188 51 399 157 155 400 156 156 401 155 157 402 188 51 403 156 156 404 186 48 405 155 157 406 154 158 407 185 46 408 154 158 409 153 159 410 152 161 411 185 46 412 153 159 413 151 162 414 184 44 415 152 161 416 150 163 417 183 42 418 151 162 419 181 38 420 150 163 421 149 164 422 180 37 423 149 164 424 148 166 425 179 35 426 148 166 427 147 167 428 178 33 429 147 167 430 146 169 431 177 32 432 146 169 433 145 170 434 144 171 435 177 32 436 145 170 437 175 28 438 144 171 439 143 172 440 174 26 441 143 172 442 142 173 443 173 24 444 142 173 445 141 174 446 140 175 447 173 24 448 141 174 449 171 21 450 140 175 451 139 176 452 138 178 453 171 21 454 139 176 455 169 17 456 138 178 457 137 179 458 168 15 459 137 179 460 136 180 461 167 13 462 136 180 463 135 181 464 166 11 465 135 181 466 134 182 467 165 10 468 134 182 469 133 183 470 132 185 471 165 10 472 133 183 473 163 6 474 132 185 475 131 186 476 162 4 477 131 186 478 130 187 479 161 1 480 130 187 481 129 188 482 160 2 483 129 188 484 128 189 485 223 63 486 2 190 487 0 191 488 2 190 489 193 111 490 4 192 491 4 192 492 194 109 493 6 193 494 6 193 495 195 108 496 8 194 497 8 194 498 196 105 499 10 195 500 10 195 501 197 103 502 12 196 503 12 196 504 198 102 505 14 59 506 14 59 507 199 101 508 16 197 509 16 197 510 200 99 511 18 198 512 18 198 513 201 98 514 20 199 515 20 199 516 202 96 517 22 200 518 22 200 519 203 95 520 24 201 521 24 201 522 204 92 523 26 202 524 26 202 525 205 91 526 28 203 527 28 203 528 206 90 529 30 60 530 206 90 531 32 204 532 30 60 533 207 88 534 34 205 535 32 204 536 208 87 537 36 206 538 34 205 539 209 85 540 38 207 541 36 206 542 210 84 543 40 208 544 38 207 545 211 82 546 42 209 547 40 208 548 212 81 549 44 210 550 42 209 551 213 78 552 46 61 553 44 210 554 214 77 555 48 211 556 46 61 557 215 76 558 50 212 559 48 211 560 216 73 561 52 213 562 50 212 563 217 71 564 54 214 565 52 213 566 218 69 567 56 215 568 54 214 569 219 68 570 58 216 571 56 215 572 220 67 573 60 217 574 58 216 575 221 65 576 62 218 577 60 217 578 62 218 579 223 63 580 0 191 581 1 0 582 3 3 583 161 1 584 3 3 585 5 5 586 162 4 587 5 5 588 7 7 589 163 6 590 7 7 591 9 219 592 164 8 593 164 8 594 9 219 595 11 9 596 11 9 597 13 12 598 166 11 599 13 12 600 15 14 601 167 13 602 15 14 603 17 16 604 168 15 605 17 16 606 19 18 607 169 17 608 19 18 609 21 56 610 170 19 611 170 19 612 21 56 613 23 20 614 23 20 615 25 23 616 172 22 617 25 23 618 27 25 619 173 24 620 27 25 621 29 27 622 174 26 623 29 27 624 31 29 625 175 28 626 31 29 627 33 220 628 176 30 629 176 30 630 33 220 631 35 31 632 35 31 633 37 55 634 178 33 635 178 33 636 37 55 637 39 34 638 179 35 639 39 34 640 41 36 641 41 36 642 43 221 643 181 38 644 181 38 645 43 221 646 45 39 647 182 40 648 45 39 649 47 41 650 183 42 651 47 41 652 49 43 653 184 44 654 49 43 655 51 45 656 185 46 657 51 45 658 53 47 659 53 47 660 55 222 661 187 49 662 187 49 663 55 222 664 57 50 665 188 51 666 57 50 667 59 52 668 59 52 669 61 57 670 190 54 671 5 5 672 3 3 673 1 0 674 1 0 675 63 223 676 5 5 677 63 223 678 61 57 679 5 5 680 61 57 681 59 52 682 57 50 683 57 50 684 55 222 685 53 47 686 53 47 687 51 45 688 49 43 689 49 43 690 47 41 691 53 47 692 47 41 693 45 39 694 53 47 695 45 39 696 43 221 697 37 55 698 43 221 699 41 36 700 37 55 701 41 36 702 39 34 703 37 55 704 37 55 705 35 31 706 33 220 707 33 220 708 31 29 709 29 27 710 29 27 711 27 25 712 25 23 713 25 23 714 23 20 715 21 56 716 21 56 717 19 18 718 17 16 719 17 16 720 15 14 721 21 56 722 15 14 723 13 12 724 21 56 725 13 12 726 11 9 727 9 219 728 9 219 729 7 7 730 5 5 731 61 57 732 57 50 733 5 5 734 57 50 735 53 47 736 5 5 737 37 55 738 33 220 739 21 56 740 33 220 741 29 27 742 21 56 743 29 27 744 25 23 745 21 56 746 13 12 747 9 219 748 21 56 749 9 219 750 5 5 751 21 56 752 53 47 753 45 39 754 37 55 755 5 5 756 53 47 757 21 56 758 61 57 759 63 223 760 191 58 761 191 58 762 63 223 763 1 0 764 62 218 765 0 191 766 2 190 767 2 190 768 4 192 769 6 193 770 6 193 771 8 194 772 10 195 773 10 195 774 12 196 775 6 193 776 12 196 777 14 59 778 6 193 779 14 59 780 16 197 781 18 198 782 18 198 783 20 199 784 14 59 785 20 199 786 22 200 787 14 59 788 22 200 789 24 201 790 30 60 791 24 201 792 26 202 793 30 60 794 26 202 795 28 203 796 30 60 797 30 60 798 32 204 799 34 205 800 34 205 801 36 206 802 38 207 803 38 207 804 40 208 805 42 209 806 42 209 807 44 210 808 46 61 809 46 61 810 48 211 811 50 212 812 50 212 813 52 213 814 54 214 815 54 214 816 56 215 817 62 218 818 56 215 819 58 216 820 62 218 821 58 216 822 60 217 823 62 218 824 62 218 825 2 190 826 6 193 827 30 60 828 34 205 829 46 61 830 34 205 831 38 207 832 46 61 833 38 207 834 42 209 835 46 61 836 46 61 837 50 212 838 62 218 839 50 212 840 54 214 841 62 218 842 62 218 843 6 193 844 14 59 845 14 59 846 22 200 847 30 60 848 62 218 849 14 59 850 46 61 851 95 62 852 64 113 853 223 63 854 221 65 855 94 115 856 95 62 857 93 66 858 94 115 859 221 65 860 219 68 861 92 70 862 93 66 863 218 69 864 91 72 865 92 70 866 217 71 867 90 74 868 91 72 869 216 73 870 89 121 871 90 74 872 88 75 873 89 121 874 216 73 875 214 77 876 87 79 877 88 75 878 213 78 879 86 124 880 87 79 881 85 80 882 86 124 883 213 78 884 211 82 885 84 128 886 85 80 887 83 83 888 84 128 889 211 82 890 209 85 891 82 130 892 83 83 893 81 86 894 82 130 895 209 85 896 207 88 897 80 133 898 81 86 899 79 89 900 80 133 901 207 88 902 205 91 903 78 93 904 79 89 905 204 92 906 77 137 907 78 93 908 76 94 909 77 137 910 204 92 911 202 96 912 75 140 913 76 94 914 74 97 915 75 140 916 202 96 917 200 99 918 73 142 919 74 97 920 72 100 921 73 142 922 200 99 923 198 102 924 71 104 925 72 100 926 197 103 927 70 106 928 71 104 929 196 105 930 69 147 931 70 106 932 68 107 933 69 147 934 196 105 935 194 109 936 67 149 937 68 107 938 66 110 939 67 149 940 194 109 941 192 112 942 65 152 943 66 110 944 64 113 945 65 152 946 192 112 947 95 62 948 127 116 949 96 114 950 94 115 951 126 117 952 127 116 953 93 66 954 125 118 955 126 117 956 92 70 957 124 119 958 125 118 959 91 72 960 123 120 961 124 119 962 90 74 963 122 122 964 123 120 965 89 121 966 121 160 967 122 122 968 120 123 969 121 160 970 89 121 971 87 79 972 119 125 973 120 123 974 86 124 975 118 126 976 119 125 977 85 80 978 117 165 979 118 126 980 116 127 981 117 165 982 85 80 983 83 83 984 115 168 985 116 127 986 114 129 987 115 168 988 83 83 989 113 131 990 114 129 991 82 130 992 112 132 993 113 131 994 81 86 995 111 134 996 112 132 997 80 133 998 110 135 999 111 134 1000 79 89 1001 109 136 1002 110 135 1003 78 93 1004 108 138 1005 109 136 1006 77 137 1007 107 139 1008 108 138 1009 76 94 1010 106 141 1011 107 139 1012 75 140 1013 73 142 1014 105 177 1015 106 141 1016 104 143 1017 105 177 1018 73 142 1019 103 144 1020 104 143 1021 72 100 1022 102 145 1023 103 144 1024 71 104 1025 101 146 1026 102 145 1027 70 106 1028 100 148 1029 101 146 1030 69 147 1031 67 149 1032 99 184 1033 100 148 1034 98 150 1035 99 184 1036 67 149 1037 97 151 1038 98 150 1039 66 110 1040 64 113 1041 96 114 1042 97 151 1043 159 153 1044 128 189 1045 96 114 1046 158 154 1047 159 153 1048 127 116 1049 157 155 1050 158 154 1051 126 117 1052 156 156 1053 157 155 1054 125 118 1055 155 157 1056 156 156 1057 124 119 1058 154 158 1059 155 157 1060 123 120 1061 153 159 1062 154 158 1063 122 122 1064 152 161 1065 153 159 1066 121 160 1067 151 162 1068 152 161 1069 120 123 1070 150 163 1071 151 162 1072 119 125 1073 149 164 1074 150 163 1075 118 126 1076 148 166 1077 149 164 1078 117 165 1079 147 167 1080 148 166 1081 116 127 1082 146 169 1083 147 167 1084 115 168 1085 145 170 1086 146 169 1087 114 129 1088 144 171 1089 145 170 1090 113 131 1091 111 134 1092 143 172 1093 144 171 1094 110 135 1095 142 173 1096 143 172 1097 109 136 1098 141 174 1099 142 173 1100 108 138 1101 140 175 1102 141 174 1103 107 139 1104 139 176 1105 140 175 1106 106 141 1107 138 178 1108 139 176 1109 105 177 1110 137 179 1111 138 178 1112 104 143 1113 136 180 1114 137 179 1115 103 144 1116 135 181 1117 136 180 1118 102 145 1119 134 182 1120 135 181 1121 101 146 1122 133 183 1123 134 182 1124 100 148 1125 132 185 1126 133 183 1127 99 184 1128 131 186 1129 132 185 1130 98 150 1131 130 187 1132 131 186 1133 97 151 1134 129 188 1135 130 187 1136 96 114 1137 128 189 1138 129 188 1139 159 153 1140 191 58 1141 160 2 1142 190 54 1143 191 58 1144 159 153 1145 189 53 1146 190 54 1147 158 154 1148 188 51 1149 189 53 1150 157 155 1151 155 157 1152 187 49 1153 188 51 1154 186 48 1155 187 49 1156 155 157 1157 185 46 1158 186 48 1159 154 158 1160 152 161 1161 184 44 1162 185 46 1163 151 162 1164 183 42 1165 184 44 1166 150 163 1167 182 40 1168 183 42 1169 181 38 1170 182 40 1171 150 163 1172 180 37 1173 181 38 1174 149 164 1175 179 35 1176 180 37 1177 148 166 1178 178 33 1179 179 35 1180 147 167 1181 177 32 1182 178 33 1183 146 169 1184 144 171 1185 176 30 1186 177 32 1187 175 28 1188 176 30 1189 144 171 1190 174 26 1191 175 28 1192 143 172 1193 173 24 1194 174 26 1195 142 173 1196 140 175 1197 172 22 1198 173 24 1199 171 21 1200 172 22 1201 140 175 1202 138 178 1203 170 19 1204 171 21 1205 169 17 1206 170 19 1207 138 178 1208 168 15 1209 169 17 1210 137 179 1211 167 13 1212 168 15 1213 136 180 1214 166 11 1215 167 13 1216 135 181 1217 165 10 1218 166 11 1219 134 182 1220 132 185 1221 164 8 1222 165 10 1223 163 6 1224 164 8 1225 132 185 1226 162 4 1227 163 6 1228 131 186 1229 161 1 1230 162 4 1231 130 187 1232 160 2 1233 161 1 1234 129 188 1235 223 63 1236 192 112 1237 2 190 1238 2 190 1239 192 112 1240 193 111 1241 4 192 1242 193 111 1243 194 109 1244 6 193 1245 194 109 1246 195 108 1247 8 194 1248 195 108 1249 196 105 1250 10 195 1251 196 105 1252 197 103 1253 12 196 1254 197 103 1255 198 102 1256 14 59 1257 198 102 1258 199 101 1259 16 197 1260 199 101 1261 200 99 1262 18 198 1263 200 99 1264 201 98 1265 20 199 1266 201 98 1267 202 96 1268 22 200 1269 202 96 1270 203 95 1271 24 201 1272 203 95 1273 204 92 1274 26 202 1275 204 92 1276 205 91 1277 28 203 1278 205 91 1279 206 90 1280 206 90 1281 207 88 1282 32 204 1283 207 88 1284 208 87 1285 34 205 1286 208 87 1287 209 85 1288 36 206 1289 209 85 1290 210 84 1291 38 207 1292 210 84 1293 211 82 1294 40 208 1295 211 82 1296 212 81 1297 42 209 1298 212 81 1299 213 78 1300 44 210 1301 213 78 1302 214 77 1303 46 61 1304 214 77 1305 215 76 1306 48 211 1307 215 76 1308 216 73 1309 50 212 1310 216 73 1311 217 71 1312 52 213 1313 217 71 1314 218 69 1315 54 214 1316 218 69 1317 219 68 1318 56 215 1319 219 68 1320 220 67 1321 58 216 1322 220 67 1323 221 65 1324 60 217 1325 221 65 1326 222 64 1327 62 218 1328 62 218 1329 222 64 1330 223 63 1331</p>
        </triangles>
      </mesh>
    </geometry>
    <geometry id="Cylinder_002-mesh" name="Cylinder.002">
      <mesh>
        <source id="Cylinder_002-mesh-positions">
          <float_array id="Cylinder_002-mesh-positions-array" count="7629">0 0.7007703 1.492134 0.01454007 0.699499 1.49902 0.01813119 0.6966424 1.514492 0.008069097 0.6943517 1.5269 -0.008069157 0.6943517 1.5269 -0.01813119 0.6966424 1.514492 -0.01454013 0.699499 1.49902 0.01454007 0.7293127 1.504524 0 0.7305841 1.497638 0.01813119 0.7264562 1.519996 0.008069097 0.7241654 1.532404 -0.008069157 0.7241654 1.532404 -0.01813119 0.7264562 1.519996 -0.01454013 0.7293127 1.504524 0.01454007 0.7581343 1.518985 0 0.7619883 1.513139 0.01813119 0.7494746 1.532121 0.008069097 0.7425301 1.542656 -0.008069157 0.7425301 1.542656 -0.01813119 0.7494746 1.532121 -0.01454013 0.7581343 1.518985 0.01454007 0.7788705 1.550661 0 0.7853212 1.547937 0.01813119 0.7643761 1.556782 0.008069097 0.7527526 1.56169 -0.008069157 0.7527526 1.56169 -0.01813119 0.7643761 1.556782 -0.01454013 0.7788705 1.550661 0.01454007 0.7857713 1.573255 0 0.7927435 1.572607 0.01813119 0.770105 1.574711 0.008069097 0.7575417 1.575878 -0.008069157 0.7575417 1.575878 -0.01813119 0.770105 1.574711 -0.01454013 0.7857713 1.573255 0.01454007 0.7866551 1.652164 0 0.793597 1.65308 0.01813119 0.7710568 1.650104 0.008069097 0.758548 1.648452 -0.008069157 0.758548 1.648452 -0.01813119 0.7710568 1.650104 -0.01454013 0.7866551 1.652164 0.01454007 0.7461723 2.003716 0 0.7531142 2.004633 0.01813119 0.730574 2.001657 0.008069097 0.7180652 2.000005 -0.008069157 0.7180652 2.000005 -0.01813119 0.730574 2.001657 -0.01454013 0.7461723 2.003716 0.01454001 0.6907606 2.422495 0 0.6975107 2.424357 0.01813113 0.6755934 2.418311 0.008069097 0.6634303 2.414956 -0.008069217 0.6634303 2.414956 -0.01813125 0.6755934 2.418311 -0.01454013 0.6907606 2.422495 0.01454001 0.5623752 2.887835 0 0.5690051 2.890088 0.01813113 0.547478 2.882774 0.008069097 0.5355315 2.878714 -0.008069217 0.5355315 2.878714 -0.01813125 0.547478 2.882774 -0.01454013 0.5623752 2.887835 0.01454001 0.5088955 3.044856 0 0.5151348 3.048034 0.01813113 0.4948759 3.037715 0.008069097 0.4836331 3.031988 -0.008069217 0.4836331 3.031988 -0.01813125 0.4948759 3.037715 -0.01454013 0.5088955 3.044856 0.01454001 0.4406815 3.178455 0 0.4463451 3.182572 0.01813113 0.4279553 3.169203 0.008069097 0.4177498 3.161784 -0.008069217 0.4177498 3.161784 -0.01813125 0.4279553 3.169203 -0.01454013 0.4406815 3.178455 0.01454001 0.3663539 3.280582 0 0.3715435 3.285283 0.01813113 0.3546931 3.270019 0.008069097 0.345342 3.261548 -0.008069217 0.345342 3.261548 -0.01813125 0.3546931 3.270019 -0.01454013 0.3663539 3.280582 0.01454001 0.3127117 3.339605 0 0.3171393 3.345029 0.01813113 0.302763 3.327416 0.008069097 0.2947849 3.317641 -0.008069217 0.2947849 3.317641 -0.01813125 0.302763 3.327416 -0.01454013 0.3127117 3.339605 0.01454001 0.251867 3.388597 0 0.2544934 3.395089 0.01813113 0.2459654 3.374012 0.008069097 0.2412328 3.362317 -0.008069217 0.2412328 3.362317 -0.01813125 0.2459654 3.374012 -0.01454013 0.251867 3.388597 0.01453995 0.1907259 3.412972 0 0.1917197 3.419904 0.01813107 0.1884927 3.397398 0.008069038 0.1867019 3.384908 -0.008069276 0.1867019 3.384908 -0.01813131 0.1884927 3.397398 -0.01454019 0.1907259 3.412972 0.01453995 0.06074833 3.436218 0 0.06174212 3.44315 0.01813107 0.05851519 3.420644 0.008069038 0.05672436 3.408154 -0.008069276 0.05672436 3.408154 -0.01813131 0.05851519 3.420644 -0.01454019 0.06074833 3.436218 0 -0.6995162 1.492134 0.01454007 -0.6982449 1.49902 0.01813119 -0.6953883 1.514492 0.008069097 -0.6930976 1.5269 -0.008069157 -0.6930976 1.5269 -0.01813119 -0.6953883 1.514492 -0.01454013 -0.6982449 1.49902 0.01454007 -0.7280586 1.504524 0 -0.72933 1.497638 0.01813119 -0.7252021 1.519996 0.008069097 -0.7229114 1.532404 -0.008069157 -0.7229114 1.532404 -0.01813119 -0.7252021 1.519996 -0.01454013 -0.7280586 1.504524 0.01454007 -0.7568802 1.518985 0 -0.7607342 1.513139 0.01813119 -0.7482205 1.532121 0.008069097 -0.741276 1.542656 -0.008069157 -0.741276 1.542656 -0.01813119 -0.7482205 1.532121 -0.01454013 -0.7568802 1.518985 0.01454007 -0.7776164 1.550661 0 -0.7840671 1.547937 0.01813119 -0.763122 1.556782 0.008069097 -0.7514985 1.56169 -0.008069157 -0.7514985 1.56169 -0.01813119 -0.763122 1.556782 -0.01454013 -0.7776164 1.550661 0.01454007 -0.7845172 1.573255 0 -0.7914894 1.572607 0.01813119 -0.7688509 1.574711 0.008069097 -0.7562876 1.575878 -0.008069157 -0.7562876 1.575878 -0.01813119 -0.7688509 1.574711 -0.01454013 -0.7845172 1.573255 0.01454007 -0.785401 1.652164 0 -0.7923429 1.65308 0.01813119 -0.7698027 1.650104 0.008069097 -0.7572939 1.648452 -0.008069157 -0.7572939 1.648452 -0.01813119 -0.7698027 1.650104 -0.01454013 -0.785401 1.652164 0.01454007 -0.7449182 2.003716 0 -0.7518602 2.004633 0.01813119 -0.7293199 2.001657 0.008069097 -0.7168111 2.000005 -0.008069157 -0.7168111 2.000005 -0.01813119 -0.7293199 2.001657 -0.01454013 -0.7449182 2.003716 0.01454001 -0.6895065 2.422495 0 -0.6962566 2.424357 0.01813113 -0.6743394 2.418311 0.008069097 -0.6621763 2.414956 -0.008069217 -0.6621763 2.414956 -0.01813125 -0.6743394 2.418311 -0.01454013 -0.6895065 2.422495 0.01454001 -0.5611211 2.887835 0 -0.567751 2.890088 0.01813113 -0.5462239 2.882774 0.008069097 -0.5342774 2.878714 -0.008069217 -0.5342774 2.878714 -0.01813125 -0.5462239 2.882774 -0.01454013 -0.5611211 2.887835 0.01454001 -0.5076414 3.044856 0 -0.5138807 3.048034 0.01813113 -0.4936218 3.037715 0.008069097 -0.482379 3.031988 -0.008069217 -0.482379 3.031988 -0.01813125 -0.4936218 3.037715 -0.01454013 -0.5076414 3.044856 0.01454001 -0.4394274 3.178455 0 -0.445091 3.182572 0.01813113 -0.4267012 3.169203 0.008069097 -0.4164957 3.161784 -0.008069217 -0.4164957 3.161784 -0.01813125 -0.4267012 3.169203 -0.01454013 -0.4394274 3.178455 0.01454001 -0.3650999 3.280582 0 -0.3702894 3.285283 0.01813113 -0.353439 3.270019 0.008069097 -0.3440879 3.261548 -0.008069217 -0.3440879 3.261548 -0.01813125 -0.353439 3.270019 -0.01454013 -0.3650999 3.280582 0.01454001 -0.3114576 3.339605 0 -0.3158852 3.345029 0.01813113 -0.3015089 3.327416 0.008069097 -0.2935308 3.317641 -0.008069217 -0.2935308 3.317641 -0.01813125 -0.3015089 3.327416 -0.01454013 -0.3114576 3.339605 0.01454001 -0.2506129 3.388597 0 -0.2532393 3.395089 0.01813113 -0.2447113 3.374012 0.008069097 -0.2399787 3.362317 -0.008069217 -0.2399787 3.362317 -0.01813125 -0.2447113 3.374012 -0.01454013 -0.2506129 3.388597 0.01453995 -0.1894718 3.412972 0 -0.1904656 3.419904 0.01813107 -0.1872386 3.397398 0.008069038 -0.1854478 3.384908 -0.008069276 -0.1854478 3.384908 -0.01813131 -0.1872386 3.397398 -0.01454019 -0.1894718 3.412972 0.01453995 -0.05949425 3.436218 0 -0.06048804 3.44315 0.01813107 -0.0572611 3.420644 0.008069038 -0.05547028 3.408154 -0.008069276 -0.05547028 3.408154 -0.01813131 -0.0572611 3.420644 -0.01454019 -0.05949425 3.436218 -0.7407298 0.1217853 -0.500194 -0.711638 0.1166556 -0.500194 -0.6860552 0.1018853 -0.500194 -0.6670669 0.07925599 -0.500194 -0.6569635 0.05149692 -0.500194 -0.6569635 0.02195638 -0.500194 -0.6670669 -0.005802571 -0.500194 -0.6860552 -0.02843189 -0.500194 -0.711638 -0.04320216 -0.500194 -0.7407298 -0.04833185 -0.500194 -0.7698215 -0.04320216 -0.500194 -0.7954044 -0.02843195 -0.500194 -0.8143927 -0.005802571 -0.500194 -0.8244962 0.02195638 -0.500194 -0.8244962 0.05149692 -0.500194 -0.8143928 0.07925593 -0.500194 -0.7954044 0.1018853 -0.500194 -0.7698216 0.1166556 -0.500194 -0.6944054 0.1640022 -0.500194 -0.7407298 0.1721704 -0.500194 -0.6536685 0.1404827 -0.500194 -0.6234324 0.1044487 -0.500194 -0.6073442 0.06024652 -0.500194 -0.6073442 0.01320755 -0.500194 -0.6234324 -0.03099459 -0.500194 -0.6536685 -0.06702852 -0.500194 -0.6944054 -0.09054797 -0.500194 -0.7407298 -0.09871625 -0.500194 -0.7870541 -0.09054803 -0.500194 -0.8277911 -0.06702852 -0.500194 -0.8580272 -0.03099459 -0.500194 -0.8741155 0.01320749 -0.500194 -0.8741155 0.06024652 -0.500194 -0.8580272 0.1044487 -0.500194 -0.8277912 0.1404827 -0.500194 -0.7870543 0.1640022 -0.500194 -0.6944054 0.1640022 -0.444863 -0.7407298 0.1721704 -0.444863 -0.6536685 0.1404827 -0.444863 -0.6234324 0.1044487 -0.444863 -0.6073442 0.06024652 -0.444863 -0.6073442 0.01320755 -0.444863 -0.6234324 -0.03099459 -0.444863 -0.6536685 -0.06702852 -0.444863 -0.6944054 -0.09054797 -0.444863 -0.7407298 -0.09871625 -0.444863 -0.7870541 -0.09054803 -0.444863 -0.8277911 -0.06702852 -0.444863 -0.8580272 -0.03099459 -0.444863 -0.8741155 0.01320749 -0.444863 -0.8741155 0.06024652 -0.444863 -0.8580272 0.1044487 -0.444863 -0.8277912 0.1404827 -0.444863 -0.7870543 0.1640022 -0.444863 -0.7013989 0.1447876 -0.444863 -0.7407298 0.1517227 -0.444863 -0.666812 0.1248188 -0.444863 -0.6411405 0.09422481 -0.444863 -0.6274811 0.05669575 -0.444863 -0.6274811 0.01675814 -0.444863 -0.6411406 -0.0207709 -0.444863 -0.666812 -0.05136489 -0.444863 -0.7013989 -0.0713337 -0.444863 -0.7407298 -0.07826876 -0.444863 -0.7800607 -0.0713337 -0.444863 -0.8146476 -0.05136489 -0.444863 -0.840319 -0.0207709 -0.444863 -0.8539785 0.01675808 -0.444863 -0.8539785 0.05669569 -0.444863 -0.8403191 0.09422475 -0.444863 -0.8146477 0.1248188 -0.444863 -0.7800608 0.1447876 -0.444863 -0.7013989 0.1447876 -0.4604839 -0.7407298 0.1517227 -0.4604839 -0.666812 0.1248188 -0.4604839 -0.6411405 0.09422481 -0.4604839 -0.6274811 0.05669575 -0.4604839 -0.6274811 0.01675814 -0.4604839 -0.6411406 -0.0207709 -0.4604839 -0.666812 -0.05136489 -0.4604839 -0.7013989 -0.0713337 -0.4604839 -0.7407298 -0.07826876 -0.4604839 -0.7800607 -0.0713337 -0.4604839 -0.8146476 -0.05136489 -0.4604839 -0.840319 -0.0207709 -0.4604839 -0.8539785 0.01675808 -0.4604839 -0.8539785 0.05669569 -0.4604839 -0.8403191 0.09422475 -0.4604839 -0.8146477 0.1248188 -0.4604839 -0.7800608 0.1447876 -0.4604839 -0.1204433 0.7968744 -0.2366291 -0.1204433 0.8019915 -0.2260033 -0.1204433 0.8134896 -0.2233789 -0.1204433 0.8227104 -0.2307322 -0.1204433 0.8227104 -0.2425261 -0.1204433 0.8134896 -0.2498794 -0.1204433 0.8019915 -0.247255 -0.1440572 0.8019915 -0.2328878 -0.1378292 0.7968744 -0.2414972 -0.1455954 0.8134896 -0.2307615 -0.1412855 0.8227104 -0.2367194 -0.1343729 0.8227104 -0.246275 -0.130063 0.8134896 -0.2522329 -0.1316012 0.8019915 -0.2501066 -0.1676003 0.8019915 -0.2614196 -0.1571978 0.7968744 -0.2635873 -0.1701695 0.8134896 -0.2608842 -0.1629708 0.8227104 -0.2623844 -0.151425 0.8227104 -0.2647903 -0.1442263 0.8134896 -0.2662904 -0.1467955 0.8019915 -0.265755 -0.1567121 0.8019915 -0.3000397 -0.1482214 0.7968744 -0.2936509 -0.1588091 0.8134896 -0.3016176 -0.1529334 0.8227104 -0.2971964 -0.1435095 0.8227104 -0.2901054 -0.1376337 0.8134896 -0.2856841 -0.1397308 0.8019915 -0.287262 -0.1201007 0.8019915 -0.3143786 -0.1217471 0.7968744 -0.303881 -0.1196941 0.8134896 -0.3169713 -0.1208334 0.8227104 -0.3097067 -0.1226607 0.8227104 -0.2980553 -0.1238 0.8134896 -0.2907907 -0.1233934 0.8019915 -0.2933834 -0.01090967 -0.6755645 -0.2819594 -0.01090967 -0.6755645 -0.2594264 0.003382802 -0.6755645 -0.2819594 0.003382802 -0.6755645 -0.2594264 -0.01090967 -0.6520044 -0.2594264 -0.01090967 -0.6520044 -0.2819594 0.003382802 -0.6520044 -0.2819594 0.003382802 -0.6520044 -0.2594264 0.003382802 -0.6637845 -0.2594264 -0.01090967 -0.6637845 -0.2594264 -0.01090967 -0.6637845 -0.2819594 0.003382802 -0.6637845 -0.2819594 0.02193218 -0.6378494 0.0391485 0.03622472 -0.6378494 0.0391485 0.03622472 -0.6496294 0.0391485 0.02193218 -0.6496294 0.0391485 0.02193218 -0.6378494 0.06354981 0.03622472 -0.6378494 0.06354981 0.03622472 -0.6496294 0.06354981 0.02193218 -0.6496294 0.06354981 0.03622472 -0.6758776 0.0391485 0.02193218 -0.6758776 0.0391485 0.03622472 -0.6758776 0.06354981 0.02193218 -0.6758776 0.06354981 -0.2464316 0.09181582 -0.2545647 -0.2464316 -0.06741607 -0.2545647 -0.2546616 0.09181582 -0.2648848 -0.2546616 -0.06741607 -0.2648848 -0.2678616 0.09181582 -0.2648848 -0.2678616 -0.06741607 -0.2648848 -0.2760916 0.09181582 -0.2545647 -0.2760916 -0.06741607 -0.2545647 -0.2731543 0.09181582 -0.2416956 -0.2731543 -0.06741607 -0.2416956 -0.3016207 0.2318125 -0.2627716 -0.289728 0.2318125 -0.2684988 -0.2867907 0.2318125 -0.2813678 -0.2950208 0.2318125 -0.2916879 -0.3082208 0.2318125 -0.2916879 -0.3164508 0.2318125 -0.2813678 -0.3135135 0.2318125 -0.2684988 -0.1917226 0.8119887 -0.2627814 -0.1809507 0.8066852 -0.2682654 -0.1779298 0.8055741 -0.281067 -0.184935 0.8094923 -0.2915462 -0.1966911 0.8154892 -0.291812 -0.2043455 0.8190491 -0.2816643 -0.2021343 0.8174912 -0.2687444 -0.1730336 0.849446 -0.261548 -0.1646386 0.8408204 -0.2669666 -0.1618966 0.8389172 -0.2797375 -0.1668725 0.8451696 -0.2902441 -0.1758191 0.8548693 -0.2905746 -0.1819997 0.8607125 -0.2804802 -0.18076 0.8582988 -0.2675621 -0.1368495 0.86791 -0.257667 -0.1383679 0.8561273 -0.2634206 -0.137404 0.8530312 -0.2762161 -0.1346836 0.8609532 -0.2864181 -0.1322553 0.8739275 -0.2863445 -0.1319475 0.8821846 -0.2760506 -0.1339921 0.8795065 -0.2632879 -0.1097596 0.8508273 -0.2531751 -0.1180686 0.8427462 -0.2594915 -0.11866 0.8399902 -0.2723869 -0.1110882 0.8446346 -0.2821511 -0.1010552 0.853182 -0.2814313 -0.09611576 0.859196 -0.2707695 -0.09998959 0.8581482 -0.2581943 -0.1166743 0.8182537 -0.2559047 -0.1183236 0.8180376 -0.2689994 -0.1105895 0.8125463 -0.2781791 -0.1284433 0.7771375 -0.2454478 -0.1382341 0.7823596 -0.252597 -0.1398835 0.7821436 -0.2656917 -0.1321493 0.7766522 -0.2748714 -0.1208558 0.7700205 -0.2732236 -0.114507 0.7672423 -0.2619892 -0.1178837 0.7704097 -0.2496277 -0.1797089 -0.1976545 -0.2765523 -0.1916016 -0.1976545 -0.270825 -0.1767716 -0.1976545 -0.2894213 -0.1850017 -0.1976545 -0.2997415 -0.1982016 -0.1976545 -0.2997415 -0.2064316 -0.1976545 -0.2894213 -0.2034944 -0.1976545 -0.2765523 -0.1268484 -0.3768218 -0.2772397 -0.1388238 -0.3753157 -0.2718956 -0.1236948 -0.3814103 -0.2892081 -0.1317378 -0.3856257 -0.2987881 -0.1449208 -0.386294 -0.298766 -0.1533168 -0.3829118 -0.2891584 -0.1506034 -0.378026 -0.2771999 -0.1230503 -0.4016361 -0.2474738 -0.1350257 -0.4001299 -0.2421297 -0.1198968 -0.4062245 -0.2594422 -0.1279398 -0.41044 -0.2690223 -0.1411228 -0.4111082 -0.2690002 -0.1495187 -0.407726 -0.2593925 -0.1468053 -0.4028402 -0.247434 -0.05477666 -0.5682275 -0.2325795 -0.0662381 -0.5728509 -0.2279428 -0.04817217 -0.5719426 -0.2433877 -0.05139786 -0.5811986 -0.2522286 -0.06202477 -0.5890255 -0.2524448 -0.07205063 -0.5895295 -0.2438734 -0.07392573 -0.5823312 -0.2329691 -0.04255354 -0.5888433 -0.2162274 -0.05241692 -0.5960952 -0.2112914 -0.03414034 -0.5919073 -0.2259263 -0.03351247 -0.6029798 -0.2330846 -0.04114282 -0.6137232 -0.232312 -0.05128556 -0.6160474 -0.2241904 -0.05630296 -0.6082022 -0.2148353 0.00156331 -0.6610065 -0.1898453 -0.006490409 -0.6690993 -0.1832208 0.006470084 -0.6624287 -0.2020165 0.004535198 -0.6722951 -0.2105694 -0.00278443 -0.6831759 -0.2090633 -0.009976983 -0.6868777 -0.1986325 -0.01162624 -0.6806132 -0.1871315 0.01302778 -0.6585912 -0.1257727 0.01872771 -0.6511761 -0.1424034 0.0217601 -0.6591009 -0.1427296 0.02107536 -0.6652742 -0.1369395 0.01718914 -0.6650474 -0.1293929 0.01349055 -0.633021 -0.09924465 0.0214169 -0.6355125 -0.09749233 0.01078563 -0.6280158 -0.1055483 0.01533895 -0.6242657 -0.1116564 0.02372181 -0.6245948 -0.1129695 0.02962172 -0.6287552 -0.1084988 0.02859598 -0.633614 -0.1016108 0.0206865 -0.6195251 -0.0758984 0.02403736 -0.6269425 -0.07831895 0.02394199 -0.6117256 -0.07671934 0.0313524 -0.6094171 -0.0801633 0.03733754 -0.614338 -0.08363705 0.03739047 -0.6227828 -0.08452486 0.03147137 -0.6283924 -0.08215802 0.02276295 -0.6399512 -0.05329877 0.02854788 -0.6368948 -0.04788607 0.0370146 -0.6372425 -0.04843288 0.04178738 -0.6407325 -0.05452746 0.0392723 -0.6447369 -0.06158053 0.0313633 -0.6462402 -0.06428092 0.02876257 -0.6565976 -0.04163902 0.02959495 -0.6593605 -0.04648607 0.03260558 -0.6545672 -0.03804332 0.03823006 -0.6547982 -0.03840655 0.04140067 -0.6571167 -0.04245525 0.03972989 -0.6597767 -0.04714059 0.03447586 -0.6607754 -0.04893451 -0.1287568 -0.3777801 -0.2186439 -0.1198707 -0.3763782 -0.2121971 -0.1232554 -0.3769134 -0.2017541 -0.1342333 -0.3786461 -0.2017467 -0.1376333 -0.3791818 -0.2121852 -0.1158001 -0.396633 -0.2039918 -0.1242553 -0.4014831 -0.2092334 -0.1198086 -0.3919588 -0.1948878 -0.1307412 -0.39392 -0.1945028 -0.1334894 -0.3998064 -0.2033689 -0.1068808 -0.4361047 -0.174993 -0.1150947 -0.4424761 -0.1787912 -0.1112514 -0.4290198 -0.1678166 -0.1221666 -0.4310125 -0.1671796 -0.1245418 -0.4393289 -0.1739622 -0.09993815 -0.4582113 -0.1360173 -0.1077654 -0.4660267 -0.135643 -0.10492 -0.4484928 -0.1347796 -0.1158262 -0.450302 -0.1336404 -0.1175848 -0.4611386 -0.134174 -0.1098346 -0.4611526 -0.09426927 -0.1172978 -0.468936 -0.09676057 -0.1148466 -0.4514034 -0.09506344 -0.1254075 -0.4531614 -0.09804552 -0.1269224 -0.4639972 -0.09909445 -0.1295313 -0.4481043 -0.03024333 -0.1358363 -0.4571853 -0.03076273 -0.1348907 -0.4400646 -0.03548151 -0.144508 -0.4441768 -0.03923827 -0.1450924 -0.454758 -0.03632187 -0.1766364 -0.4200432 0.05946671 -0.1811912 -0.4299924 0.05780655 -0.1820879 -0.4128354 0.05321168 -0.1900119 -0.4183298 0.04768556 -0.1894577 -0.4289335 0.05052536 -0.2416261 -0.4025434 0.1354391 -0.2449481 -0.4128929 0.1333558 -0.2472468 -0.3958678 0.1287575 -0.2540425 -0.4020917 0.1225447 -0.2526219 -0.4126137 0.1253867 -0.2860786 -0.3957229 0.1777595 -0.2906443 -0.40573 0.1789852 -0.2907407 -0.3910233 0.1689859 -0.2981877 -0.3981259 0.1647891 -0.2981281 -0.4072151 0.170969 -0.3603228 -0.3532279 0.2384019 -0.3662301 -0.3614758 0.2428251 -0.3642022 -0.3514568 0.2282722 -0.372507 -0.35861 0.2264348 -0.3737604 -0.3648021 0.235429 -0.452905 -0.2584598 0.2894579 -0.4596379 -0.2647304 0.2956091 -0.4564646 -0.2590038 0.2790738 -0.4653974 -0.2656107 0.2788071 -0.4673586 -0.2691499 0.2890265 -0.4940153 -0.09084093 0.3283262 -0.5016141 -0.09186595 0.3363073 -0.498825 -0.09355932 0.318825 -0.5093963 -0.09626442 0.3209338 -0.51112 -0.09521782 0.3317386 -0.472861 0.1307243 0.3591647 -0.4804343 0.1292759 0.367104 -0.4781999 0.1312606 0.3495727 -0.489073 0.1301435 0.351584 -0.490454 0.1289169 0.362419 -0.36852 0.3395914 0.410637 -0.3758701 0.3431074 0.4181271 -0.3708738 0.344562 0.4011211 -0.3796786 0.3511501 0.4027301 -0.3827666 0.350251 0.4132404 -0.1999155 0.4475703 0.5132187 -0.2057474 0.4531487 0.5207921 -0.199656 0.4536892 0.5040924 -0.2053276 0.4630494 0.5060255 -0.2090924 0.4627152 0.5163466 -0.09841299 0.4819523 0.5518081 -0.1042449 0.4875307 0.5593815 -0.09815341 0.4880712 0.5426818 -0.103825 0.4974313 0.5446149 -0.1075899 0.4970972 0.5549359 0.1291817 -0.3524166 -0.2188282 0.1202019 -0.3527714 -0.2123686 0.1236407 -0.3526356 -0.2019305 0.1347458 -0.3521969 -0.2019389 0.1381703 -0.3520615 -0.2123823 0.120166 -0.3734301 -0.2041604 0.1293966 -0.3765411 -0.2094146 0.1232002 -0.3680633 -0.1950615 0.134306 -0.3678575 -0.1946922 0.1381355 -0.3730971 -0.203563 0.1191469 -0.413879 -0.1751545 0.1284391 -0.418529 -0.1789652 0.122064 -0.4060775 -0.1679834 0.1331591 -0.4059059 -0.167362 0.1370991 -0.4136013 -0.1741491 0.1166983 -0.436909 -0.1361721 0.1258985 -0.4430502 -0.13581 0.1196935 -0.4264062 -0.13494 0.1307449 -0.4260562 -0.1338165 0.1345797 -0.4363428 -0.1343542 0.1270372 -0.4378606 -0.09443849 0.13587 -0.4440416 -0.09694147 0.1300532 -0.427322 -0.09523838 0.14075 -0.4269897 -0.09823572 0.144345 -0.437323 -0.09928822 0.1439057 -0.4212167 -0.03043872 0.151858 -0.4288958 -0.0309683 0.147589 -0.4122878 -0.03568333 0.1578179 -0.4144486 -0.03945428 0.1604562 -0.4247129 -0.03654021 0.2012715 -0.39301 0.04766309 0.2076746 -0.4018817 0.04599499 0.2052058 -0.3848792 0.04140132 0.2140404 -0.3887258 0.03586322 0.2155662 -0.3992339 0.0387023 0.3054379 -0.3546717 0.1350913 0.3107092 -0.3641762 0.1330018 0.3096412 -0.3470301 0.1284027 0.3175103 -0.3518119 0.1221794 0.3181704 -0.3624087 0.1250218 0.3477705 -0.3393175 0.1773497 0.3541995 -0.3482434 0.1785675 0.3514154 -0.333801 0.1685701 0.3600972 -0.3393176 0.1643618 0.3618179 -0.3482434 0.1705405 0.4124011 -0.2831665 0.2378929 0.4198082 -0.2901052 0.2423065 0.4158469 -0.2806752 0.2277579 0.4253835 -0.2860741 0.2259078 0.4278316 -0.2919022 0.2348994 0.4848234 -0.1721733 0.2888309 0.4926573 -0.1770116 0.2949717 0.488406 -0.1720151 0.2784417 0.4984543 -0.1767555 0.2781615 0.5010817 -0.1798434 0.2883776 0.4925525 2.47985e-4 0.3276644 0.5002166 7.23809e-4 0.3356345 0.4977861 -0.001482844 0.3181559 0.5086848 -0.002076745 0.3202494 0.5101869 -7.12931e-4 0.3310518 0.4386342 0.2243426 0.363465 0.4463558 0.2243982 0.3713935 0.4437528 0.2259072 0.3538657 0.4546382 0.2269297 0.3558613 0.4562469 0.2259969 0.3666941 0.2956815 0.4088928 0.4151141 0.3022166 0.4137742 0.4225942 0.2970085 0.4142254 0.4055956 0.3043638 0.4224025 0.407193 0.3075826 0.4221236 0.4176989 0.09947592 0.471088 0.5130478 0.1041203 0.4776965 0.5206138 0.09801656 0.4770379 0.5039228 0.1017591 0.4873238 0.5058491 0.1055315 0.4877308 0.5161648 -0.06694906 0.4850462 0.5517855 -0.06230467 0.4916547 0.5593516 -0.06840837 0.490996 0.5426605 -0.06466585 0.5012819 0.5445868 -0.06089347 0.5016889 0.5549026 -0.1290422 0.3771318 -0.2186422 -0.1201289 0.3759127 -0.2121958 -0.1235247 0.3763684 -0.2017526 -0.1345367 0.3778692 -0.2017447 -0.1379467 0.378341 -0.2121831 -0.1164869 0.3962426 -0.2039749 -0.1250422 0.4009172 -0.2092134 -0.1203964 0.391478 -0.1948747 -0.131368 0.3932079 -0.1944891 -0.1342393 0.3990417 -0.2033509 -0.1084039 0.4358716 -0.1749455 -0.1167501 0.4420712 -0.1787394 -0.1126245 0.4286907 -0.1677748 -0.1235793 0.4304522 -0.167137 -0.126129 0.4387218 -0.1739135 -0.1019314 0.4580901 -0.1359525 -0.1099218 0.4657384 -0.1355729 -0.1067072 0.4482678 -0.1347225 -0.1176492 0.4498456 -0.1335827 -0.1196359 0.4606431 -0.1341083 -0.1118901 0.4607903 -0.09420299 -0.1195157 0.4684165 -0.09668892 -0.1166954 0.4509382 -0.09500491 -0.1272908 0.4524753 -0.09798645 -0.1290339 0.4632775 -0.09902721 -0.1313109 0.4472808 -0.03018844 -0.1378061 0.4562273 -0.03070133 -0.1364992 0.4391338 -0.03543311 -0.146201 0.4430451 -0.03918743 -0.1470086 0.4536094 -0.03626304 -0.1778189 0.4181643 0.05949687 -0.1825824 0.4280164 0.05784386 -0.1831167 0.4108478 0.05323594 -0.1911545 0.4161781 0.04771339 -0.1908243 0.4267889 0.05056124 -0.2424294 0.3992398 0.1354511 -0.2459689 0.4095185 0.1333754 -0.2479076 0.3924522 0.128764 -0.2548329 0.398536 0.1225555 -0.2536346 0.4090836 0.1254054 -0.2867307 0.391451 0.1777631 -0.2915065 0.4013586 0.178996 -0.2912921 0.3866608 0.1689855 -0.298887 0.3936079 0.1647935 -0.2990195 0.4026916 0.1709803 -0.3600655 0.3473533 0.2383677 -0.3661457 0.3554714 0.2427967 -0.363906 0.3455084 0.2282363 -0.3723599 0.3524863 0.2264037 -0.3737441 0.3586438 0.2354025 -0.450631 0.2506147 0.2893449 -0.4574951 0.2567371 0.2955003 -0.4542007 0.2510914 0.278961 -0.4632709 0.2575085 0.2786986 -0.4653069 0.2609978 0.2889205 -0.4881988 0.08213639 0.3280831 -0.495818 0.08299481 0.3360644 -0.4930641 0.08475995 0.3185836 -0.5036903 0.08723986 0.3206936 -0.5053922 0.08614891 0.3314974 -0.4623773 -0.1389567 0.3587551 -0.46998 -0.1376743 0.3666951 -0.4677032 -0.1395981 0.3491624 -0.4785975 -0.1387122 0.3511736 -0.4800047 -0.1375232 0.3620095 -0.3536568 -0.3456153 0.4100769 -0.3609315 -0.3492913 0.4175637 -0.3559046 -0.3506273 0.4005571 -0.3645687 -0.3574008 0.4021605 -0.3676754 -0.3565751 0.4126712 -0.1828182 -0.4500916 0.5125893 -0.1885316 -0.4557976 0.5201581 -0.1824291 -0.4561967 0.5034584 -0.1879021 -0.465676 0.505384 -0.1916737 -0.4654291 0.5157051 -0.08061516 -0.4823542 0.5511602 -0.08632856 -0.4880601 0.558729 -0.08022606 -0.4884592 0.5420293 -0.08569914 -0.4979385 0.5439549 -0.08947074 -0.4976917 0.554276 0.1293739 0.3572149 -0.2188265 0.1203883 0.3573753 -0.2123673 0.1238286 0.3573042 -0.201929 0.1349405 0.3570998 -0.201937 0.1383677 0.3570446 -0.2123801 0.1199162 0.3780224 -0.2041434 0.1290794 0.3813314 -0.2093946 0.1230623 0.3727139 -0.1950483 0.1341699 0.3727421 -0.1946784 0.1378886 0.378068 -0.2035449 0.1180423 0.4184188 -0.175107 0.1272346 0.4232666 -0.1789134 0.121123 0.4106751 -0.1679415 0.1322191 0.410737 -0.1673195 0.1359964 0.4185191 -0.1741005 0.1151062 0.4413624 -0.1361073 0.1241748 0.447696 -0.1357398 0.1183223 0.4309241 -0.134883 0.1293784 0.4308065 -0.1337589 0.1329955 0.4411721 -0.1342884 0.1254203 0.4425002 -0.09437221 0.1341209 0.448868 -0.09686982 0.1286579 0.4320281 -0.09517991 0.1393596 0.4319239 -0.09817665 0.1427358 0.4423315 -0.09922105 0.1426324 0.4261673 -0.03038382 0.150421 0.4340128 -0.03090691 0.1465036 0.417322 -0.03563493 0.1566847 0.4197009 -0.03940343 0.1591058 0.4300163 -0.03648138 0.192776 0.3983659 0.0547263 0.1989906 0.4073719 0.05306535 0.1968813 0.3903247 0.04845857 0.2056331 0.394361 0.0429241 0.2069367 0.4048967 0.0457713 0.2478067 0.3936369 0.1439931 0.2528765 0.4032521 0.1419113 0.2521707 0.3860908 0.1372991 0.2599375 0.3910422 0.13108 0.2603738 0.4016485 0.1339305 0.318117 0.3574144 0.1797847 0.3243563 0.366473 0.1810097 0.321878 0.3519827 0.1710012 0.3304418 0.3576844 0.1667977 0.3319734 0.3666399 0.1729834 0.3839142 0.3025934 0.2402901 0.3911729 0.3096834 0.2447096 0.3874123 0.3001829 0.2301535 0.396833 0.3057832 0.2283081 0.3991571 0.3116548 0.2373043 0.4366396 0.1857062 0.2894467 0.4443695 0.1907039 0.2955917 0.4402254 0.1856314 0.2790575 0.4501715 0.1905829 0.2787816 0.4527326 0.1937179 0.2890003 0.4867445 -0.01064848 0.3501636 0.4944348 -0.01051038 0.3581213 0.4917984 -0.008448183 0.3406549 0.5026124 -0.006950139 0.3427361 0.5042418 -0.008224666 0.3535311 0.4410437 -0.2285771 0.3803007 0.448756 -0.2280153 0.3882186 0.4462594 -0.2296698 0.3706883 0.4571955 -0.2297833 0.3726652 0.4587384 -0.2287607 0.3834996 0.2748487 -0.4024527 0.4095623 0.2814848 -0.4072008 0.4170393 0.2762885 -0.4077488 0.4000399 0.2838145 -0.4157702 0.4016318 0.2870261 -0.4154314 0.4121381 0.05679184 -0.468559 0.5124184 0.06157416 -0.4750739 0.5199798 0.0554589 -0.4745314 0.5032888 0.05941748 -0.4847376 0.5052076 0.06319701 -0.4850727 0.5155233 -0.049093 -0.4847837 0.5511377 -0.04431068 -0.4912985 0.5586991 -0.05042594 -0.490756 0.5420081 -0.04646742 -0.5009622 0.5439269 -0.04268789 -0.5012974 0.5542426 0 0.8317844 -0.5046706 0.116752 0.7266461 -0.4543387 -0.116752 0.7266461 -0.4543388 0 0.6215078 -0.404007 0 0.8826261 -0.4071652 0.1141507 0.7739337 -0.3728684 0 0.6652414 -0.3385715 -0.1141507 0.7739337 -0.3728684 0 0.9041149 -0.2798441 0.1023204 0.8036195 -0.2648459 0 0.703124 -0.2498476 0 0.8904545 0.08585649 0.09939473 0.7934759 0.06693506 0 0.6964974 0.04801362 -0.09939467 0.7934759 0.066935 2.08616e-7 0.6990111 1.393215 0.08196818 0.6193866 1.37401 2.08616e-7 0.5397619 1.354804 -0.08196777 0.6193866 1.37401 2.68221e-7 0.6635861 1.58152 0.08022552 0.5896465 1.551689 2.38419e-7 0.515707 1.521858 -0.08022511 0.5896466 1.551689 2.98023e-7 0.6156123 1.683672 0.08022558 0.5567127 1.630614 2.38419e-7 0.4978131 1.577556 -0.08022505 0.5567127 1.630614 3.57628e-7 0.5303245 1.758612 0.08022552 0.4962872 1.687179 3.57628e-7 0.46225 1.615746 -0.08022499 0.4962874 1.687179 2.98023e-7 0.4257056 1.799312 0.08022558 0.4216693 1.71978 2.38419e-7 0.4176329 1.640248 -0.08022499 0.4216692 1.71978 -0.05824291 0.3570792 1.665806 0.05824351 0.3543803 1.78213 -0.05824273 0.3543804 1.78213 0.05824357 0.3570793 1.665806 0.07005119 0.7897291 -0.4845378 0.1238433 0.6642436 -0.5377184 0.07005119 0.6635631 -0.4241397 0 0.5566493 -0.4769048 -0.07005119 0.6635631 -0.4241397 -0.1238433 0.6642436 -0.5377184 -0.07005119 0.789729 -0.4845378 0.06849038 0.8391491 -0.3934465 0.06849044 0.7087183 -0.3522902 -0.06849038 0.7087183 -0.3522902 -0.06849044 0.8391491 -0.3934465 0 0.6478549 -0.3678488 -0.1153337 0.7549046 -0.4099792 0 0.8619543 -0.4521097 0.1153337 0.7549046 -0.4099792 0.06139224 0.8639168 -0.2738448 0.06139224 0.7433222 -0.2558469 -0.06139224 0.7433221 -0.2558469 -0.06139224 0.8639167 -0.2738448 -0.1082355 0.790189 -0.3257322 0 0.8950812 -0.3513855 0.1082355 0.7901891 -0.3257322 0 0.685297 -0.3000788 0.05963683 0.8516631 0.07828789 0.05963689 0.7352888 0.05558222 -0.05963677 0.7352888 0.05558222 -0.05963677 0.8516631 0.07828789 0 0.7093673 -0.1618781 -0.1011373 0.8085235 -0.1589847 0 0.9076798 -0.1560912 0.1011374 0.8085235 -0.1589846 0.04918098 0.6671614 1.385533 0.04918098 0.5716119 1.362487 -0.04918056 0.5716118 1.362487 -0.04918056 0.6671612 1.385533 1.19209e-7 0.618758 0.7078557 -0.09068119 0.7071475 0.7281138 1.19209e-7 0.795537 0.7483723 0.09068143 0.7071476 0.7281138 0.04813539 0.6340103 1.569588 0.04813539 0.5452829 1.533791 -0.04813492 0.5452829 1.533791 -0.04813492 0.6340103 1.569588 -0.08022505 0.5971758 1.523515 2.98023e-7 0.6737426 1.546801 0.08022552 0.5971758 1.523515 2.38419e-7 0.5206089 1.50023 0.04813545 0.5920525 1.662449 0.04813545 0.5213729 1.598779 -0.04813486 0.521373 1.598779 -0.04813474 0.5920525 1.662449 2.98023e-7 0.5079665 1.549819 -0.08022505 0.5752937 1.590929 2.38419e-7 0.6426206 1.632039 0.08022552 0.5752937 1.590929 0.04813551 0.5167098 1.730039 0.04813545 0.475865 1.644319 -0.04813486 0.4758647 1.644319 -0.0481348 0.5167098 1.730039 4.17232e-7 0.5752428 1.723972 0.08022558 0.5280443 1.661015 -0.08022493 0.5280444 1.661015 2.38419e-7 0.4808461 1.598058 0.04813539 0.424091 1.767499 0.04813539 0.4192475 1.67206 -0.04813486 0.4192475 1.67206 -0.0481348 0.424091 1.767499 -0.08022505 0.4622631 1.705677 2.98023e-7 0.4805732 1.781949 0.08022552 0.4622634 1.705677 2.98023e-7 0.4439531 1.629405 0.0970723 0.3557298 1.723968 1.78814e-7 0.3534805 1.820905 -0.0970717 0.3557298 1.723968 1.19209e-7 0.3579789 1.627031 1.78814e-7 0.3575884 1.643854 -0.08022499 0.3557298 1.723968 2.98023e-7 0.3538708 1.804081 0.0802257 0.3557297 1.723968 0.04813557 0.3568451 1.6759 -0.04813474 0.3546145 1.772036 0.04813551 0.3546144 1.772036 0.04813539 0.4732494 1.751441 -0.04813492 0.4512771 1.659914 0.04813545 0.4512771 1.659914 -0.04813486 0.356845 1.6759 -0.04813492 0.4997252 1.623241 0.04813551 0.4997253 1.623241 -0.04813486 0.5563634 1.698789 -0.0481348 0.4732494 1.751441 0.04813545 0.5348973 1.566263 -0.04813492 0.6156896 1.615595 0.04813539 0.6156897 1.615595 0.04813551 0.5563635 1.698789 0.04813534 0.6431159 1.537486 -0.04813486 0.5512357 1.509544 0.04813534 0.5512357 1.509544 -0.04813498 0.5348973 1.566263 0.0544089 0.6541139 0.715959 -0.05440866 0.7601813 0.740269 0.0544089 0.7601814 0.7402691 -0.04813492 0.6431158 1.537486 0.06068241 0.7490298 -0.1607207 -0.06068241 0.8680173 -0.1572486 0.06068241 0.8680173 -0.1572486 -0.05440872 0.6541138 0.715959 0.06494134 0.8531244 -0.3411241 -0.06494134 0.7272538 -0.3103401 0.06494134 0.7272539 -0.3103401 -0.06068241 0.7490298 -0.1607207 0.06920027 0.6906748 -0.3847009 -0.06920021 0.8191344 -0.4352575 0.06920021 0.8191345 -0.4352575 -0.06494134 0.8531243 -0.3411242 -0.06920021 0.6906747 -0.3847009 -0.07430595 0.599687 -0.5012302 0.07430601 0.599687 -0.5012302 0 -0.8343738 -0.5046706 -0.116752 -0.7292355 -0.4543388 0.116752 -0.7292355 -0.4543388 0 -0.6240972 -0.404007 0 -0.8852155 -0.4071652 -0.1141507 -0.7765232 -0.3728684 0 -0.6678308 -0.3385715 0.1141507 -0.7765232 -0.3728684 0 -0.9067043 -0.2798441 -0.1023204 -0.8062089 -0.2648459 0 -0.7057135 -0.2498476 0.1023204 -0.8062089 -0.2648459 0 -0.8930439 0.08585649 -0.09939467 -0.7960653 0.06693506 0 -0.6990869 0.04801362 0.09939473 -0.7960653 0.066935 0 -0.7016005 1.393215 -0.08196794 -0.621976 1.37401 0 -0.5423514 1.354804 0.08196806 -0.621976 1.37401 0 -0.6661755 1.58152 -0.08022528 -0.5922359 1.551689 1.19209e-7 -0.5182964 1.521858 0.0802254 -0.5922359 1.551689 0 -0.6182017 1.683672 -0.08022522 -0.5593021 1.630614 0 -0.5004025 1.577556 0.0802254 -0.5593022 1.630614 0 -0.5329139 1.758612 -0.08022516 -0.4988765 1.687179 0 -0.4648394 1.615746 0.08022528 -0.4988768 1.687179 0 -0.4282948 1.799312 -0.08022516 -0.4242587 1.71978 1.19209e-7 -0.4202223 1.640248 0.08022534 -0.4242586 1.71978 0.05824327 -0.3596687 1.665806 -0.05824315 -0.3569697 1.78213 0.05824315 -0.3569698 1.78213 -0.05824321 -0.3596687 1.665806 -0.07005119 -0.7923185 -0.4845378 -0.1238433 -0.6668331 -0.5377184 -0.07005119 -0.6661525 -0.4241397 0 -0.5592388 -0.4769048 0.07005119 -0.6661525 -0.4241397 0.1238433 -0.6668331 -0.5377184 0.07005119 -0.7923185 -0.4845378 -0.06849044 -0.8417386 -0.3934465 -0.06849038 -0.7113078 -0.3522902 0.06849044 -0.7113078 -0.3522902 0.06849038 -0.8417386 -0.3934465 0 -0.6504443 -0.3678488 0.1153337 -0.7574941 -0.4099792 0 -0.8645438 -0.4521097 -0.1153337 -0.757494 -0.4099792 -0.06139224 -0.8665062 -0.2738448 -0.06139224 -0.7459116 -0.2558469 0.06139224 -0.7459116 -0.2558469 0.06139224 -0.8665062 -0.2738448 0.1082355 -0.7927786 -0.3257322 0 -0.8976706 -0.3513855 -0.1082355 -0.7927785 -0.3257322 0 -0.6878865 -0.3000788 -0.05963677 -0.8542525 0.07828789 -0.05963677 -0.7378782 0.05558222 0.05963683 -0.7378783 0.05558222 0.05963683 -0.8542525 0.07828789 0 -0.7119567 -0.1618781 0.1011374 -0.811113 -0.1589847 0 -0.9102693 -0.1560912 -0.1011374 -0.811113 -0.1589846 -0.04918074 -0.6697508 1.385533 -0.04918074 -0.5742012 1.362487 0.0491808 -0.5742012 1.362487 0.0491808 -0.6697506 1.385533 0 -0.6213474 0.7078557 0.09068137 -0.709737 0.7281138 0 -0.7981265 0.7483721 -0.09068125 -0.709737 0.7281138 -0.0481351 -0.6365997 1.569588 -0.0481351 -0.5478723 1.533791 0.04813522 -0.5478723 1.533791 0.04813522 -0.6365997 1.569588 0.0802254 -0.5997652 1.523515 0 -0.676332 1.546801 -0.08022528 -0.5997652 1.523515 0 -0.5231983 1.50023 -0.0481351 -0.5946419 1.662449 -0.0481351 -0.5239623 1.598779 0.04813522 -0.5239623 1.598779 0.0481351 -0.5946419 1.662449 0 -0.5105559 1.549819 0.0802254 -0.5778831 1.590929 0 -0.64521 1.632039 -0.08022522 -0.577883 1.590929 -0.04813522 -0.5192991 1.730039 -0.0481351 -0.4784544 1.644319 0.04813522 -0.4784542 1.644319 0.04813516 -0.5192991 1.730039 0 -0.5778322 1.723972 -0.08022522 -0.5306337 1.661015 0.08022522 -0.5306338 1.661015 0 -0.4834353 1.598058 -0.04813504 -0.4266803 1.767499 -0.04813504 -0.4218368 1.67206 0.04813522 -0.4218369 1.67206 0.04813516 -0.4266803 1.767499 0.08022534 -0.4648525 1.705677 0 -0.4831626 1.781949 -0.08022522 -0.4648526 1.705677 0 -0.4465423 1.629405 -0.09707188 -0.3583191 1.723968 1.78814e-7 -0.3560699 1.820905 0.09707212 -0.3583193 1.723968 2.98023e-7 -0.3605683 1.627031 1.78814e-7 -0.3601778 1.643854 0.08022534 -0.3583193 1.723968 1.78814e-7 -0.3564602 1.804081 -0.08022528 -0.358319 1.723968 -0.04813516 -0.3594345 1.6759 0.04813522 -0.3572039 1.772036 -0.04813516 -0.3572038 1.772036 -0.04813504 -0.4758388 1.751441 0.04813528 -0.4538666 1.659914 -0.0481351 -0.4538666 1.659914 0.04813522 -0.3594344 1.6759 0.04813528 -0.5023147 1.623241 -0.04813516 -0.5023147 1.623241 0.04813522 -0.5589528 1.698789 0.04813516 -0.4758388 1.751441 -0.04813516 -0.5374867 1.566263 0.04813516 -0.6182791 1.615595 -0.0481351 -0.6182791 1.615595 -0.04813516 -0.5589528 1.698789 -0.04813504 -0.6457052 1.537486 0.04813522 -0.5538251 1.509544 -0.0481351 -0.5538251 1.509544 0.04813528 -0.5374867 1.566263 -0.05440878 -0.6567032 0.715959 0.05440878 -0.7627708 0.740269 -0.05440872 -0.7627708 0.7402691 0.04813522 -0.6457052 1.537486 -0.06068241 -0.7516192 -0.1607207 0.06068241 -0.8706068 -0.1572486 -0.06068241 -0.8706068 -0.1572486 0.05440884 -0.6567032 0.715959 -0.06494134 -0.8557138 -0.3411241 0.06494134 -0.7298433 -0.3103401 -0.06494134 -0.7298433 -0.3103401 0.06068241 -0.7516193 -0.1607207 -0.06920021 -0.6932642 -0.3847009 0.06920021 -0.8217239 -0.4352575 -0.06920021 -0.8217239 -0.4352575 0.06494134 -0.8557138 -0.3411242 0.06920021 -0.6932643 -0.3847009 0.07430595 -0.7313897 -0.5742066 0.07430595 -0.6022765 -0.5012302 -0.07430595 -0.6022765 -0.5012302 -0.07430595 -0.7313897 -0.5742066 0 1 -1 0 1 -0.90995 0.1950903 0.9807853 -1 0.1950903 0.9807853 -0.90995 0.3826835 0.9238795 -1 0.3826835 0.9238795 -0.90995 0.5555703 0.8314696 -1 0.5555703 0.8314696 -0.90995 0.7071068 0.7071068 -1 0.7071068 0.7071068 -0.90995 0.8314697 0.5555702 -1 0.8314697 0.5555702 -0.90995 0.9238795 0.3826834 -1 0.9238795 0.3826834 -0.90995 0.9807853 0.1950903 -1 0.9807853 0.1950903 -0.90995 1 0 -1 1 0 -0.90995 0.9807853 -0.1950902 -1 0.9807853 -0.1950902 -0.90995 0.9238796 -0.3826833 -1 0.9238796 -0.3826833 -0.90995 0.8314697 -0.5555702 -1 0.8314697 -0.5555702 -0.90995 0.7071068 -0.7071068 -1 0.7071068 -0.7071068 -0.90995 0.5555702 -0.8314697 -1 0.5555702 -0.8314697 -0.90995 0.3826833 -0.9238796 -1 0.3826833 -0.9238796 -0.90995 0.1950901 -0.9807853 -1 0.1950901 -0.9807853 -0.90995 -3.25841e-7 -1 -1 -3.25841e-7 -1 -0.90995 -0.1950907 -0.9807852 -1 -0.1950907 -0.9807852 -0.90995 -0.3826839 -0.9238793 -1 -0.3826839 -0.9238793 -0.90995 -0.5555707 -0.8314693 -1 -0.5555707 -0.8314693 -0.90995 -0.7071073 -0.7071064 -1 -0.7071073 -0.7071064 -0.90995 -0.83147 -0.5555697 -1 -0.83147 -0.5555697 -0.90995 -0.9238799 -0.3826827 -1 -0.9238799 -0.3826827 -0.90995 -0.9807854 -0.1950894 -1 -0.9807854 -0.1950894 -0.90995 -1 9.65599e-7 -1 -1 9.65599e-7 -0.90995 -0.9807851 0.1950913 -1 -0.9807851 0.1950913 -0.90995 -0.9238791 0.3826845 -1 -0.9238791 0.3826845 -0.90995 -0.8314689 0.5555713 -1 -0.8314689 0.5555713 -0.90995 -0.7071059 0.7071077 -1 -0.7071059 0.7071077 -0.90995 -0.5555691 0.8314704 -1 -0.5555691 0.8314704 -0.90995 -0.3826821 0.9238801 -1 -0.3826821 0.9238801 -0.90995 -0.1950888 0.9807856 -1 -0.1950888 0.9807856 -0.90995 0.197628 0.993543 -0.8560571 0 1.013007 -0.8560571 0.3876612 0.935897 -0.8560571 0.5627969 0.842285 -0.8560571 0.7163046 0.7163046 -0.8560571 0.8422851 0.5627968 -0.8560571 0.935897 0.3876612 -0.8560571 0.993543 0.197628 -0.8560571 1.013008 0 -0.8560571 0.993543 -0.1976279 -0.8560571 0.9358971 -0.3876611 -0.8560571 0.8422851 -0.5627968 -0.8560571 0.7163046 -0.7163046 -0.8560571 0.5627968 -0.8422851 -0.8560571 0.387661 -0.9358971 -0.8560571 0.1976277 -0.993543 -0.8560571 -3.3417e-7 -1.013008 -0.8560571 -0.1976284 -0.9935429 -0.8560571 -0.3876617 -0.9358968 -0.8560571 -0.5627974 -0.8422847 -0.8560571 -0.716305 -0.7163041 -0.8560571 -0.8422855 -0.5627963 -0.8560571 -0.9358974 -0.3876605 -0.8560571 -0.9935432 -0.1976271 -0.8560571 -1.013008 9.74452e-7 -0.8560571 -0.9935428 0.197629 -0.8560571 -0.9358966 0.3876623 -0.8560571 -0.8422844 0.5627979 -0.8560571 -0.7163037 0.7163054 -0.8560571 -0.5627958 0.8422858 -0.8560571 -0.3876599 0.9358976 -0.8560571 -0.1976264 0.9935433 -0.8560571 0.1902461 0.9564316 -0.7690869 0 0.975169 -0.7690869 0.3731811 0.9009389 -0.7690869 0.541775 0.8108235 -0.7690869 0.6895487 0.6895487 -0.7690869 0.8108236 0.5417749 -0.7690869 0.9009389 0.3731811 -0.7690869 0.9564316 0.1902461 -0.7690869 0.9751692 0 -0.7690869 0.9564316 -0.1902459 -0.7690869 0.9009389 -0.3731809 -0.7690869 0.8108236 -0.5417749 -0.7690869 0.6895487 -0.6895487 -0.7690869 0.5417749 -0.8108236 -0.7690869 0.3731809 -0.9009389 -0.7690869 0.1902458 -0.9564316 -0.7690869 -3.17298e-7 -0.9751693 -0.7690869 -0.1902464 -0.9564315 -0.7690869 -0.3731815 -0.9009387 -0.7690869 -0.5417754 -0.8108232 -0.7690869 -0.6895492 -0.6895483 -0.7690869 -0.8108239 -0.5417744 -0.7690869 -0.9009392 -0.3731803 -0.7690869 -0.9564318 -0.1902452 -0.7690869 -0.9751692 9.49748e-7 -0.7690869 -0.9564314 0.1902471 -0.7690869 -0.9009385 0.3731821 -0.7690869 -0.8108229 0.541776 -0.7690869 -0.6895478 0.6895496 -0.7690869 -0.5417739 0.8108243 -0.7690869 -0.3731797 0.9009394 -0.7690869 -0.1902446 0.9564319 -0.7690869 0.1931828 0.9711956 -0.6818436 0 0.9902222 -0.6818436 0.3789417 0.9148463 -0.6818436 0.5501381 0.8233398 -0.6818436 0.700193 0.700193 -0.6818436 0.8233398 0.5501381 -0.6818436 0.9148463 0.3789417 -0.6818436 0.9711956 0.1931828 -0.6818436 0.9902225 0 -0.6818436 0.9711956 -0.1931827 -0.6818436 0.9148463 -0.3789415 -0.6818436 0.8233398 -0.550138 -0.6818436 0.700193 -0.700193 -0.6818436 0.5501381 -0.8233398 -0.6818436 0.3789415 -0.9148463 -0.6818436 0.1931825 -0.9711957 -0.6818436 -3.25017e-7 -0.9902225 -0.6818436 -0.1931832 -0.9711955 -0.6818436 -0.3789421 -0.9148461 -0.6818436 -0.5501385 -0.8233395 -0.6818436 -0.7001935 -0.7001926 -0.6818436 -0.8233402 -0.5501375 -0.6818436 -0.9148465 -0.3789409 -0.6818436 -0.9711956 -0.1931819 -0.6818436 -0.9902224 9.60421e-7 -0.6818436 -0.9711953 0.1931838 -0.6818436 -0.9148458 0.3789427 -0.6818436 -0.8233392 0.5501391 -0.6818436 -0.700192 0.7001939 -0.6818436 -0.550137 0.8233406 -0.6818436 -0.3789404 0.9148468 -0.6818436 -0.1931813 0.9711958 -0.6818436 0.1958829 0.98477 -0.6479113 0 1.004063 -0.6479113 0.3842382 0.9276331 -0.6479113 0.5578274 0.8348477 -0.6479113 0.7099796 0.7099796 -0.6479113 0.8348477 0.5578274 -0.6479113 0.9276331 0.3842381 -0.6479113 0.9847701 0.1958829 -0.6479113 1.004063 0 -0.6479113 0.9847701 -0.1958827 -0.6479113 0.9276332 -0.3842381 -0.6479113 0.8348477 -0.5578273 -0.6479113 0.7099796 -0.7099797 -0.6479113 0.5578274 -0.8348477 -0.6479113 0.384238 -0.9276332 -0.6479113 0.1958827 -0.9847702 -0.6479113 -3.3301e-7 -1.004063 -0.6479113 -0.1958833 -0.9847699 -0.6479113 -0.3842387 -0.9276329 -0.6479113 -0.5578278 -0.8348473 -0.6479113 -0.7099801 -0.7099792 -0.6479113 -0.8348481 -0.5578268 -0.6479113 -0.9276334 -0.3842374 -0.6479113 -0.9847701 -0.195882 -0.6479113 -1.004063 9.69575e-7 -0.6479113 -0.9847697 0.1958839 -0.6479113 -0.9276327 0.3842392 -0.6479113 -0.834847 0.5578284 -0.6479113 -0.7099786 0.7099806 -0.6479113 -0.5578263 0.8348485 -0.6479113 -0.3842368 0.9276337 -0.6479113 -0.1958814 0.9847702 -0.6479113 0.1943001 0.9768125 -0.6208798 0 0.9959493 -0.6208798 0.3811333 0.9201373 -0.6208798 0.5533198 0.8281016 -0.6208798 0.7042425 0.7042425 -0.6208798 0.8281016 0.5533198 -0.6208798 0.9201373 0.3811333 -0.6208798 0.9768126 0.1943001 -0.6208798 0.9959495 0 -0.6208798 0.9768126 -0.1942999 -0.6208798 0.9201374 -0.3811332 -0.6208798 0.8281016 -0.5533197 -0.6208798 0.7042425 -0.7042426 -0.6208798 0.5533198 -0.8281016 -0.6208798 0.3811331 -0.9201374 -0.6208798 0.1942998 -0.9768127 -0.6208798 -3.29936e-7 -0.9959493 -0.6208798 -0.1943004 -0.9768124 -0.6208798 -0.3811338 -0.9201371 -0.6208798 -0.5533202 -0.8281013 -0.6208798 -0.7042431 -0.7042421 -0.6208798 -0.8281021 -0.5533192 -0.6208798 -0.9201376 -0.3811326 -0.6208798 -0.9768126 -0.1942992 -0.6208798 -0.9959493 9.64103e-7 -0.6208798 -0.9768122 0.1943011 -0.6208798 -0.9201369 0.3811343 -0.6208798 -0.828101 0.5533208 -0.6208798 -0.7042416 0.7042435 -0.6208798 -0.5533187 0.8281024 -0.6208798 -0.381132 0.9201378 -0.6208798 -0.1942986 0.9768127 -0.6208798 0.1863842 0.9370165 -0.5991092 0 0.9553737 -0.5991092 0.3656057 0.8826503 -0.5991092 0.5307772 0.7943642 -0.5991092 0.6755512 0.6755512 -0.5991092 0.7943642 0.5307772 -0.5991092 0.8826503 0.3656057 -0.5991092 0.9370166 0.1863842 -0.5991092 0.9553738 0 -0.5991092 0.9370166 -0.186384 -0.5991092 0.8826503 -0.3656055 -0.5991092 0.7943642 -0.530777 -0.5991092 0.6755512 -0.6755512 -0.5991092 0.5307772 -0.7943642 -0.5991092 0.3656055 -0.8826503 -0.5991092 0.1863839 -0.9370167 -0.5991092 -3.11125e-7 -0.9553737 -0.5991092 -0.1863845 -0.9370164 -0.5991092 -0.3656061 -0.8826501 -0.5991092 -0.5307776 -0.7943639 -0.5991092 -0.6755517 -0.6755508 -0.5991092 -0.7943646 -0.5307766 -0.5991092 -0.8826506 -0.3656049 -0.5991092 -0.9370166 -0.1863833 -0.5991092 -0.9553737 9.36739e-7 -0.5991092 -0.9370162 0.1863852 -0.5991092 -0.8826499 0.3656066 -0.5991092 -0.7943636 0.5307781 -0.5991092 -0.6755503 0.6755521 -0.5991092 -0.5307761 0.794365 -0.5991092 -0.3656044 0.8826508 -0.5991092 -0.1863827 0.9370167 -0.5991092 0.1651508 0.8302693 -0.6045824 0 0.8465352 -0.6045824 0.323955 0.7820967 -0.6045824 0.4703097 0.7038683 -0.6045824 0.5985908 0.5985908 -0.6045824 0.7038683 0.4703097 -0.6045824 0.7820966 0.323955 -0.6045824 0.8302693 0.1651509 -0.6045824 0.8465353 0 -0.6045824 0.8302693 -0.1651507 -0.6045824 0.7820967 -0.3239548 -0.6045824 0.7038683 -0.4703096 -0.6045824 0.5985908 -0.5985907 -0.6045824 0.4703097 -0.7038682 -0.6045824 0.3239548 -0.7820966 -0.6045824 0.1651506 -0.8302694 -0.6045824 -2.62207e-7 -0.8465351 -0.6045824 -0.1651511 -0.8302692 -0.6045824 -0.3239554 -0.7820964 -0.6045824 -0.47031 -0.7038679 -0.6045824 -0.5985912 -0.5985904 -0.6045824 -0.7038686 -0.4703092 -0.6045824 -0.7820968 -0.3239543 -0.6045824 -0.8302693 -0.1651501 -0.6045824 -0.8465352 8.65082e-7 -0.6045824 -0.830269 0.1651517 -0.6045824 -0.7820963 0.3239558 -0.6045824 -0.7038677 0.4703106 -0.6045824 -0.5985899 0.5985916 -0.6045824 -0.4703087 0.703869 -0.6045824 -0.3239538 0.7820971 -0.6045824 -0.1651495 0.8302695 -0.6045824 0.05472397 0.2751158 -0.4463772 0 0.2805056 -0.4463772 0.1073449 0.2591535 -0.4463772 0.1558405 0.2332319 -0.4463772 0.1983473 0.1983475 -0.4463772 0.2332318 0.1558406 -0.4463772 0.2591534 0.107345 -0.4463772 0.2751157 0.05472409 -0.4463772 0.2805055 2.44226e-7 -0.4463772 0.2751157 -0.05472362 -0.4463772 0.2591534 -0.1073445 -0.4463772 0.2332318 -0.1558402 -0.4463772 0.1983473 -0.198347 -0.4463772 0.1558405 -0.2332315 -0.4463772 0.1073448 -0.259153 -0.4463772 0.05472391 -0.2751154 -0.4463772 0 -0.2805051 -0.4463772 -0.05472391 -0.2751154 -0.4463772 -0.1073448 -0.2591529 -0.4463772 -0.1558405 -0.2332314 -0.4463772 -0.1983473 -0.1983469 -0.4463772 -0.2332317 -0.15584 -0.4463772 -0.2591532 -0.1073443 -0.4463772 -0.2751155 -0.05472344 -0.4463772 -0.2805053 4.93904e-7 -0.4463772 -0.2751154 0.05472439 -0.4463772 -0.259153 0.1073452 -0.4463772 -0.2332314 0.1558409 -0.4463772 -0.1983469 0.1983478 -0.4463772 -0.15584 0.2332322 -0.4463772 -0.1073443 0.2591536 -0.4463772 -0.05472338 0.2751159 -0.4463772 0.04673117 0.2349333 -0.3263902 0 0.2395358 -0.3263902 0.0916664 0.2213023 -0.3263902 0.1330789 0.1991668 -0.3263902 0.1693773 0.1693775 -0.3263902 0.1991667 0.1330791 -0.3263902 0.2213022 0.09166651 -0.3263902 0.2349331 0.04673129 -0.3263902 0.2395358 2.54956e-7 -0.3263902 0.2349331 -0.04673081 -0.3263902 0.2213022 -0.09166604 -0.3263902 0.1991667 -0.1330786 -0.3263902 0.1693773 -0.169377 -0.3263902 0.1330789 -0.1991663 -0.3263902 0.09166634 -0.2213018 -0.3263902 0.04673111 -0.2349328 -0.3263902 0 -0.2395353 -0.3263902 -0.04673105 -0.2349328 -0.3263902 -0.09166634 -0.2213017 -0.3263902 -0.1330788 -0.1991662 -0.3263902 -0.1693773 -0.1693769 -0.3263902 -0.1991666 -0.1330785 -0.3263902 -0.221302 -0.09166586 -0.3263902 -0.2349329 -0.04673063 -0.3263902 -0.2395355 4.68166e-7 -0.3263902 -0.2349328 0.04673153 -0.3263902 -0.2213019 0.09166675 -0.3263902 -0.1991663 0.1330793 -0.3263902 -0.1693769 0.1693778 -0.3263902 -0.1330785 0.199167 -0.3263902 -0.09166586 0.2213024 -0.3263902 -0.04673057 0.2349333 -0.3263902 0.04381567 0.2202759 -0.3115105 0 0.2245913 -0.3115105 0.08594739 0.2074954 -0.3115105 0.1247762 0.1867409 -0.3115105 0.15881 0.1588101 -0.3115105 0.1867408 0.1247764 -0.3115105 0.2074953 0.08594751 -0.3115105 0.2202758 0.04381579 -0.3115105 0.2245913 2.58879e-7 -0.3115105 0.2202758 -0.04381525 -0.3115105 0.2074953 -0.08594703 -0.3115105 0.1867408 -0.1247758 -0.3115105 0.15881 -0.1588097 -0.3115105 0.1247762 -0.1867404 -0.3115105 0.08594733 -0.2074949 -0.3115105 0.04381561 -0.2202755 -0.3115105 0 -0.2245908 -0.3115105 -0.04381555 -0.2202754 -0.3115105 -0.08594727 -0.2074948 -0.3115105 -0.1247761 -0.1867403 -0.3115105 -0.15881 -0.1588096 -0.3115105 -0.1867407 -0.1247757 -0.3115105 -0.2074951 -0.08594685 -0.3115105 -0.2202756 -0.04381513 -0.3115105 -0.224591 4.58788e-7 -0.3115105 -0.2202755 0.04381603 -0.3115105 -0.207495 0.08594775 -0.3115105 -0.1867404 0.1247766 -0.3115105 -0.1588096 0.1588104 -0.3115105 -0.1247758 0.1867411 -0.3115105 -0.08594685 0.2074955 -0.3115105 -0.04381507 0.2202759 -0.3115105 0.0285198 0.1433786 -0.3115105 0 0.1461875 -0.3115105 0.05594354 0.1350597 -0.3115105 0.08121734 0.1215505 -0.3115105 0.1033701 0.1033703 -0.3115105 0.1215503 0.08121752 -0.3115105 0.1350595 0.05594366 -0.3115105 0.1433784 0.02851998 -0.3115105 0.1461874 2.78874e-7 -0.3115105 0.1433784 -0.02851939 -0.3115105 0.1350595 -0.05594313 -0.3115105 0.1215503 -0.08121699 -0.3115105 0.1033701 -0.1033697 -0.3115105 0.08121734 -0.12155 -0.3115105 0.05594348 -0.1350591 -0.3115105 0.02851974 -0.143378 -0.3115105 0 -0.1461869 -0.3115105 -0.02851963 -0.143378 -0.3115105 -0.05594336 -0.1350591 -0.3115105 -0.08121722 -0.1215499 -0.3115105 -0.10337 -0.1033696 -0.3115105 -0.1215502 -0.08121693 -0.3115105 -0.1350593 -0.05594301 -0.3115105 -0.1433781 -0.02851933 -0.3115105 -0.1461871 4.08995e-7 -0.3115105 -0.1433781 0.0285201 -0.3115105 -0.1350592 0.05594384 -0.3115105 -0.12155 0.0812177 -0.3115105 -0.1033697 0.1033704 -0.3115105 -0.08121699 0.1215506 -0.3115105 -0.05594313 0.1350597 -0.3115105 -0.02851939 0.1433786 -0.3115105 0.0285198 0.1433786 -0.2676507 0 0.1461875 -0.2676507 0.05594354 0.1350597 -0.2676507 0.08121734 0.1215505 -0.2676507 0.1033701 0.1033703 -0.2676507 0.1215503 0.08121752 -0.2676507 0.1350595 0.05594366 -0.2676507 0.1433784 0.02851998 -0.2676507 0.1461874 2.78874e-7 -0.2676507 0.1433784 -0.02851939 -0.2676507 0.1350595 -0.05594313 -0.2676507 0.1215503 -0.08121699 -0.2676507 0.1033701 -0.1033697 -0.2676507 0.08121734 -0.12155 -0.2676507 0.05594348 -0.1350591 -0.2676507 0.02851974 -0.143378 -0.2676507 0 -0.1461869 -0.2676507 -0.02851963 -0.143378 -0.2676507 -0.05594336 -0.1350591 -0.2676507 -0.08121722 -0.1215499 -0.2676507 -0.10337 -0.1033696 -0.2676507 -0.1215502 -0.08121693 -0.2676507 -0.1350593 -0.05594301 -0.2676507 -0.1433781 -0.02851933 -0.2676507 -0.1461871 4.08995e-7 -0.2676507 -0.1433781 0.0285201 -0.2676507 -0.1350592 0.05594384 -0.2676507 -0.12155 0.0812177 -0.2676507 -0.1033697 0.1033704 -0.2676507 -0.08121699 0.1215506 -0.2676507 -0.05594313 0.1350597 -0.2676507 -0.02851939 0.1433786 -0.2676507 0.06882596 0.3460114 -0.2276268 0 0.3527901 -0.2276268 0.1350069 0.3259357 -0.2276268 0.1959996 0.2933343 -0.2276268 0.2494602 0.2494603 -0.2276268 0.2933343 0.1959998 -0.2276268 0.3259356 0.135007 -0.2276268 0.3460113 0.06882607 -0.2276268 0.3527901 2.15462e-7 -0.2276268 0.3460113 -0.06882566 -0.2276268 0.3259356 -0.1350066 -0.2276268 0.2933343 -0.1959993 -0.2276268 0.2494602 -0.2494599 -0.2276268 0.1959996 -0.2933339 -0.2276268 0.1350069 -0.3259352 -0.2276268 0.0688259 -0.3460111 -0.2276268 0 -0.3527897 -0.2276268 -0.06882596 -0.346011 -0.2276268 -0.1350069 -0.3259351 -0.2276268 -0.1959996 -0.2933338 -0.2276268 -0.2494603 -0.2494597 -0.2276268 -0.2933342 -0.1959992 -0.2276268 -0.3259354 -0.1350063 -0.2276268 -0.3460111 -0.06882542 -0.2276268 -0.3527898 5.29481e-7 -0.2276268 -0.3460109 0.06882643 -0.2276268 -0.3259352 0.1350074 -0.2276268 -0.2933337 0.1960001 -0.2276268 -0.2494597 0.2494607 -0.2276268 -0.1959991 0.2933346 -0.2276268 -0.1350063 0.3259359 -0.2276268 -0.0688253 0.3460115 -0.2276268 0.06945794 0.3491885 -0.2092033 0 0.3560295 -0.2092033 0.1362466 0.3289285 -0.2092033 0.1977993 0.2960277 -0.2092033 0.2517508 0.2517509 -0.2092033 0.2960277 0.1977995 -0.2092033 0.3289284 0.1362467 -0.2092033 0.3491884 0.06945806 -0.2092033 0.3560295 2.14542e-7 -0.2092033 0.3491884 -0.06945765 -0.2092033 0.3289284 -0.1362462 -0.2092033 0.2960277 -0.197799 -0.2092033 0.2517508 -0.2517505 -0.2092033 0.1977993 -0.2960273 -0.2092033 0.1362465 -0.3289279 -0.2092033 0.06945782 -0.3491882 -0.2092033 0 -0.356029 -0.2092033 -0.06945788 -0.3491881 -0.2092033 -0.1977993 -0.2960272 -0.2092033 -0.2517508 -0.2517503 -0.2092033 -0.2960276 -0.1977989 -0.2092033 -0.3289281 -0.136246 -0.2092033 -0.3491882 -0.06945741 -0.2092033 -0.3560292 5.31444e-7 -0.2092033 -0.349188 0.06945842 -0.2092033 -0.328928 0.136247 -0.2092033 -0.2960271 0.1977998 -0.2092033 -0.2517503 0.2517513 -0.2092033 -0.1977987 0.296028 -0.2092033 -0.06945723 0.3491886 -0.2092033 0.07369488 0.370489 -0.1959125 0 0.3777472 -0.1959125 0.1445576 0.3489931 -0.1959125 0.209865 0.3140854 -0.1959125 0.2671076 0.2671077 -0.1959125 0.3140853 0.2098652 -0.1959125 0.348993 0.1445577 -0.1959125 0.3704889 0.07369494 -0.1959125 0.3777472 2.082e-7 -0.1959125 0.3704889 -0.07369458 -0.1959125 0.348993 -0.1445572 -0.1959125 0.3140853 -0.2098647 -0.1959125 0.2671076 -0.2671073 -0.1959125 0.209865 -0.314085 -0.1959125 0.1445575 -0.3489926 -0.1959125 0.07369476 -0.3704887 -0.1959125 0 -0.3777468 -0.1959125 -0.07369488 -0.3704886 -0.1959125 -0.1445576 -0.3489925 -0.1959125 -0.2098651 -0.3140849 -0.1959125 -0.2671077 -0.2671071 -0.1959125 -0.3140853 -0.2098646 -0.1959125 -0.3489928 -0.144557 -0.1959125 -0.3704887 -0.07369428 -0.1959125 -0.377747 5.44433e-7 -0.1959125 -0.3704885 0.07369536 -0.1959125 -0.3489926 0.1445581 -0.1959125 -0.3140848 0.2098656 -0.1959125 -0.2671071 0.2671082 -0.1959125 -0.2098645 0.3140857 -0.1959125 -0.1445569 0.3489933 -0.1959125 -0.0736941 0.3704891 -0.1959125 0.07313138 0.3676563 -0.1853911 0 0.374859 -0.1853911 0.1434523 0.3463248 -0.1853911 0.2082604 0.3116839 -0.1853911 0.2650653 0.2650654 -0.1853911 0.3116838 0.2082606 -0.1853911 0.3463246 0.1434524 -0.1853911 0.3676562 0.0731315 -0.1853911 0.374859 2.0915e-7 -0.1853911 0.3676562 -0.07313108 -0.1853911 0.3463246 -0.143452 -0.1853911 0.3116838 -0.2082602 -0.1853911 0.2650653 -0.265065 -0.1853911 0.2082604 -0.3116835 -0.1853911 0.1434522 -0.3463242 -0.1853911 0.07313132 -0.3676559 -0.1853911 0 -0.3748586 -0.1853911 -0.07313138 -0.3676559 -0.1853911 -0.1434524 -0.3463242 -0.1853911 -0.2082605 -0.3116834 -0.1853911 -0.2650654 -0.2650648 -0.1853911 -0.3116838 -0.20826 -0.1853911 -0.3463244 -0.1434517 -0.1853911 -0.3676559 -0.07313084 -0.1853911 -0.3748587 5.42812e-7 -0.1853911 -0.3676558 0.07313185 -0.1853911 -0.3463243 0.1434528 -0.1853911 -0.3116834 0.208261 -0.1853911 -0.2650648 0.2650659 -0.1853911 -0.2082599 0.3116843 -0.1853911 -0.1434516 0.3463249 -0.1853911 -0.07313066 0.3676564 -0.1853911 0.07081055 0.3559886 -0.1824148 0 0.3629628 -0.1824148 0.1388998 0.335334 -0.1824148 0.2016512 0.3017926 -0.1824148 0.2566534 0.2566535 -0.1824148 0.3017925 0.2016514 -0.1824148 0.3353339 0.1388999 -0.1824148 0.3559885 0.07081067 -0.1824148 0.3629628 2.13123e-7 -0.1824148 0.3559885 -0.07081025 -0.1824148 0.3353339 -0.1388995 -0.1824148 0.3017925 -0.2016509 -0.1824148 0.2566534 -0.2566531 -0.1824148 0.2016512 -0.3017922 -0.1824148 0.1388998 -0.3353335 -0.1824148 0.07081049 -0.3559883 -0.1824148 0 -0.3629623 -0.1824148 -0.07081055 -0.3559882 -0.1824148 -0.1388998 -0.3353334 -0.1824148 -0.2016512 -0.301792 -0.1824148 -0.2566534 -0.2566529 -0.1824148 -0.3017925 -0.2016508 -0.1824148 -0.3353337 -0.1388992 -0.1824148 -0.3559883 -0.07081001 -0.1824148 -0.3629625 5.36196e-7 -0.1824148 -0.3559882 0.07081103 -0.1824148 -0.3353335 0.1389003 -0.1824148 -0.301792 0.2016517 -0.1824148 -0.2566529 0.2566539 -0.1824148 -0.2016507 0.3017929 -0.1824148 -0.1388992 0.3353341 -0.1824148 -0.07080984 0.3559887 -0.1824148 1.33966e-7 3.34345e-7 -0.2579819 0.0851286 0.4279704 1.471719 0 0.4363549 1.471719 0 0.4363549 1.49093 0 0.3498156 1.514398 0.0851286 0.4279704 1.49093 0.06824558 0.343094 1.514398 0.1669857 0.4031393 1.49093 0.1338686 0.3231874 1.514398 0.2424256 0.3628158 1.49093 0.194347 0.2908611 1.514398 0.3085494 0.3085495 1.49093 0.2473568 0.247357 1.514398 0.3628157 0.2424258 1.49093 0.2908609 0.1943472 1.514398 0.4031391 0.1669858 1.49093 0.3231873 0.1338687 1.514398 0.4279702 0.08512872 1.49093 0.3430938 0.06824576 1.514398 0.4363546 2.1226e-7 1.49093 0.3498153 2.35656e-7 1.514398 0.4279702 -0.0851283 1.49093 0.3430938 -0.06824535 1.514398 0.4031392 -0.1669854 1.49093 0.3231874 -0.1338682 1.514398 0.3628157 -0.2424254 1.49093 0.2908609 -0.1943467 1.514398 0.3085494 -0.3085491 1.49093 0.2473568 -0.2473565 1.514398 0.2424256 -0.3628154 1.49093 0.194347 -0.2908606 1.514398 0.1669856 -0.4031389 1.49093 0.1338685 -0.3231871 1.514398 0.08512848 -0.42797 1.49093 0.06824553 -0.3430935 1.514398 0 -0.4363545 1.49093 0 -0.3498152 1.514398 -0.08512872 -0.42797 1.49093 -0.0682457 -0.3430935 1.514398 -0.1669858 -0.4031388 1.49093 -0.1338686 -0.3231869 1.514398 -0.2424258 -0.3628153 1.49093 -0.1943471 -0.2908605 1.514398 -0.3085495 -0.3085489 1.49093 -0.2473569 -0.2473564 1.514398 -0.3628157 -0.2424252 1.49093 -0.290861 -0.1943466 1.514398 -0.4031392 -0.1669852 1.49093 -0.3231874 -0.133868 1.514398 -0.4279702 -0.085128 1.49093 -0.3430938 -0.06824505 1.514398 -0.4363546 6.00659e-7 1.49093 -0.3498153 5.47027e-7 1.514398 -0.4279701 0.0851292 1.49093 -0.3430937 0.06824612 1.514398 -0.4031389 0.1669863 1.49093 -0.3231871 0.1338691 1.514398 -0.3628153 0.2424263 1.49093 -0.2908605 0.1943476 1.514398 -0.3085489 0.3085499 1.49093 -0.2473565 0.2473573 1.514398 -0.2424251 0.3628162 1.49093 -0.1943466 0.2908613 1.514398 -0.166985 0.4031396 1.49093 -0.133868 0.3231877 1.514398 -0.08512789 0.4279705 1.49093 -0.06824505 0.3430941 1.514398 0.1669857 0.4031393 1.471719 0.2424256 0.3628158 1.471719 0.3085494 0.3085495 1.471719 0.3628157 0.2424258 1.471719 0.4031391 0.1669858 1.471719 0.4279702 0.08512872 1.471719 0.4363546 2.1226e-7 1.471719 0.4279702 -0.0851283 1.471719 0.4031392 -0.1669854 1.471719 0.3628157 -0.2424254 1.471719 0.3085494 -0.3085491 1.471719 0.2424256 -0.3628154 1.471719 0.1669856 -0.4031389 1.471719 0.08512848 -0.42797 1.471719 0 -0.4363545 1.471719 -0.08512872 -0.42797 1.471719 -0.1669858 -0.4031388 1.471719 -0.2424258 -0.3628153 1.471719 -0.3085495 -0.3085489 1.471719 -0.3628157 -0.2424252 1.471719 -0.4031392 -0.1669852 1.471719 -0.4279702 -0.085128 1.471719 -0.4363546 6.00659e-7 1.471719 -0.4279701 0.0851292 1.471719 -0.4031389 0.1669863 1.471719 -0.3628153 0.2424263 1.471719 -0.3085489 0.3085499 1.471719 -0.2424251 0.3628162 1.471719 -0.166985 0.4031396 1.471719 -0.08512789 0.4279705 1.471719 0.06319975 0.3177268 1.8813 0 0.3239514 1.8813 0.1239708 0.299292 1.8813 0.1799776 0.2693558 1.8813 0.2290681 0.2290683 1.8813 0.2693556 0.1799778 1.8813 0.2992919 0.1239709 1.8813 0.3177266 0.06319993 1.8813 0.3239512 2.42539e-7 1.8813 0.3177266 -0.06319946 1.8813 0.299292 -0.1239705 1.8813 0.2693556 -0.1799774 1.8813 0.2290681 -0.2290678 1.8813 0.1799776 -0.2693553 1.8813 0.1239707 -0.2992916 1.8813 0.06319963 -0.3177263 1.8813 0 -0.323951 1.8813 -0.06319981 -0.3177263 1.8813 -0.1239708 -0.2992916 1.8813 -0.1799777 -0.2693552 1.8813 -0.2290682 -0.2290677 1.8813 -0.2693557 -0.1799772 1.8813 -0.2992919 -0.1239703 1.8813 -0.3177266 -0.06319922 1.8813 -0.3239511 5.30889e-7 1.8813 -0.3177264 0.06320029 1.8813 -0.2992917 0.1239713 1.8813 -0.2693553 0.1799781 1.8813 -0.2290678 0.2290685 1.8813 -0.1799772 0.269356 1.8813 -0.1239702 0.2992923 1.8813 -0.06319922 0.3177268 1.8813 0.05955553 0.2994059 1.904446 0 0.3052717 1.904446 0.1168224 0.2820342 1.904446 0.1695997 0.2538241 1.904446 0.2158595 0.2158597 1.904446 0.2538239 0.1695999 1.904446 0.282034 0.1168225 1.904446 0.2994058 0.0595557 1.904446 0.3052715 2.4735e-7 1.904446 0.2994058 -0.05955523 1.904446 0.2820341 -0.116822 1.904446 0.2538239 -0.1695994 1.904446 0.2158595 -0.2158592 1.904446 0.1695997 -0.2538236 1.904446 0.1168223 -0.2820338 1.904446 0.05955541 -0.2994055 1.904446 0 -0.3052712 1.904446 -0.05955559 -0.2994055 1.904446 -0.1168224 -0.2820338 1.904446 -0.1695998 -0.2538235 1.904446 -0.2158596 -0.2158591 1.904446 -0.253824 -0.1695993 1.904446 -0.2820341 -0.1168218 1.904446 -0.2994057 -0.05955499 1.904446 -0.3052713 5.19072e-7 1.904446 -0.2994056 0.059556 1.904446 -0.2820339 0.1168228 1.904446 -0.2538236 0.1696002 1.904446 -0.2158592 0.21586 1.904446 -0.1695993 0.2538244 1.904446 -0.1168218 0.2820345 1.904446 -0.05955499 0.299406 1.904446 0.04459851 0.2242122 1.904446 0 0.2286047 1.904446 0.08748316 0.2112032 1.904446 0.1270059 0.1900779 1.904446 0.1616478 0.161648 1.904446 0.1900777 0.1270061 1.904446 0.211203 0.0874834 1.904446 0.2242119 0.04459875 1.904446 0.2286045 2.6569e-7 1.904446 0.2242119 -0.04459822 1.904446 0.2112031 -0.08748286 1.904446 0.1900777 -0.1270056 1.904446 0.1616478 -0.1616475 1.904446 0.1270059 -0.1900774 1.904446 0.08748316 -0.2112028 1.904446 0.04459846 -0.2242116 1.904446 0 -0.2286042 1.904446 -0.04459857 -0.2242116 1.904446 -0.08748322 -0.2112027 1.904446 -0.1270059 -0.1900773 1.904446 -0.1616479 -0.1616474 1.904446 -0.1900777 -0.1270054 1.904446 -0.211203 -0.08748275 1.904446 -0.2242119 -0.04459804 1.904446 -0.2286044 4.69171e-7 1.904446 -0.2242118 0.04459899 1.904446 -0.2112029 0.08748364 1.904446 -0.1900775 0.1270063 1.904446 -0.1616475 0.1616482 1.904446 -0.1270055 0.1900781 1.904446 -0.08748275 0.2112034 1.904446 -0.04459816 0.2242122 1.904446 0.04459857 0.2242122 2.013535 0 0.2286047 2.013535 0.08748322 0.2112032 2.013535 0.1270059 0.1900779 2.013535 0.1616478 0.161648 2.013535 0.1900777 0.1270061 2.013535 0.211203 0.0874834 2.013535 0.224212 0.04459875 2.013535 0.2286046 2.6569e-7 2.013535 0.224212 -0.04459822 2.013535 0.2112031 -0.08748286 2.013535 0.1900777 -0.1270056 2.013535 0.1616478 -0.1616475 2.013535 0.1270059 -0.1900774 2.013535 0.08748316 -0.2112028 2.013535 0.04459851 -0.2242116 2.013535 0 -0.2286042 2.013535 -0.04459851 -0.2242116 2.013535 -0.08748316 -0.2112027 2.013535 -0.1270059 -0.1900773 2.013535 -0.1616478 -0.1616474 2.013535 -0.1900777 -0.1270054 2.013535 -0.211203 -0.08748275 2.013535 -0.2242119 -0.04459804 2.013535 -0.2286044 4.69171e-7 2.013535 -0.2242118 0.04459899 2.013535 -0.2112028 0.08748364 2.013535 -0.1900774 0.1270063 2.013535 -0.1616475 0.1616482 2.013535 -0.1270055 0.1900781 2.013535 -0.08748275 0.2112034 2.013535 -0.0445981 0.2242122 2.013535 0.03991138 0.2006481 2.013535 0 0.204579 2.013535 0.07828897 0.1890063 2.013535 0.1136579 0.1701012 2.013535 0.1446591 0.1446593 2.013535 0.1701011 0.1136581 2.013535 0.1890062 0.07828915 2.013535 0.2006478 0.03991156 2.013535 0.2045788 2.71623e-7 2.013535 0.2006478 -0.03991103 2.013535 0.1890062 -0.07828861 2.013535 0.1701011 -0.1136576 2.013535 0.1446591 -0.1446588 2.013535 0.1136579 -0.1701007 2.013535 0.07828891 -0.1890059 2.013535 0.03991132 -0.2006475 2.013535 0 -0.2045785 2.013535 -0.03991132 -0.2006475 2.013535 -0.07828891 -0.1890058 2.013535 -0.1136579 -0.1701006 2.013535 -0.144659 -0.1446586 2.013535 -0.170101 -0.1136574 2.013535 -0.1890061 -0.07828849 2.013535 -0.2006477 -0.03991085 2.013535 -0.2045786 4.53718e-7 2.013535 -0.2006477 0.0399118 2.013535 -0.1890059 0.07828933 2.013535 -0.1701008 0.1136583 2.013535 -0.1446588 0.1446594 2.013535 -0.1136575 0.1701014 2.013535 -0.07828849 0.1890065 2.013535 -0.03991097 0.2006481 2.013535 0.04459857 0.2242122 2.062667 0 0.2286047 2.062667 0.08748322 0.2112032 2.062667 0.224212 0.04459875 2.062667 0.211203 0.0874834 2.062667 0.2286046 2.6569e-7 2.062667 0.224212 -0.04459822 2.062667 0.2112031 -0.08748286 2.062667 0.04459851 -0.2242116 2.062667 0.08748316 -0.2112028 2.062667 0 -0.2286042 2.062667 -0.04459851 -0.2242116 2.062667 -0.08748316 -0.2112027 2.062667 -0.2242119 -0.04459804 2.062667 -0.211203 -0.08748275 2.062667 -0.2286044 4.69171e-7 2.062667 -0.2242118 0.04459899 2.062667 -0.2112028 0.08748364 2.062667 -0.0445981 0.2242122 2.062667 -0.08748275 0.2112034 2.062667 0.03991138 0.2006481 2.062667 0 0.204579 2.062667 0.07828897 0.1890063 2.062667 0.2006478 0.03991156 2.062667 0.1890062 0.07828915 2.062667 0.2045788 2.71623e-7 2.062667 0.2006478 -0.03991103 2.062667 0.1890062 -0.07828861 2.062667 0.03991132 -0.2006475 2.062667 0.07828891 -0.1890059 2.062667 0 -0.2045785 2.062667 -0.03991132 -0.2006475 2.062667 -0.07828891 -0.1890058 2.062667 -0.2006477 -0.03991085 2.062667 -0.1890061 -0.07828849 2.062667 -0.2045786 4.53718e-7 2.062667 -0.2006477 0.0399118 2.062667 -0.1890059 0.07828933 2.062667 -0.03991097 0.2006481 2.062667 -0.07828849 0.1890065 2.062667 0 0.3469687 2.060543 0 0.3358965 2.068183 0.06769019 0.3403018 2.060543 0.06553012 0.3294423 2.068183 0.1327791 0.3205573 2.060543 0.128542 0.3103279 2.068183 0.1927654 0.2884939 2.060543 0.186614 0.2792877 2.068183 0.2453438 0.245344 2.060543 0.2375146 0.2375147 2.068183 0.2884938 0.1927655 2.060543 0.2792875 0.1866141 2.068183 0.3205571 0.1327793 2.060543 0.3103277 0.1285421 2.068183 0.3403016 0.06769043 2.060543 0.3294421 0.0655303 2.068183 0.3469685 2.32488e-7 2.060543 0.3358963 2.35444e-7 2.068183 0.3403016 -0.06768995 2.060543 0.3294422 -0.06552982 2.068183 0.3205571 -0.1327788 2.060543 0.3103277 -0.1285417 2.068183 0.2884938 -0.1927651 2.060543 0.2792875 -0.1866137 2.068183 0.2453438 -0.2453435 2.060543 0.2375146 -0.2375143 2.068183 0.1927654 -0.2884936 2.060543 0.1866139 -0.2792873 2.068183 0.132779 -0.3205569 2.060543 0.1285419 -0.3103274 2.068183 0.06769013 -0.3403014 2.060543 0.06553006 -0.3294419 2.068183 0 -0.3469683 2.060543 0 -0.335896 2.068183 -0.06769031 -0.3403013 2.060543 -0.06553018 -0.3294419 2.068183 -0.1327792 -0.3205568 2.060543 -0.128542 -0.3103274 2.068183 -0.1927655 -0.2884934 2.060543 -0.186614 -0.2792872 2.068183 -0.2453439 -0.2453434 2.060543 -0.2375146 -0.2375141 2.068183 -0.2884939 -0.1927649 2.060543 -0.2792876 -0.1866135 2.068183 -0.3205572 -0.1327786 2.060543 -0.3103277 -0.1285415 2.068183 -0.3403015 -0.06768965 2.060543 -0.329442 -0.06552958 2.068183 -0.3469684 5.41325e-7 2.060543 -0.3358962 5.34426e-7 2.068183 -0.3403015 0.06769073 2.060543 -0.329442 0.06553065 2.068183 -0.3205569 0.1327797 2.060543 -0.3103275 0.1285425 2.068183 -0.2884935 0.192766 2.060543 -0.2792873 0.1866145 2.068183 -0.2453434 0.2453442 2.060543 -0.2375141 0.237515 2.068183 -0.1927649 0.2884942 2.060543 -0.1866136 0.279288 2.068183 -0.1327785 0.3205575 2.060543 -0.1285414 0.3103281 2.068183 -0.06768965 0.3403019 2.060543 -0.06552958 0.3294424 2.068183 0.05901658 0.2966969 2.068184 0 0.3025096 2.068184 0.1157653 0.2794824 2.068184 0.1680651 0.2515275 2.068184 0.2139064 0.2139065 2.068184 0.2515273 0.1680654 2.068184 0.2794821 0.1157655 2.068184 0.2966967 0.05901688 2.068184 0.3025094 2.57331e-7 2.068184 0.2966967 -0.05901634 2.068184 0.2794821 -0.115765 2.068184 0.2515273 -0.1680649 2.068184 0.2139064 -0.2139061 2.068184 0.1680651 -0.251527 2.068184 0.1157653 -0.279482 2.068184 0.05901658 -0.2966964 2.068184 0 -0.3025091 2.068184 -0.0590167 -0.2966964 2.068184 -0.1157653 -0.2794817 2.068184 -0.1680653 -0.2515268 2.068184 -0.2139065 -0.2139061 2.068184 -0.2515275 -0.1680647 2.068184 -0.2794822 -0.1157648 2.068184 -0.2966967 -0.05901616 2.068184 -0.3025091 5.26595e-7 2.068184 -0.2966965 0.05901718 2.068184 -0.279482 0.1157659 2.068184 -0.2515271 0.1680656 2.068184 -0.2139061 0.2139068 2.068184 -0.1680647 0.2515277 2.068184 -0.1157647 0.2794826 2.068184 -0.0590161 0.2966969 2.068184 0.01013958 0.01706933 2.129298 0 0.01740372 2.129298 0.01988953 0.016079 2.129298 0.02887511 0.01447075 2.129298 0.03675103 0.01230639 2.129298 0.04321461 0.009669125 2.129298 0.0480175 0.006660282 2.129298 0.05097514 0.003395557 2.129298 0.05197381 3.1939e-7 2.129298 0.05097514 -0.003394901 2.129298 0.0480175 -0.006659686 2.129298 0.04321461 -0.009668529 2.129298 0.03675103 -0.01230573 2.129298 0.02887511 -0.0144701 2.129298 0.01988953 -0.01607835 2.129298 0.01013958 -0.01706868 2.129298 0 -0.01740312 2.129298 -0.01013952 -0.01706868 2.129298 -0.01988947 -0.01607835 2.129298 -0.02887499 -0.0144701 2.129298 -0.03675097 -0.01230573 2.129298 -0.04321455 -0.009668469 2.129298 -0.04801738 -0.006659626 2.129298 -0.05097502 -0.003394901 2.129298 -0.0519737 3.34881e-7 2.129298 -0.05097502 0.003395557 2.129298 -0.04801738 0.006660342 2.129298 -0.04321449 0.009669125 2.129298 -0.03675085 0.01230639 2.129298 -0.02887493 0.01447075 2.129298 -0.01988935 0.016079 2.129298 -0.0101394 0.01706933 2.129298 0.01013964 0.008862257 2.149224 0 0.009035825 2.149224 0.01988959 0.008348047 2.149224 0.02887517 0.007513105 2.149224 0.03675109 0.006389379 2.149224 0.04321467 0.005020201 2.149224 0.04801756 0.003458023 2.149224 0.0509752 0.001763045 2.149224 0.05197387 3.21487e-7 2.149224 0.0509752 -0.00176239 2.149224 0.04801756 -0.003457427 2.149224 0.04321467 -0.005019545 2.149224 0.03675109 -0.006388723 2.149224 0.02887517 -0.00751245 2.149224 0.01988959 -0.008347392 2.149224 0.01013964 -0.008861601 2.149224 0 -0.009035229 2.149224 -0.01013946 -0.008861601 2.149224 -0.01988941 -0.008347392 2.149224 -0.02887493 -0.00751245 2.149224 -0.03675091 -0.006388723 2.149224 -0.04321449 -0.005019545 2.149224 -0.04801732 -0.003457427 2.149224 -0.05097496 -0.00176239 2.149224 -0.05197364 3.29529e-7 2.149224 -0.05097496 0.001763045 2.149224 -0.04801732 0.003458082 2.149224 -0.04321444 0.005020201 2.149224 -0.03675085 0.006389379 2.149224 -0.02887487 0.007513105 2.149224 -0.01988929 0.008348047 2.149224 -0.01013934 0.008862257 2.149224 -0.05952978 0.2992792 1.471719 0 0.3051424 1.471719 -0.1167724 0.281915 1.471719 -0.1695274 0.2537168 1.471719 -0.2157677 0.2157685 1.471719 -0.2537161 0.1695284 1.471719 -0.2819144 0.1167733 1.471719 -0.2992788 0.05953079 1.471719 -0.3051421 5.19458e-7 1.471719 -0.2992789 -0.05952972 1.471719 -0.2819146 -0.1167724 1.471719 -0.2537164 -0.1695274 1.471719 -0.2157681 -0.2157676 1.471719 -0.169528 -0.253716 1.471719 -0.1167729 -0.2819142 1.471719 -0.05953031 -0.2992786 1.471719 0 -0.3051419 1.471719 0.05953019 -0.2992786 1.471719 0.1167728 -0.2819143 1.471719 0.1695278 -0.2537161 1.471719 0.215768 -0.2157678 1.471719 0.2537164 -0.1695276 1.471719 0.2819146 -0.1167725 1.471719 0.2992789 -0.05952996 1.471719 0.3051421 2.47851e-7 1.471719 0.2992789 0.05953049 1.471719 0.2819145 0.116773 1.471719 0.2537164 0.169528 1.471719 0.215768 0.2157682 1.471719 0.1695278 0.2537166 1.471719 0.1167728 0.2819147 1.471719 0.05953025 0.2992791 1.471719 -0.05952978 0.2992792 1.430896 0 0.3051424 1.430896 -0.1167724 0.281915 1.430896 -0.1695275 0.2537168 1.430896 -0.2157678 0.2157685 1.430896 -0.2537161 0.1695284 1.430896 -0.2819144 0.1167733 1.430896 -0.2992788 0.05953079 1.430896 -0.3051421 5.19458e-7 1.430896 -0.2992789 -0.05952972 1.430896 -0.2819146 -0.1167724 1.430896 -0.2537164 -0.1695274 1.430896 -0.2157682 -0.2157676 1.430896 -0.169528 -0.253716 1.430896 -0.1167729 -0.2819142 1.430896 -0.05953037 -0.2992786 1.430896 0 -0.3051419 1.430896 0.05953019 -0.2992786 1.430896 0.1167728 -0.2819143 1.430896 0.1695278 -0.2537161 1.430896 0.215768 -0.2157678 1.430896 0.2537164 -0.1695276 1.430896 0.2819146 -0.1167725 1.430896 0.2992789 -0.05952996 1.430896 0.3051421 2.47851e-7 1.430896 0.2992789 0.05953049 1.430896 0.2819145 0.116773 1.430896 0.2537164 0.169528 1.430896 0.215768 0.2157682 1.430896 0.1695278 0.2537166 1.430896 0.1167728 0.2819147 1.430896 0.05953025 0.2992791 1.430896 -0.06317794 0.3176198 1.398335 0 0.3238423 1.398335 -0.1239285 0.2991914 1.398335 -0.1799166 0.2692652 1.398335 -0.2289906 0.2289914 1.398335 -0.2692645 0.1799175 1.398335 -0.2991909 0.1239295 1.398335 -0.3176195 0.06317901 1.398335 -0.323842 5.31202e-7 1.398335 -0.3176195 -0.06317794 1.398335 -0.2991911 -0.1239285 1.398335 -0.2692649 -0.1799166 1.398335 -0.228991 -0.2289905 1.398335 -0.1799171 -0.2692645 1.398335 -0.1239291 -0.2991907 1.398335 -0.06317853 -0.3176193 1.398335 0 -0.3238418 1.398335 0.06317836 -0.3176193 1.398335 0.123929 -0.2991908 1.398335 0.179917 -0.2692646 1.398335 0.2289909 -0.2289906 1.398335 0.2692648 -0.1799167 1.398335 0.2991911 -0.1239287 1.398335 0.3176195 -0.06317818 1.398335 0.323842 2.42949e-7 1.398335 0.3176195 0.06317865 1.398335 0.299191 0.1239292 1.398335 0.2692648 0.1799172 1.398335 0.2289909 0.2289911 1.398335 0.179917 0.269265 1.398335 0.123929 0.2991912 1.398335 0.06317842 0.3176198 1.398335 -0.0743162 -0.7312517 -0.5744066 -0.1253566 -0.654218 -0.5542807 0 -0.7820706 -0.5865647 -0.07307171 -0.7321045 -0.5746107 0.07307171 -0.7321046 -0.5746107 -2.33058e-7 -0.7820705 -0.5865646 0.0743162 -0.7312518 -0.5744066 -9.72463e-5 -0.3418274 1.627575 0 -0.3418324 1.627639 0.1253566 -0.654218 -0.5542807 0.05810636 -0.3333651 1.666569 -0.09727734 -0.3188392 1.725113 0.07608115 -0.5768722 -0.5313061 -0.06468003 -0.325168 1.773666 -0.05840885 -0.3251239 1.783054 -0.06599569 -0.331782 1.678004 -0.05838018 -0.3333381 1.66657 0 -0.5249434 -0.5146977 -0.07608115 -0.5768722 -0.5313061 -1.45167e-4 -0.328137 1.821715 0.06598967 -0.3317528 1.678427 0 -0.5249435 -0.5146977 0.09686726 -0.3189638 1.72511 0.05807757 -0.3251565 1.783053 0 -0.3281581 1.821618 0.06468689 -0.3252032 1.773157 0.07428658 0.7290778 -0.5737981 0.07552021 0.7272178 -0.5733122 0 0.7798734 -0.5859505 -0.07428658 0.7290778 -0.5737981 0.1253019 0.6520841 -0.5536827 -0.07552033 0.7272176 -0.5733121 -0.1253019 0.652084 -0.5536827 0 0.7798734 -0.5859505 -0.07604652 0.574778 -0.5307198 0 0.5228779 -0.5141203 0.07604658 0.574778 -0.5307198 0 0.3418388 1.627555 8.41493e-5 0.3418344 1.627499 0 0.5228779 -0.5141203 -0.05811953 0.3333696 1.666494 0.09726417 0.3188492 1.725038 0.06468129 0.3251751 1.77357 0.05839574 0.3251309 1.782979 0.06599634 0.3317862 1.67795 0.05836707 0.3333451 1.666494 1.32052e-4 0.3281441 1.82164 -0.0659905 0.3317598 1.678333 -0.09688031 0.3189658 1.725034 -0.05809068 0.325161 1.782978 0 0.3281633 1.821551 -0.06468725 0.3252076 1.773101 -0.1311512 0.3287462 -0.2186526 -0.1220126 0.3326973 -0.2122051 -0.1229833 0.3329518 -0.2092033 -0.124891 0.3450229 -0.2017594 -0.1361163 0.3416293 -0.2017526 -0.138007 0.3331803 -0.2063869 -0.139186 0.3273571 -0.2092033 -0.1402189 0.3262116 -0.2121943 -0.1358357 0.3279382 -0.2153003 0.117794 0.3339467 -0.2123713 0.1263782 0.3301615 -0.2188311 0.1188685 0.3342 -0.2092033 0.1225162 0.3454517 -0.2019311 0.1332873 0.3421699 -0.2019395 0.1352242 0.3286568 -0.2123849 0.1342746 0.3295267 -0.2092033 -0.1227123 -0.3324905 -0.2121731 0.1177178 -0.3339719 -0.2123574 -0.1319468 -0.3285109 -0.2186169 -0.1236683 -0.3327435 -0.2092033 0.1187953 -0.3342217 -0.2092033 -0.1253262 -0.3449291 -0.2017366 0.4789285 0.05687201 0.3367105 -0.1366373 -0.3415152 -0.2017264 0.1226857 -0.345408 -0.2019262 0.4801647 0.07267379 0.3298016 0.4866333 0.04545152 0.3255265 0.1334171 -0.3421412 -0.2019329 0.4869742 0.02343237 0.3313683 -0.1384263 -0.3341901 -0.2057176 -0.1400467 -0.3268967 -0.2092033 0.4936315 0.03337311 0.3402385 0.4922702 0.03372389 0.3409102 -0.1410927 -0.3257517 -0.212156 0.4850594 0.06698006 0.3294994 -0.1357977 -0.3278443 -0.2158737 0.134154 -0.3295627 -0.2092033 0.1350836 -0.328702 -0.2123683 0.498009 0.01038998 0.337122 0.4979251 0.01024025 0.3371559 0.1262465 -0.3302039 -0.2188149 0.4887551 0.04524731 0.3258364 -0.4900081 -0.03596425 0.3373134 -0.488463 -0.03268682 0.3364204 -0.4874264 0.01132649 0.3460125 -0.4842503 0.0114361 0.3425616 -0.4936071 -0.01768153 0.3456614 -0.4983782 0.02648019 0.3375504 -0.4986716 0.02693831 0.3395746 -0.497287 0.03863722 0.3391962 -0.4902552 -1.46656e-4 0.3316007 -0.4864982 0.04080641 0.3372016 -0.4922937 0.05289596 0.3402423 -0.4940325 2.74286e-4 0.3324249 -0.2487408 0.09181582 -0.2444471 -0.248169 0.04936438 -0.2469525 -0.2725293 -0.06741607 -0.2413946 -0.09673869 0.8121708 -0.2535306 -0.09941875 0.8082757 -0.2517104 -0.2484121 -0.06741607 -0.2458871 -0.2479441 4.68337e-7 -0.2479379 -0.248169 -0.04936343 -0.2469525 -0.2627281 0.1088261 -0.2408804 -0.267371 0.1107493 -0.2399069 -0.2670884 0.1120278 -0.2398381 -0.2434251 -0.1008296 -0.244928 -0.243344 -0.1009154 -0.244934 -0.2398077 -0.0852918 -0.2464798 -0.0972988 0.7958915 -0.2646293 -0.09739512 0.7963632 -0.263763 -0.0997563 0.8005892 -0.2524089 -0.2432985 -0.1007771 -0.2449545 -0.09934103 0.8071256 -0.2766569 -0.2731543 -0.06002807 -0.2416956 -0.2732246 -0.05434733 -0.2420035 -0.2731543 0.06002873 -0.2416956 -0.2732246 0.05434828 -0.2420035 -0.2734513 4.83212e-7 -0.2429966 -0.2704648 0.09181582 -0.2404004 -0.09377211 0.8162131 -0.2667254 -0.09369313 0.8163337 -0.2665852 -0.103421 0.8011206 -0.2761741 -0.09991514 0.8062782 -0.2766217 -0.2518866 0.1005492 -0.2433677 -0.1021683 0.8042501 -0.2512304 -0.1027569 0.8001526 -0.2760004 0.02287548 -0.7117349 0.06985771 0.01312565 -0.6595122 -0.1693097 0.0133875 -0.6594724 -0.1684709 0.01348519 -0.6589771 -0.1675828 -0.01565051 -0.7026534 -0.2894337 -0.01828092 -0.7176834 -0.2516341 0.007368922 -0.6607028 -0.1944248 0.004518628 -0.699697 0.06835514 0.002283811 -0.6602805 -0.1855173 -0.01833117 -0.7179703 -0.247726 0.02518868 -0.6444503 -0.06118351 0.02500462 -0.6426853 -0.06285649 0.02401769 -0.6426496 -0.06210315 0.02352887 -0.7156684 0.02983808 0.02573025 -0.6487965 -0.05625957 0.01694738 -0.646158 -0.1361072 0.01658231 -0.6493945 -0.1394264 0.01400959 -0.6460574 -0.133984 0.02305561 -0.7140836 0.05093961 0.01284086 -0.6574687 -0.1262078 0.01346886 -0.6573776 -0.1242857 0.01801502 -0.6448711 -0.1089602 0.02351242 -0.6424391 -0.05766338 0.01226025 -0.6453869 -0.1198427 0.003748178 -0.7026584 0.02979135 0.02695125 -0.651572 -0.04515916 0.02355861 -0.6421589 -0.05175244 0.01838022 -0.6573205 -0.1230809 0.02658605 -0.6420037 -0.04847908 0.005695879 -0.6610844 -0.2024723 -9.80404e-4 -0.6494907 -0.2064031 0.01973074 -0.6449584 -0.1108028 0.003763079 -0.7015346 0.04849117 0.009799122 -0.7122268 -0.2493107 0.00977993 -0.7121171 -0.2508034 0.007175087 -0.6972332 -0.2879382 -0.00131762 -0.6616324 -0.2140329 -0.006032347 -0.6499023 -0.2150855 -0.006236791 -0.6526707 -0.2169439 0 -0.6926445 -0.2866721 0 -0.7052177 -0.2512447 -0.003595352 -0.6525683 -0.1929302 0.001250326 -0.6604946 -0.1900324 -0.003151834 -0.6604408 -0.1888979 0.004526853 -0.7086775 -0.25029 -0.006009161 -0.6616723 -0.2148749 -0.004526853 -0.7086775 -0.25029 -0.004109323 -0.6490734 -0.1976028 -0.09654593 0.7968744 -0.2366291 -0.08704012 0.8227104 -0.3109704 -0.0995742 0.8019915 -0.2260033 -0.09290373 0.8134896 -0.317973 -0.1018775 0.8054555 -0.2252126 -0.1008167 0.8019915 -0.3150997 -0.09645229 0.8134896 -0.2233789 -0.0900278 0.8227104 -0.2307322 -0.08980721 0.8227104 -0.2425261 -0.1048203 0.7968744 -0.3045139 -0.09821587 0.807532 -0.293083 -0.1018999 0.8019915 -0.2941872 -0.09425449 0.8134896 -0.2918956 -0.08764123 0.8227104 -0.2993648 -0.1087054 0.8134896 -0.2498794 -0.1081721 0.813719 -0.2496965 -0.1070073 0.8146601 -0.248946 -0.09591513 0.8134896 -0.2498794 -0.1047057 0.8134896 -0.2498794 -0.1050001 0.8118318 -0.249501 -0.1113823 0.8055416 -0.2480653 -0.1004811 0.8019915 -0.247255 -0.10213 0.8044087 -0.2478067 -0.7407298 0.1217853 -0.5783624 -0.711638 0.1166556 -0.5700901 -0.6860552 0.1018853 -0.5625331 -0.6670669 0.07925599 -0.5566029 -0.6569635 0.05149692 -0.5530148 -0.6569635 0.02195638 -0.5522016 -0.6649547 7.46009e-7 -0.5538308 -0.6670669 -0.005802571 -0.5545809 -0.6860552 -0.02843189 -0.560511 -0.711638 -0.04320216 -0.568068 -0.7407298 -0.04833185 -0.5763404 -0.7698215 -0.04320216 -0.5843303 -0.7954044 -0.02843195 -0.5910741 -0.8143927 -0.005802571 -0.5957584 -0.816505 8.45389e-7 -0.596189 -0.8244962 0.02195638 -0.5990269 -0.8244962 0.05149692 -0.5998402 -0.8143928 0.07925593 -0.5977804 -0.7954044 0.1018853 -0.5930961 -0.7698216 0.1166556 -0.5863524 0.008069097 -0.6747719 1.523516 0 -0.6800039 1.524482 -0.008069157 -0.6747718 1.523516 -0.01813119 -0.6702962 1.509859 -0.01454013 -0.6751794 1.494761 2.64319e-7 0.6832682 1.488903 0 0.6832681 1.488903 0.01454007 0.6727035 1.494073 0 -0.6857443 1.489591 0.01813119 0.6678203 1.509171 0.008069097 0.6722959 1.522828 2.8463e-7 0.6775278 1.523794 -0.008069157 0.6722955 1.522828 -0.01813119 0.66782 1.509171 -0.01454013 0.6727032 1.494073 0.01454007 -0.6751795 1.494761 0 -0.6857444 1.489591 0.01813119 -0.6702963 1.509859</float_array>
          <technique_common>
            <accessor source="#Cylinder_002-mesh-positions-array" count="2543" stride="3">
              <param name="X" type="float"/>
              <param name="Y" type="float"/>
              <param name="Z" type="float"/>
            </accessor>
          </technique_common>
        </source>
        <source id="Cylinder_002-mesh-normals">
          <float_array id="Cylinder_002-mesh-normals-array" count="11685">-0.4338815 -0.1635773 0.8859964 -0.9829891 -0.05613625 0.174875 -0.9749282 -0.04040008 0.2188219 0.4513916 -0.3042479 0.8388556 -0.466516 -0.6337838 0.6169936 -0.4513917 -0.3042479 0.8388558 -2.40064e-6 0.1815575 -0.9833803 0.7618401 0.2064924 -0.6139712 0.781834 0.1131989 -0.6131246 0.4338825 -0.163578 0.8859956 0.9829891 -0.05613619 0.1748749 -0.7618402 0.2064924 -0.6139712 -0.781835 0.1131988 -0.6131232 0 0.3103709 -0.9506156 0.9749281 -0.04040056 0.218822 0.746249 0.4446273 -0.4953979 0 0.9059309 -0.4234257 0.7620652 0.586535 -0.2742872 0.9881918 -0.1003422 0.1157951 0 0.6538743 -0.7566032 -0.9881918 -0.1003422 0.1157956 0.4665161 -0.633784 0.6169932 -0.7462489 0.4446274 -0.4953981 -0.7629567 0.6388038 -0.09912991 0 0.9888426 -0.1489643 -0.7620651 0.5865348 -0.2742877 -0.4431555 -0.8223746 0.3568099 0.9804791 -0.1806775 0.07756549 -0.9804791 -0.1806774 0.07756567 0.4431556 -0.8223742 0.3568109 -0.9785389 -0.2057319 -0.01166039 -0.7728741 0.6337229 0.0325728 -0.4522244 -0.8790043 0.1511445 -0.9829893 -0.1815386 0.02785462 0.4522244 -0.8790041 0.1511457 0.7629568 0.6388037 -0.09913057 0.9829893 -0.1815387 0.02785462 0.4403045 -0.8967461 -0.04447817 -0.4347541 -0.8937713 -0.1102808 -0.4403045 -0.8967462 -0.04447805 0.9785389 -0.2057319 -0.01166051 0 0.9985769 0.05333167 0.7728742 0.6337229 0.03257274 0 0.9924302 0.1228112 0.7722046 0.6227257 0.1261468 0.7806809 0.6202041 0.07671004 0.9754138 -0.2187225 -0.0269913 -0.7806809 0.6202041 0.07670992 -0.9754137 -0.2187226 -0.02699136 0.4347543 -0.8937712 -0.1102808 0 0.9797231 0.2003567 -0.7777711 0.600741 0.184885 0 0.9556342 0.2945562 -0.9788643 -0.200201 -0.04176515 -0.7722045 0.6227257 0.1261469 -0.4409642 -0.8797973 -0.1775028 0.9788643 -0.2002012 -0.04176503 0.440964 -0.8797976 -0.1775027 -0.9789865 -0.1875045 -0.08017337 -0.7717639 0.5858064 0.2474097 -0.4369133 -0.8599559 -0.2637852 -0.9766148 -0.2054843 -0.06324356 0.4369133 -0.8599559 -0.2637852 0.7777711 0.600741 0.184885 0.9766149 -0.2054842 -0.06324356 0.9789865 -0.1875045 -0.08017331 0.4419659 -0.7658335 -0.4670816 0.441228 -0.8275396 -0.3471255 -0.441228 -0.8275396 -0.3471256 0 0.9203712 0.3910461 0.7717639 0.5858064 0.2474097 0 0.8511981 0.5248445 -0.7742804 0.49088 0.3994082 0 0.7748032 0.6322026 0.7708105 0.5431056 0.3329977 -0.979378 -0.1715845 -0.1066654 -0.7708107 0.5431056 0.3329976 -0.4419659 -0.7658336 -0.4670816 0.9793781 -0.1715844 -0.1066654 -0.9789505 -0.1407338 -0.1478173 -0.7708652 0.4372535 0.4632238 -0.439386 -0.6983767 -0.5649867 -0.9779677 -0.1618261 -0.1318768 0.4393859 -0.6983767 -0.5649867 0.7742804 0.49088 0.3994082 0.9779677 -0.1618261 -0.1318769 -0.448466 -0.4654327 -0.7630535 -0.9828993 -0.0907191 -0.1602471 -0.4411097 -0.6228842 -0.6460942 0.9789505 -0.1407338 -0.1478173 0 0.6840771 0.7294097 0.4411096 -0.6228842 -0.6460942 0.7708652 0.4372535 0.4632238 0.7602739 0.3288018 0.5602437 0.9806534 -0.05148679 -0.1888602 0.9828993 -0.09071993 -0.1602466 0.4484661 -0.465433 -0.7630533 -0.7602738 0.3288025 0.5602435 1.76804e-7 0.4978371 0.8672706 -0.7668759 0.1766493 0.617006 -0.9799643 -0.01874786 -0.1982887 -0.7697759 0.05602717 0.6358506 0 0.269786 0.9629203 -0.4440263 -0.2535847 -0.8593809 -0.9806534 -0.05148583 -0.1888604 0.4440259 -0.2535852 -0.859381 0.7668759 0.1766487 0.6170063 0.7697758 -0.05602711 0.6358507 0.9799627 -0.01874798 -0.1982975 0.7697658 0.05602753 0.635863 -0.4433618 -0.07831722 -0.8929149 -1.30753e-5 0.08963716 0.9959746 0.4433507 -0.0783168 -0.8929203 -0.9829892 0.05613589 0.1748742 -0.4338837 0.1635778 0.8859951 -0.9749279 0.04040062 0.218823 -0.4665175 0.6337836 0.6169927 0.4513915 0.3042477 0.8388559 -0.4513925 0.3042477 0.8388554 0.7618396 -0.2064925 -0.6139717 -4.41169e-6 -0.1815579 -0.9833803 0.7818338 -0.1131988 -0.6131249 0.4338856 0.1635777 0.8859942 0.982989 0.05613619 0.174875 0.9749279 0.04040068 0.2188231 -0.7618398 -0.2064924 -0.6139715 -0.7818355 -0.1131983 -0.6131228 0.746249 -0.4446273 -0.4953979 -1.06081e-6 -0.9059311 -0.4234254 -6.33402e-7 -0.6538743 -0.7566031 0 -0.3103709 -0.9506156 -0.988192 0.1003416 0.1157943 0.9881918 0.1003422 0.1157956 -0.7462496 -0.4446266 -0.4953976 -0.7629567 -0.6388038 -0.09913057 -0.7620664 -0.5865341 -0.2742858 -0.4431555 0.8223746 0.3568099 0.4665158 0.6337839 0.6169937 0.7620653 -0.5865349 -0.2742871 -0.9804791 0.1806772 0.07756567 0.9804791 0.1806774 0.07756578 -0.9785389 0.2057319 -0.01166039 -0.9829893 0.1815387 0.02785456 -0.4522243 0.8790042 0.1511447 0.4522243 0.8790041 0.1511454 0.4431555 0.8223742 0.3568108 0.7629568 -0.6388036 -0.09913057 0.9829893 0.1815389 0.02785444 -0.4347541 0.8937713 -0.1102809 0.4403044 0.8967462 -0.04447799 -0.4403045 0.8967462 -0.04447799 0.9785389 0.2057319 -0.01166033 0 -0.9888424 -0.1489654 -0.7728742 -0.6337229 0.03257304 0.772874 -0.633723 0.03257274 0.7722043 -0.622726 0.1261468 3.27173e-7 -0.99243 0.1228114 0.780681 -0.6202038 0.0767101 0.9754137 0.2187229 -0.0269913 -1.88355e-7 -0.9985769 0.05333197 -0.7806809 -0.6202041 0.07671004 0.434754 0.8937713 -0.1102808 -0.9754137 0.2187225 -0.02699136 -3.93158e-7 -0.9797231 0.2003566 -0.7777711 -0.600741 0.184885 -0.7722045 -0.6227257 0.1261467 -0.9788643 0.200201 -0.04176515 -0.4409641 0.8797973 -0.1775028 0.9788643 0.200201 -0.04176503 0.4409641 0.8797975 -0.1775028 -0.9789865 0.1875045 -0.08017337 -0.9766148 0.2054843 -0.06324368 -0.4369133 0.8599559 -0.2637852 0.4369133 0.8599559 -0.2637852 0.7777702 -0.6007419 0.1848855 0.9766148 0.2054842 -0.06324362 0.4419669 0.7658331 -0.4670815 0.9789866 0.1875036 -0.08017301 0.4412288 0.8275392 -0.3471254 -0.441228 0.8275396 -0.3471256 -1.23308e-6 -0.9556341 0.2945563 -0.7717639 -0.5858064 0.2474097 0.7717626 -0.5858079 0.2474101 0 -0.8511981 0.5248445 -0.7742804 -0.49088 0.3994081 -0.7708106 -0.5431056 0.3329976 0.7708104 -0.5431057 0.3329977 -1.79674e-6 -0.9203712 0.3910459 -0.979378 0.1715845 -0.1066654 -0.4419659 0.7658334 -0.4670816 0.9793783 0.1715835 -0.1066648 -0.9789505 0.1407338 -0.1478173 -0.9779677 0.1618261 -0.1318769 -0.439386 0.6983768 -0.5649865 0.4393873 0.6983763 -0.5649862 0.7742797 -0.4908806 0.3994086 0.977968 0.1618253 -0.1318762 -0.448466 0.4654327 -0.7630535 -0.4411096 0.622884 -0.6460943 0.97895 0.1407357 -0.1478193 -1.1608e-6 -0.7748033 0.6322025 -0.7708652 -0.4372534 0.4632238 0.4411072 0.6228849 -0.6460951 0.7708628 -0.4372555 0.4632261 0.9806534 0.05148679 -0.1888602 0.7602759 -0.3288006 0.5602416 0.9828988 0.09072107 -0.1602486 0.448463 0.4654338 -0.7630546 -3.44932e-6 -0.6840771 0.7294098 -0.9828993 0.0907191 -0.160247 -0.7602738 -0.3288024 0.5602436 -0.7668759 -0.1766493 0.617006 -0.9799627 0.01874798 -0.1982969 -0.9806534 0.05148583 -0.1888604 3.47393e-6 -0.497837 0.8672706 -0.4440262 0.2535847 -0.8593809 0.4440254 0.2535853 -0.8593812 0.7668774 -0.1766484 0.6170043 0.9799643 0.01874792 -0.198289 -0.4433518 0.0783168 -0.8929198 2.24693e-6 -0.2697862 0.9629203 -0.7697649 -0.05602759 0.6358639 0.443362 0.0783174 -0.8929146 1.54132e-5 -0.08963698 0.9959746 6.50268e-7 0 -1 2.19654e-7 0 -1 6.35375e-7 0 -1 -1.25225e-7 1 0 0.3420201 0.9396927 0 0.3420206 0.9396924 0 0 0 -1 5.98529e-7 0 -1 1.6629e-7 0 -1 -6.88203e-7 0 -1 0 0 -1 -2.85239e-7 0 -1 0 0 -1 -1.51396e-7 0 -1 0 0 -1 0 0 -1 -1.27074e-6 0 -1 -6.35376e-7 0 -1 -2.19654e-7 0 -1 1.27074e-6 0 -1 3.08761e-7 0 -1 -4.12327e-7 0 -1 2.85239e-7 0 -1 -1.66291e-7 0 -1 -5.98529e-7 0 -1 0 0 -1 0 0 -1 -3.08762e-7 0 -1 0 0 -1 -9.83207e-7 0 1 -2.89508e-7 0 1 -7.38923e-7 0 1 -0.8660262 0.4999988 0 -0.6427884 0.7660439 0 -0.6427879 0.7660443 0 0.3420201 -0.9396927 0 -2.60083e-7 -1 0 -2.16736e-7 -1 0 0.6427872 0.7660449 0 0.642788 0.7660441 0 -0.3420208 0.9396924 0 -0.34202 0.9396927 0 -0.3420193 -0.939693 0 -0.3420196 -0.9396928 0 0.8660253 0.5000002 0 0.8660256 0.4999998 0 -4.38289e-7 1 0 -0.6427878 -0.7660443 0 -0.6427875 -0.7660446 0 0.9848079 0.1736481 0 0.9848079 0.1736482 0 -0.8660254 -0.5 0 -0.866025 -0.5000009 0 0.9848079 -0.1736482 0 0.9848079 -0.1736482 0 -0.9848079 -0.1736482 0 -0.9848079 -0.1736482 0 0.8660255 -0.4999999 0 0.8660252 -0.5000004 0 -0.9848079 0.1736482 0 -0.984808 0.1736475 0 0.6427878 -0.7660444 0 0.642787 -0.7660449 0 -0.8660258 0.4999994 0 0.3420205 -0.9396925 0 0.9848076 0.1736494 0 0.9848078 -0.1736484 0 0.9848079 -0.1736481 0 -9.83207e-7 0 1 5.79015e-7 0 1 0 0 1 0 0 1 6.34915e-7 0 1 -3.37514e-7 0 1 -7.96969e-7 0 1 -3.69462e-7 0 1 0 0 1 0 0 1 1.07631e-6 0 1 0 0 1 -1.38169e-6 0 1 -3.48199e-7 0 1 -4.51201e-7 0 1 -1.17407e-6 0 1 2.07538e-6 0 1 2.96264e-6 0 1 -4.61831e-7 0 1 -7.2902e-7 0 1 -7.16018e-7 0 1 -7.3893e-7 0 1 -2.77098e-7 0 1 -8.26751e-7 0 1 -7.96975e-7 0 1 0 0 1 0 0 1 -9.81798e-7 0 1 6.45707e-7 0 1 1.08612e-6 0 1 0 0 1 -4.51189e-7 0 1 5.79026e-7 0 1 1.92645e-7 0 1 0 0 1 -3.39098e-7 0 1 -0.8660259 0.4999992 0 -0.6427874 0.7660447 0 0.8660261 -0.4999991 0 0.8660261 -0.4999989 0 -0.3420202 0.9396927 0 -0.3420199 0.9396927 0 0 -1 0 -0.3420209 -0.9396924 0 -0.3420205 -0.9396925 0 0.6427876 -0.7660446 0 0.6427873 -0.7660447 0 0 1 0 0 1 0 -0.6427867 -0.7660453 0 -0.6427866 -0.7660454 0 0.3420206 -0.9396924 0 0.3420206 -0.9396924 0 0.3420206 0.9396925 0 0.3420205 0.9396925 0 -0.8660267 -0.4999977 0 -0.8660265 -0.4999983 0 1.68573e-7 -1 0 0.6427879 0.7660443 0 0.6427873 0.7660447 0 -0.9848078 -0.1736485 0 -0.9848076 -0.1736494 0 0.8660247 0.5000014 0 0.8660243 0.500002 0 -0.9848078 0.1736484 0 -0.9848077 0.1736484 0 0.9848076 0.1736492 0 -0.8660261 0.4999988 0 -0.1332688 0.2130886 0.9679012 -0.4447808 -0.5849508 0.678235 -0.1114711 -0.602517 0.7902832 -0.03938788 -0.997128 0.06468737 0.6867182 -0.7098932 -0.1564282 0.3730844 -0.6606207 -0.6514511 0.4711297 0.2407632 -0.8485694 0.04892861 0.9135103 -0.4038627 0.1202863 0.2288605 -0.965999 -0.01141542 -0.9992744 0.03633999 -0.2670543 0.8689121 0.416742 -0.06894046 0.8844208 0.4615705 0.09638935 -0.637883 -0.7640774 0.1910747 0.9281866 -0.319312 0.2961054 0.9528945 -0.06567913 -0.381138 0.8502504 -0.363054 -0.5166298 0.8492982 0.1085647 0.9379711 0.2692471 -0.2184403 -0.5403155 0.2053762 0.8160146 -0.1310769 -0.9909945 0.02736711 -0.8054413 -0.5681134 0.1688536 -0.1858699 0.2063406 -0.9606644 -0.7316492 0.1988291 -0.6520403 -0.9592441 0.1990872 0.2005373 -0.08170235 -0.992222 -0.09391641 0.2394431 0.9453186 0.2214492 -0.6093307 -0.5676956 -0.5535683 0.5179039 -0.6861448 0.5108628 -0.1624819 -0.5876583 -0.7926269 0.1585259 -0.6274802 0.7623242 0.682923 0.2522044 0.6855723 -0.1111855 0.8734024 -0.4741374 -0.02885013 -0.9984198 -0.04822605 0.07214701 0.9127847 0.4020187 0 0.9997395 -0.02282917 0 1 0 -0.9993606 0 0.03575676 -1 0 0 1 0 0 0.9984555 0 -0.05555862 0.9993605 0 -0.03575694 -5.22911e-7 0.1409786 -0.9900127 -3.52775e-7 0.1409786 -0.9900127 0.9956421 0.09325706 0 0.9956421 0.093257 0 -0.9956421 0.09325706 0 -0.9956421 0.09325706 0 0 0.1409784 0.9900127 0 0 1 1.28948e-7 0.1409783 0.9900127 0.9985454 0 -0.05391722 0.9993073 0 -0.03721678 -0.9993073 0 0.03721648 -0.9985455 0 0.05391675 0 0.9997003 -0.02448153 0 0.9997395 -0.02282953 0.9847152 -0.1740396 0.006804525 0 0.07599967 0.9971079 0.02579736 0.1332346 -0.9907487 -0.9474095 0.3199914 -0.004546046 0.9409469 0.2776181 -0.1937711 0.4750964 -0.007844507 -0.8798989 0.9738574 0.1197582 -0.1930282 0.3757525 0.2151182 -0.9014068 -0.4053197 -0.145479 -0.9025253 -0.4978191 -0.03896695 -0.8664051 -0.9661912 -0.160703 -0.2016165 0.4115778 0.2655217 -0.8718383 -0.9711763 -0.06187009 -0.2301926 -0.772354 0.2584334 0.5802426 -0.9134629 0.3291631 -0.2392428 -0.4703697 -0.09744763 -0.8770726 0.9644147 0.01826339 -0.2637626 -0.8161219 0.008869469 0.5778117 0.3705241 -0.07544088 -0.925754 -0.1252145 0.03429019 0.991537 -0.5959635 0.5806612 0.5546711 0.4077337 -0.1234559 -0.9047166 0.7157715 -0.2441136 0.654278 0.7643527 0.1008762 0.6368588 -0.0645641 0.001013934 0.9979131 -0.4175226 0.1574897 -0.8949146 0.9315419 -0.2974613 -0.2091569 -0.066832 0.08953982 0.9937385 -0.282411 0.3871278 -0.8777108 0.09433871 -0.3177877 -0.9434571 0.3240535 -0.2233961 -0.9192843 0.728892 -0.6460642 -0.226534 0.5012478 -0.5329117 0.68173 -0.650753 0.7215299 -0.236464 -0.110834 -0.694701 0.7107083 -0.013049 0.1243802 0.9921488 -0.1290566 0.1571772 0.9791016 0.0094648 -0.9644464 -0.2641093 -0.002771914 0.8329209 0.5533851 0.130636 0.5137919 -0.8479104 0.113619 0.9718367 -0.2064566 0.8573926 0.4994208 -0.1243264 0.5786276 0.1845069 -0.7944478 -0.1386321 -0.2453217 -0.9594782 -0.8173328 -0.4679003 -0.336209 -0.732083 -0.2835006 0.6194208 0.632944 0.4653225 0.6187543 -0.2901964 -0.01685982 -0.9568186 -0.9285925 0.1777898 -0.3257405 -0.781063 0.2490421 0.5726419 -0.5133067 -0.8545844 0.07875108 -0.5133087 -0.8545834 0.07875084 -0.5133103 -0.854582 0.07875335 -0.710761 0.4747529 0.5190651 -0.3107499 0.09954696 -0.9452645 -0.8191897 0.4605537 -0.3417874 -0.9063206 -0.3361729 -0.2560683 -0.8327484 0.05830401 0.5505732 -0.7220602 -0.3859634 0.5741616 -0.9594413 -0.2135588 -0.1840247 -0.7641643 -0.2459192 0.5963026 -0.3957208 -0.02274453 -0.9180893 0.007696866 0.436981 0.8994379 -0.7526759 0.1544691 0.6400144 -0.05627268 0.4381126 0.8971571 -0.3522707 -0.4470785 -0.8222082 0.8972502 0.3775354 -0.2289306 0.8158358 0.4008488 0.4168121 0.9403982 0.02619159 -0.3390653 0.03556621 -0.1092908 0.9933733 -0.9131357 -0.3260616 -0.2446779 0.4266101 -0.3183201 -0.8465673 0.7714369 0.2543658 0.5832523 0.4591776 -0.312219 -0.8316702 -0.1620371 -0.4618764 -0.8720173 -0.4710453 -0.5451743 -0.6934705 -0.9585301 -0.2840011 -0.02373778 0.6744619 0.4788995 0.5619221 0.958839 0.207867 -0.1934403 -0.2290266 0.2245612 0.9471637 0.3805645 0.6203908 0.6857739 0.5625123 0.5332284 0.6318604 0.8828769 0.414802 -0.2201538 -0.766285 -0.549194 -0.3334571 0.5311992 -0.04073673 -0.8462671 -0.8460923 -0.2571171 0.4669247 -0.8155868 -0.3097121 0.4887706 -0.6849773 0.3784896 0.6225367 -0.3215765 0.2798641 0.9045799 0.6817572 0.04231631 -0.7303537 -0.05370503 -0.4843857 -0.8732046 0.8469466 0.5316653 0.003684639 -0.6916967 -0.6435495 -0.3277195 -0.3265941 -0.47486 -0.8172174 -0.7420974 -0.6571261 -0.1321994 -0.544843 -0.773065 0.3248335 0.7408782 -0.6686121 0.06369882 0.6584379 -0.6810091 0.3204471 -0.6127575 -0.6078652 0.5050032 -0.7098746 -0.4391295 0.5506755 0.58412 -0.8086282 0.07017385 0.9593975 -0.04571682 -0.2783281 0.751959 -0.6501876 0.1086913 0.9328781 -0.2555772 -0.2538084 0.2639818 -0.9264916 -0.2681924 0.9260867 0.1064855 -0.3619728 0.6022688 0.6583754 -0.451458 0.3386539 0.7339713 -0.5887272 0.9803215 0.1653014 0.1079133 0.7332754 -0.4587525 -0.5018501 0.2106631 0.9734674 0.08934497 0.8260735 0.5458273 -0.1402686 -0.9574356 0.2877643 0.02255868 -0.9456441 0.1397204 0.2936588 -0.4921453 0.815745 0.3038969 0.02034014 -0.8807018 0.4732344 -0.7040951 -0.7096884 -0.02434074 -0.484746 0.7703241 -0.4142731 -0.7738312 -0.45506 0.4405742 0.4818457 0.5838297 0.6534276 -0.09001827 -0.7186452 -0.6895258 -0.3629317 0.5424819 0.757624 -0.003739655 -0.869046 0.4947172 -0.003735363 -0.869039 0.4947296 -0.003740549 -0.8690399 0.4947279 0.7623109 -0.4360231 -0.478295 -0.3139398 0.4059436 0.8582841 0.5139181 0.4519858 0.7291071 -0.03578603 -0.7291854 -0.68338 0.9837052 0.09102463 0.1550439 0.9321367 0.2014487 0.3008981 0.9101601 0.3396935 0.2371009 0.9350982 0.1686027 0.311712 0.9019647 0.4044247 0.1513285 0.9121749 0.3417325 0.2261766 -0.5207237 -0.5036798 -0.6893138 -0.5526837 -0.2408456 -0.7978308 -0.5541297 -0.2065477 -0.8063984 0.5938121 -0.0853973 -0.8000592 0.6156118 -0.2818247 -0.7359328 0.5931636 -0.07269549 -0.8017932 -0.0627442 0.4962472 0.8659111 -0.02815306 0.2089406 0.977523 -0.03322321 0.2146258 0.9761312 -0.9497128 -0.02822107 0.3118482 -0.9473128 -0.05934703 0.3147638 -0.9482308 -0.05968624 0.3119232 -0.1361585 0.9568927 0.2565489 -0.09065586 0.731401 0.6758951 -0.09483098 0.7290623 0.6778461 -0.4934624 -0.7079057 -0.5053359 -0.526373 -0.5041227 -0.6846837 -0.05749183 0.4974821 0.8655671 0.6505126 -0.4895994 -0.5806254 0.6165398 -0.2792655 -0.7361314 -0.9609748 0.05060112 0.2719691 -0.9489068 -0.03009849 0.3141179 -0.9860443 0.161015 -0.04231971 -0.9506621 0.1502684 -0.2714058 -0.9873968 0.1539963 0.03650778 0.6869493 -0.6911244 -0.2246055 0.6455779 -0.4943317 -0.5821215 -0.9600016 0.05670011 0.2741935 0.8847573 0.4372372 0.1613332 0.9023572 0.4041591 0.1496902 -0.4939869 -0.7079447 -0.5047686 -0.457434 -0.8470868 -0.2705517 0.1457023 -0.9867031 0.07202798 -0.3160617 -0.9438633 0.09605878 -0.4373463 -0.8947868 -0.08991593 0.8638486 0.4568539 0.2122507 0.8852236 0.43172 0.1731961 -0.4611129 -0.8434489 -0.2756244 -0.1516276 0.9850428 -0.08185219 -0.1228601 0.9403727 0.3171822 0.6762273 -0.7031821 0.2196626 0.6972314 -0.7055755 -0.1266161 -0.8380154 -0.1786943 -0.5155565 -0.9280866 -0.0533958 -0.3685165 -0.9262163 -0.04154485 -0.3746965 -0.2510805 0.9123503 -0.3233813 -0.1424443 0.9867806 -0.07728964 0.2788811 -0.9007949 0.3328574 -0.9503542 0.1587706 -0.2676171 0.8590677 0.4681921 0.2068789 0.7668743 0.6170673 0.1764422 -0.2169095 -0.9701607 0.1083451 -0.112763 -0.9910683 0.0711922 -0.2258737 -0.9676683 0.1122463 0.6566751 0.7110826 0.2512757 0.7636778 0.6219292 0.1732058 -0.2926576 0.8560672 -0.4260287 -0.2609094 0.9061775 -0.3328195 0.7310774 -0.5282876 0.4317849 0.6985504 -0.4199491 0.5793705 -0.7209541 -0.2756142 -0.6358161 -0.6831995 -0.4068612 -0.6063849 -0.7200628 -0.2698808 -0.6392761 -0.3338908 0.8198285 -0.4651863 -0.2955556 0.853469 -0.4292293 0.6954394 -0.4138332 0.5874575 0.6496965 -0.3403627 0.679741 -0.8358247 -0.1844713 -0.5170761 0.5124772 0.7824068 0.3538458 0.6511459 0.7154356 0.2533001 -0.09458619 -0.9571989 0.2735396 -0.2187445 -0.7917292 0.5703645 -0.09903204 -0.9608669 0.2587035 0.4747464 0.8529761 0.2169052 0.5075176 0.7894875 0.3451601 -0.1040174 -0.9915506 0.07751041 -0.3286532 0.7183408 -0.6131669 -0.3301689 0.8226122 -0.462923 0.6234033 -0.1993137 0.7560705 0.6452249 -0.3443836 0.6819713 -0.7274665 -0.5158255 -0.4524564 -0.8694076 -0.3890448 -0.3045892 -0.7219434 -0.5153462 -0.4617533 -0.3245689 0.7050579 -0.6305145 -0.2297571 0.4898403 -0.8409925 0.5877655 0.007198274 0.8089994 0.6194617 -0.1836565 0.7632415 -0.6865093 -0.4170237 -0.5956478 0.5736827 0.8160631 -0.07020795 0.4781535 0.856185 0.1957466 -0.3956911 -0.4729362 0.7872483 -0.3648877 -0.2134188 0.9062612 -0.3690762 -0.5154992 0.7733327 0.7702502 0.5679141 -0.290152 0.5829134 0.8079912 -0.08580344 -0.2168154 -0.7861019 0.578822 -0.2222716 0.4727464 -0.8527052 -0.1634379 0.2599823 -0.9516814 0.6388207 0.06415158 0.7666764 0.5816333 0.02326178 0.8131186 -0.2302633 0.1622232 -0.9595116 -0.1699003 0.2680005 -0.9483194 0.7261205 -0.07908052 0.6830047 0.6376537 0.06804269 0.7673122 -0.8831769 -0.3657722 -0.293614 -0.9852803 -0.07887738 -0.1516616 0.8549236 0.1890474 -0.4830806 0.7986789 0.5187415 -0.3049904 0.7774847 -0.456469 -0.4326125 0.8561272 -0.1799837 -0.4844092 0.8625779 -0.134764 -0.4876454 -0.3772891 -0.1711761 0.9101383 -0.4211384 -0.05436706 0.9053655 0.2662274 0.3497235 -0.8982297 0.1038155 0.3615882 -0.92654 0.09651267 0.3609256 -0.9275872 -0.4237334 -0.03458964 0.9051263 -0.5341432 0.05805242 0.8433984 -0.1983333 0.2485905 -0.9480859 -0.1995079 0.2142884 -0.9561784 0.7094611 -0.3354688 0.6197786 0.3625108 -0.6561975 0.6618088 0.7168745 -0.3004637 0.6291363 -0.9532812 0.28776 -0.09191912 -0.7208301 0.6763589 -0.1514682 -0.9555711 0.2806813 -0.09001111 -0.3822174 0.9175368 -0.1097092 -0.187113 0.9816611 -0.03647279 -0.3914833 0.913338 -0.1120482 0.07239419 -0.7769211 0.6254221 0.3724013 -0.6443644 0.6679161 -0.6991477 0.6997582 -0.1467342 0.5591663 -0.6952424 -0.4516317 0.7629783 -0.4767393 -0.436559 -0.5365439 0.06025135 0.8417189 -0.507631 0.2087069 0.835914 0.08727562 0.2519312 -0.9638017 -0.1302736 0.2281004 -0.964883 -0.09244972 0.2156844 -0.9720768 0.266561 -0.8040279 -0.5314928 0.546386 -0.7027526 -0.4556326 -0.5012221 0.2143247 0.8383564 -0.2568376 0.3319776 0.9076483 0.13536 0.2783989 -0.9508795 0.2669062 0.3473757 -0.8989389 0.05192327 -0.7845635 0.6178707 0.06965786 -0.7768355 0.6258389 -0.953095 0.01607 0.3022445 -0.958557 0.1559395 0.2384354 -0.9609459 0.1575456 0.2275139 -0.963248 0.2210158 0.1526611 0.5878821 -0.1286911 -0.7986446 0.6078822 -0.3927012 -0.6901196 0.5826078 -0.09477031 -0.8072093 -0.5669379 -0.1995359 -0.799229 -0.5499671 -0.3964387 -0.7351003 -0.5513756 -0.3941094 -0.7352978 -0.01170301 0.2105579 0.9775114 -0.03389227 0.4990849 0.8658901 -0.007836818 0.2171221 0.9761131 0.9411736 0.126352 0.3134129 0.9374609 0.1573467 0.3104981 0.9421356 0.126197 0.310572 -0.0525856 0.7351452 0.6758671 -0.0524674 0.9651222 0.2564885 -0.04803234 0.7336647 0.677812 0.6211792 -0.5983026 -0.506133 0.6217021 -0.5982381 -0.5055668 -0.03928589 0.4992731 0.8655537 -0.5435115 -0.6070096 -0.5797713 0.9330967 0.2368493 0.2706159 0.9309574 0.2426425 0.2728428 0.9357351 0.3499869 -0.04369246 0.9027998 0.3325222 -0.2727299 0.9008472 0.3408018 -0.2689396 -0.5377515 -0.6106902 -0.5812752 -0.5394908 -0.8117229 -0.2237312 0.9385403 0.3433774 0.03513175 -0.9635835 0.2206783 0.1510233 -0.9527477 0.2565513 0.1626453 0.6132851 -0.7418012 -0.2713162 0.6161778 -0.7375171 -0.2763938 0.04938089 -0.9961743 0.07209825 0.4637328 -0.8850609 0.04024273 -0.1348839 -0.9282525 0.3466321 -0.935988 0.2798721 0.2135374 -0.9335148 0.2919236 0.2081606 -0.04325807 0.9956989 -0.08193027 -0.05259764 0.9956153 -0.07735472 -0.5466226 -0.8278865 -0.1257289 -0.5259981 -0.8213987 0.2205224 0.8754397 0.09831488 -0.4732224 0.7425258 -0.07059192 -0.6660872 0.7411542 -0.0727005 -0.6673868 0.07284975 0.944092 -0.3215326 -0.5947871 -0.6486937 0.4747893 -0.8315327 0.4876509 0.2659888 -0.8303828 0.4956876 0.2544765 0.3444181 -0.9381912 0.03425681 0.2775394 -0.9590584 0.05638384 0.3496304 -0.9363159 0.03272795 -0.6766603 0.6239882 0.3908575 -0.6718159 0.6286906 0.391678 0.1073663 0.8910907 -0.4409421 0.1081804 0.8881115 -0.4467159 -0.5235661 -0.5097122 0.6826947 0.6925097 -0.1533393 -0.7049238 0.7485042 -0.2660748 -0.6074091 0.7537453 -0.2753969 -0.596678 0.1406637 0.8638765 -0.4836642 0.149035 0.8609029 -0.4864513 -0.5217798 -0.504555 0.6878737 -0.511746 -0.4464893 0.734005 -0.597925 0.6931368 0.4025508 -0.6001479 0.687699 0.4085251 0.2796059 -0.9204026 0.2732757 0.3695762 -0.7338778 0.5699446 0.3665996 -0.7287331 0.5784054 -0.6314885 0.744198 0.2176963 0.2846593 -0.9231371 0.2584317 0.1815727 0.7685138 -0.6135291 0.1801297 0.7546877 -0.6308723 -0.5163365 -0.4396948 0.7348913 -0.5715728 -0.3168167 0.7569226 0.8133634 -0.3643156 -0.453557 0.9281024 -0.2122952 -0.3058705 0.9370905 -0.186785 -0.2949117 0.1287584 0.5250899 -0.8412502 0.124729 0.5068635 -0.852955 -0.5707463 -0.3006904 0.7640904 -0.576763 -0.1073086 0.8098329 0.8078398 -0.3649227 -0.462846 -0.6354854 0.7466788 0.196543 -0.7217472 0.6886808 -0.06928038 0.4813405 -0.3866966 0.7866238 0.3983787 -0.1517307 0.9045841 0.4005599 -0.1188538 0.9085294 -0.7292511 0.6789631 -0.08486378 -0.866527 0.4069657 -0.2889811 0.4635068 -0.43363 0.7727398 0.1083222 0.2867025 -0.9518761 0.1131039 0.2958261 -0.9485222 -0.5738713 -0.09035784 0.8139455 -0.6379921 -0.06140041 0.7675911 0.1930061 0.2048993 -0.9595649 -0.6984062 -0.2051137 0.68568 -0.7013318 -0.1939902 0.6859312 0.9842237 0.09271609 -0.1506903 0.9775508 0.1443544 -0.1534811 -0.884854 0.353196 -0.3037861 -0.8739286 0.0407207 -0.4843457 -0.8139292 -0.3207581 -0.48439 -0.6508631 -0.6190798 -0.4394513 -0.8304941 -0.2705096 -0.4869334 0.8938527 0.4380335 -0.09567719 0.8889423 0.447921 -0.09564721 -0.1715226 0.3328482 -0.9272498 -0.2780194 0.2759943 -0.920072 -0.1593014 0.3295423 -0.9306047 0.4259777 0.03303629 0.9041304 0.4968741 0.1760867 0.8497703 0.4963837 0.1805385 0.8491225 0.1447361 0.282728 -0.9482175 0.1520164 0.2529938 -0.9554503 -0.6349486 -0.4530856 0.6257426 -0.2234619 -0.7183256 0.6588422 -0.225216 -0.7125132 0.664532 0.5516725 0.8214005 -0.1447717 0.5280182 0.8374942 -0.1407138 0.159619 0.9824971 -0.09602695 -0.001225888 0.9992394 -0.03897809 0.1597473 0.9823631 -0.09717893 0.0742712 -0.7747103 0.6279394 0.07582515 -0.7735879 0.6291362 -0.6274765 -0.6391797 -0.4446601 -0.3337445 -0.8127194 -0.4776002 0.379711 0.3283167 0.8648859 0.3659456 0.3337157 0.8687449 -0.05780142 -0.8404669 -0.5387712 0.2649581 -0.8043739 -0.5317705 -0.3241454 -0.8153141 -0.4797843 -0.0522198 -0.8403208 -0.5395685 0.1177219 0.3886268 0.9138439 0.0854367 0.3937812 0.9152252 -0.270556 0.271427 -0.9236487 0.07929491 -0.7743887 0.6277217 0.07829648 -0.7741579 0.6281317 -0.02635776 0.9992088 -0.02978402 -0.2121469 0.3498452 0.9124704 0.9361612 -0.1819702 0.3008139 0.9171094 -0.3205988 0.2369108 0.9191676 -0.3225863 0.2259848 0.9102852 -0.3854254 0.15109 -0.5575954 0.22974 -0.7976886 -0.5311923 0.4931076 -0.6889701 -0.5583168 0.1954261 -0.8062822 0.5919255 0.09851145 -0.7999498 0.6095724 0.2953066 -0.7356736 0.6105533 0.2927681 -0.7358748 -0.02379602 -0.2102301 0.9773623 -0.05231249 -0.4981179 0.86553 -0.02874583 -0.2160203 0.9759657 -0.9483726 0.03911197 0.3147379 -0.9501151 0.007944405 0.3117985 -0.949297 0.03943431 0.3118977 -0.07524615 -0.7336639 0.6753335 -0.1159606 -0.9597463 0.2558133 -0.07946968 -0.7314152 0.6772861 -0.5082553 0.6977231 -0.5048356 -0.5087809 0.6977503 -0.5042683 -0.04703444 -0.4992414 0.8651854 0.6400749 0.5036528 -0.5802052 -0.959709 -0.07106918 0.27186 -0.9586075 -0.0771476 0.2740801 -0.9824259 -0.1817467 -0.04251486 -0.9472653 -0.1700811 -0.2715899 -0.9467784 -0.1785778 -0.2678073 0.6350416 0.5082807 -0.5816984 0.6722311 0.7056311 -0.2240315 -0.9839308 -0.174818 0.03631752 0.9106721 -0.38515 0.1494518 0.8937742 -0.418599 0.1610673 -0.4751849 0.8374543 -0.2699438 -0.478786 0.8337435 -0.2750199 0.1248514 0.989502 0.072788 -0.3359056 0.9369133 0.09675246 0.2597997 0.9062235 0.3335614 0.8732798 -0.4386924 0.2119701 0.8687396 -0.450125 0.2065894 -0.1308114 -0.9879596 -0.08260905 -0.1215935 -0.9895069 -0.07804691 0.6822003 0.7202216 -0.1260311 0.6612311 0.717123 0.2202459 -0.9289838 0.03409075 -0.3685473 -0.8415697 0.1613656 -0.5154818 -0.9268637 0.02228629 -0.3747361 -0.2317614 -0.9171969 -0.3240936 0.7197469 0.5432627 0.4322386 0.7797091 -0.6008881 0.1760321 0.776616 -0.6058141 0.1727913 -0.2373306 0.9652872 0.1090633 -0.1336464 0.9884149 0.07193487 -0.1249133 0.9890768 0.07825428 0.6715154 -0.6972616 0.2507857 -0.2462405 0.9626035 0.1129619 -0.2417176 -0.9112254 -0.3335281 -0.2745076 -0.8617281 -0.4266971 0.6895019 0.4341517 0.579741 0.68652 0.4279654 0.5878231 -0.7265689 0.2608309 -0.6356609 -0.6915947 0.3928161 -0.606129 -0.6951188 0.4028991 -0.5953842 -0.2774595 -0.8591893 -0.4298954 -0.3164953 -0.8263365 -0.4658312 0.6423332 0.3534747 0.6800469 0.6377776 0.3573989 0.6822799 -0.8395012 0.1671887 -0.5169968 0.6660791 -0.7017319 0.2528063 0.5288451 -0.7716925 0.3532895 -0.1147724 0.9547826 0.2742584 -0.2354316 0.7865037 0.5709502 -0.2333844 0.7809119 0.5794035 0.5240365 -0.7788696 0.3445981 0.4926197 -0.8429366 0.2162955 -0.119293 0.9583675 0.259424 -0.313391 -0.7246493 -0.6137341 -0.3095873 -0.7112703 -0.6310709 0.619018 0.2118468 0.7562655 -0.738157 0.5007099 -0.4521216 -0.8774019 0.3708506 -0.3043611 -0.8906783 0.3472838 -0.2934044 -0.2193241 -0.4939369 -0.8413818 -0.2121997 -0.4766799 -0.8530812 0.6154069 0.196104 0.7634249 0.5877364 0.004584908 0.8090397 -0.7326245 0.5003541 -0.4614188 0.4960948 -0.8460569 0.1951351 0.5907723 -0.8037276 -0.07078075 -0.4056248 0.463886 0.7875776 -0.3694795 0.2051582 0.9063084 -0.3805317 0.1629467 0.9102988 0.5998318 -0.7954509 -0.08636963 0.7820762 -0.5513183 -0.2905257 -0.3799126 0.5070115 0.7736963 -0.1578636 -0.2626482 -0.9518902 -0.164156 -0.2708038 -0.9485347 0.5819439 -0.01160728 0.8131461 0.6399841 -0.05123966 0.7666777 -0.2268056 -0.1662057 -0.9596535 0.7242277 0.09390228 0.6831374 0.7253242 0.08320343 0.6833609 -0.98676 0.05793863 -0.1514859 -0.9878873 -0.001755475 -0.1551631 0.809462 -0.5015457 -0.305325 0.8588873 -0.1712512 -0.4826859 0.8517263 0.1990652 -0.4847015 0.7677065 0.473098 -0.4322097 0.8597117 0.1545812 -0.486827 0.875675 -0.09071892 -0.4743032 0.1114658 -0.3586198 -0.9268049 0.2735961 -0.3433509 -0.8984739 0.1041511 -0.3581101 -0.9278523 -0.424263 0.0247417 0.905201 -0.5328463 -0.06994378 0.8433166 -0.5352002 -0.07219165 0.8416348 -0.1934311 -0.2514162 -0.9483536 -0.1942414 -0.2166615 -0.9567279 0.7021667 0.3499299 0.6200895 0.3485493 0.6631932 0.6623354 0.3586872 0.6515663 0.6684346 -0.947 -0.3077137 -0.09221351 -0.7063933 -0.6912982 -0.1520373 -0.68422 -0.714241 -0.1473185 -0.3627676 -0.9253127 -0.110436 -0.1663621 -0.9853618 -0.03722828 -0.1885563 -0.9810104 -0.04544335 0.05594795 0.7777992 0.6260179 -0.37212 -0.9213084 -0.1127721 0.7527768 0.4930597 -0.4361416 0.544402 0.7072219 -0.4510696 -0.5031635 -0.220004 0.8357182 -0.4966375 -0.2254868 0.8381568 -0.1311024 -0.2320535 -0.9638275 0.1412581 -0.2747566 -0.951081 0.09262681 -0.2493008 -0.9639863 0.5314669 0.7144638 -0.4550654 0.2495759 0.8098755 -0.5308613 -0.2498292 -0.3380066 0.9073792 -0.2047727 -0.3549308 0.9121909 0.2742254 -0.3409885 -0.8991815 0.03532809 0.7850154 0.6184683 0.04304188 0.7818877 0.6219319 -0.9525615 -0.03640085 0.3021618 -0.9550684 -0.1763045 0.2382457 -0.9497461 -0.003549993 0.3130015 -0.9583805 -0.2414014 0.1524215 -0.9574223 -0.1779522 0.2273227 0.599505 0.4059602 -0.6897755 0.5850832 0.14167 -0.7985032 0.580526 0.1076521 -0.807094 -0.570975 0.1881395 -0.799119 -0.5581652 0.3853076 -0.7348399 -0.5725495 0.1755209 -0.8008617 -0.02340632 -0.5003459 0.8655092 -0.007315039 -0.2115006 0.9773505 -0.003313362 -0.2179809 0.9759474 0.9405528 -0.137774 0.3104493 0.943611 -0.1067088 0.3133874 0.94457 -0.1065315 0.3105456 -0.03211492 -0.9662085 0.2557535 -0.037108 -0.7366034 0.6753062 -0.03258669 -0.7350288 0.6772525 0.6084505 0.6116563 -0.5056329 0.6051523 0.4054082 -0.6851533 -0.02879416 -0.5006473 0.8651725 -0.5561603 0.5958501 -0.5793518 -0.5595245 0.3829489 -0.7350391 0.9378691 -0.2173198 0.2705061 0.9400891 -0.1357873 0.3127211 0.9429123 -0.3301368 -0.04388737 0.9096294 -0.3131974 -0.2729138 0.9455727 -0.3235294 0.03494161 -0.5564805 0.800332 -0.2231555 -0.550479 0.5996523 -0.5808529 0.9358524 -0.2231578 0.2727285 -0.9471331 -0.2767155 0.1623804 -0.9587229 -0.2410701 0.1507839 0.6089747 0.6116027 -0.5050663 0.5975168 0.7547788 -0.2707077 0.02835255 0.9969394 0.07285642 0.4542217 0.8893479 0.05237346 0.5862848 0.8050887 -0.09001284 -0.9298884 -0.2997158 0.2132557 -0.9466161 -0.2712119 0.1742475 0.6004997 0.7505605 -0.2757881 -0.02224087 -0.9963275 -0.08268582 -0.04225271 -0.9476788 0.3164172 -0.5432206 0.809953 0.2211052 -0.5639572 0.816267 -0.1251424 0.9002083 -0.09847056 -0.4241799 0.8599674 0.02796298 -0.5095824 0.9070504 -0.09682577 -0.4097371 0.0975542 -0.9478371 -0.3034602 -0.03158015 -0.9964445 -0.07811039 -0.1469698 0.9348434 0.3232147 0.9078516 -0.3215194 -0.2691295 -0.9271613 -0.3117085 0.2078697 -0.8370521 -0.4958835 0.2311788 0.2827097 0.9591074 -0.01371908 0.2698748 0.9607352 0.06446373 0.3028332 0.9530425 0.001494884 -0.7247585 -0.6122207 0.3160871 -0.8378001 -0.4986607 0.2223258 0.2273085 -0.9239184 -0.3077432 0.1100341 -0.9445342 -0.3094312 -0.6642707 0.5548546 0.5008801 -0.6208765 0.6459857 0.4440888 0.6681909 0.339121 -0.6622068 0.7149651 0.1598727 -0.6806362 0.7164246 0.1534432 -0.6805814 0.1614235 -0.8576282 -0.4882789 0.2377997 -0.9227719 -0.3032214 -0.5327445 0.4406834 0.7224828 -0.6689028 0.5503817 0.499649 0.8590986 0.03390663 -0.5106859 -0.6051611 -0.6972821 0.3841584 -0.7116851 -0.6213536 0.3277562 0.3218547 0.8897467 0.3236671 0.3815873 0.7101678 0.5916528 0.3269432 0.8860403 0.3286958 -0.6084895 -0.7644442 0.2129924 -0.6074266 -0.6940588 0.3864133 0.2690437 0.9612829 0.05958867 0.08110564 -0.6753256 -0.7330465 0.1653982 -0.8617772 -0.4795661 -0.4641503 0.2137183 0.8595865 -0.5442815 0.4318863 0.7191884 0.8473891 0.3192168 -0.4243022 0.9285377 0.2192397 -0.2995859 0.8362645 0.3301487 -0.4377941 0.0932489 -0.6718309 -0.7348115 0.1341561 -0.5093877 -0.8500156 -0.5971958 0.1204541 0.7929995 -0.4775403 0.2076179 0.8537272 0.6642134 0.3446018 -0.6633778 -0.752229 -0.6516222 -0.09767389 -0.6168275 -0.7597434 0.2057037 -0.8582144 -0.4232882 -0.2903364 -0.7676527 -0.6298616 -0.1182528 0.3890004 0.692048 0.6080694 0.4482587 0.4528729 0.7706946 0.1249012 -0.3098914 -0.9425323 0.1333831 -0.5053061 -0.8525695 -0.6419568 0.05386984 0.7648462 -0.5963107 0.1152989 0.7944304 -0.7131243 0.1307576 0.6887353 -0.6690483 0.4051786 0.6230608 -0.7121776 0.1507322 0.685626 -0.6422505 0.05317527 0.7646481 -0.8526378 -0.1799519 -0.4905367 -0.864409 -0.4041023 -0.299163 -0.5851572 0.6677857 -0.4600582 -0.7882461 0.3943489 -0.472395 -0.8174328 0.3198468 -0.4790634 0.9862623 -0.05321663 -0.1563808 0.6803261 -0.4294673 -0.5938977 0.9886046 0.04367768 -0.1440601 -0.8747673 -0.06338477 -0.4803795 0.3849532 0.1737098 0.9064415 0.4228753 -0.05831217 0.9043098 0.3695441 0.231926 0.8998042 0.210793 -0.2079655 -0.9551527 0.2126675 -0.2119183 -0.9538675 -0.3101877 -0.2925351 -0.9045479 -0.1404197 -0.3155884 -0.938449 0.2526374 -0.7174098 -0.6492285 0.4158051 -0.1314258 0.8999075 0.4349656 -0.2258855 0.871654 0.1678931 -0.2494065 -0.9537339 -0.6456654 0.4724223 0.5999445 -0.242109 0.7106373 0.6605891 0.504587 -0.8541801 -0.1255726 0.8835175 -0.4611123 -0.08229529 0.1821323 -0.9783264 -0.09851509 0.01335293 -0.9992126 -0.03736299 0.1859796 -0.9775681 -0.09885513 -0.2174625 0.7235164 0.6551595 0.08125662 0.7812168 0.6189488 -0.3800427 0.7981528 -0.4674611 -0.5699613 0.6787879 -0.4630239 0.4397618 -0.22336 0.8698966 0.4271645 -0.308129 0.8500512 -0.1216397 0.8386709 -0.5308814 0.2479664 0.8101886 -0.5311375 -0.1232775 0.838608 -0.5306029 -0.37168 0.8008213 -0.4696161 0.4206271 -0.3115008 0.8520799 0.1963719 -0.3724032 0.9070578 -0.1830412 -0.2497582 -0.9508506 -0.3092527 -0.2902063 -0.9056176 0.08258521 0.7802299 0.620017 0.08625847 0.7810935 0.6184275 0.03593987 -0.9983127 -0.04560852 0.5451037 -0.651851 0.5272118 0.6975389 -0.5289687 0.4833545 0.6993913 -0.5569713 0.4479229 -0.6993913 -0.5569715 0.4479227 -0.8230205 -0.4148178 0.3880254 -0.6975386 -0.5289689 0.4833546 -0.5481401 -0.7307981 0.4067882 -0.7029471 -0.5976209 0.3856354 -0.5476685 -0.6982768 0.4609433 0.5510727 0.7419349 -0.3819052 0.7031027 0.6764708 -0.2191666 0.7019925 0.6326473 -0.3270534 -0.8321588 0.5293904 -0.1650986 -0.7019931 0.6326469 -0.3270533 -0.8307607 0.4934513 -0.2575708 0.8257335 -0.4776433 0.3000354 0.7042809 -0.6197677 0.3462318 0.7029476 -0.5976207 0.3856347 -0.5500997 -0.8318809 -0.07324302 -0.7053461 -0.7088568 0.003014802 -0.5470404 -0.8370931 0.004700183 0.8249191 -0.5121865 0.2391102 0.7102459 -0.6890473 0.1440992 0.704368 -0.6476839 0.2904675 -0.5524427 -0.8162633 0.168883 -0.7035604 -0.6490218 0.2894365 -0.5500731 -0.7650636 0.3348097 0.5509031 0.8320224 -0.06515073 0.7015305 0.7043679 -0.1082636 0.5529647 0.8206613 -0.1440314 -0.5520926 -0.8271632 -0.1048576 -0.7052739 -0.7041181 -0.08250153 -0.5524973 -0.8275977 -0.09914135 0.5479851 0.836304 0.01755231 0.7019501 0.7079943 0.07752603 0.6977788 0.7161396 0.01577681 -0.8294624 0.555141 0.06173264 -0.6977707 0.7161471 0.01579129 -0.8270505 0.5619751 0.01310026 0.8277055 -0.561155 0.002960503 0.7051624 -0.7064039 -0.06115275 0.7049038 -0.7092933 0.00369358 -0.8306599 0.5307947 0.1681107 -0.7010422 0.6960486 0.1551008 -0.8307509 0.5442493 0.116815 0.5534545 0.8240799 0.1207491 0.7051658 0.7002946 0.1110351 0.7059434 0.7005201 0.1044779 -0.8311138 0.5490289 0.08841645 -0.7059438 0.7005196 0.104478 -0.8313242 0.5493894 0.08409154 0.8304051 -0.5536214 -0.06269747 0.704907 -0.7038233 -0.08797109 0.7052743 -0.7041177 -0.0825017 -0.5477663 -0.7276226 -0.4129377 -0.6974558 -0.6728124 -0.2467365 -0.5436832 -0.7981657 -0.2594996 0.8290824 -0.5484169 -0.1089095 0.7038862 -0.6840271 -0.1914454 0.7067061 -0.695461 -0.1300022 -0.5508916 -0.8090973 -0.2046464 -0.7067047 -0.6954625 -0.130002 -0.551472 -0.8213339 -0.1459091 0.5516578 0.8132408 0.1852384 0.7006281 0.6758643 0.2287524 0.7010424 0.6960483 0.1551013 0.5442803 0.5540743 0.6298895 0.6928636 0.3855035 0.6093662 0.6953409 0.4798685 0.5350019 0.5432079 0.7611183 0.354435 0.6920294 0.5866958 0.420575 0.6959503 0.6548599 0.2946385 -0.8288403 0.4641044 0.3124593 -0.6959497 0.6548599 0.2946398 -0.827042 0.5182541 0.217748 0.8212748 -0.5277404 -0.2167903 0.7093116 -0.5974155 -0.3741283 0.6974558 -0.6728122 -0.2467373 -0.8285858 0.1141983 0.5480917 -0.6922442 0.2712712 0.6687375 -0.8253857 0.2270709 0.5168921 -0.827301 0.3152455 0.464966 -0.6953401 0.479869 0.5350028 -0.8271644 0.3832501 0.4109973 0.8231938 -0.3886821 -0.4138579 0.6989175 -0.431124 -0.5706545 0.7009834 -0.5041776 -0.5044078 -0.542268 -0.5411481 -0.6427318 -0.7009841 -0.5041739 -0.5044105 -0.5461833 -0.611212 -0.5728034 4.74744e-7 0.9997311 0.02319133 -7.12257e-6 0.9997311 0.02319037 -7.47256e-6 0.9997311 0.02319002 0.8199816 -0.2301141 -0.524097 0.7115069 -0.1468238 -0.6871687 0.6995297 -0.3178803 -0.6400082 -0.5498593 -0.1911 -0.8131024 -0.6995294 -0.3178841 -0.6400066 -0.5417407 -0.4147727 -0.731082 0.5408483 0.3054823 0.783686 0.6947122 0.135556 0.7063991 0.6922447 0.27127 0.6687375 -9.33423e-7 0.9997309 0.02320188 -8.58723e-7 0.999731 0.02319645 -9.50208e-7 0.9997308 0.02320259 2.83614e-7 0.999731 0.02319395 7.73403e-7 0.999731 0.02319544 0 0.9997311 0.02319407 4.39022e-6 0.999731 0.02319306 5.93913e-7 0.9997311 0.02319121 -6.51202e-6 0.999731 0.02319568 -6.88919e-6 0.999731 0.0231961 0.5523968 -0.05061537 -0.8320433 0.54986 -0.1911008 -0.8131018 0.8278422 -0.1052948 -0.5509905 0.7105729 -0.04352456 -0.7022762 2.86236e-7 0.9997311 0.0231952 -0.699679 0.04683005 0.7129209 -0.5488237 0.1502497 0.8223246 -0.694711 0.1355565 0.7064001 -0.830481 0.03586339 0.5558914 5.02802e-7 0.9997311 0.02319514 0.8304816 0.03586399 0.5558906 0.8285869 0.114198 0.5480899 0.5488247 0.1502492 0.8223239 0.6996797 0.0468297 0.7129203 0.8253872 0.2270704 0.5168898 0.8273029 0.3152446 0.4649634 0.5441101 0.4372264 0.7160847 -0.7115076 -0.1468252 -0.6871677 -0.8199821 -0.2301127 -0.524097 -0.8212233 -0.3205044 -0.4720902 -0.6989153 -0.4311254 -0.5706561 0.5417438 -0.4147714 -0.7310802 0.5422707 -0.5411486 -0.6427292 0.8212208 -0.3205075 -0.4720925 4.74295e-6 0.999731 0.02319324 -0.7105738 -0.04352623 -0.7022752 -0.8278439 -0.1052978 -0.5509874 -0.5523967 -0.0506156 -0.8320434 -0.8231959 -0.3886804 -0.4138553 -0.8246471 -0.4661084 -0.3204687 -0.7093119 -0.5974155 -0.3741275 0.5461814 -0.6112118 -0.5728055 0.5477647 -0.7276236 -0.4129381 0.8246477 -0.4661071 -0.320469 -0.6928615 0.385505 0.6093677 -0.5442804 0.5540738 0.6298899 -0.5466052 0.6732581 0.4979421 -0.6920288 0.5866954 0.4205767 -0.540848 0.305483 0.783686 -0.5441097 0.437228 0.7160841 0.5436847 -0.7981649 -0.2594997 0.5508928 -0.809096 -0.204648 0.8269194 -0.5370939 -0.1665373 -0.5432087 0.7611179 0.3544347 -0.5494977 0.7886104 0.275946 -0.7006273 0.6758651 0.228753 0.8288418 0.4641039 0.3124563 0.8270432 0.5182533 0.2177457 0.8306608 0.5307941 0.1681085 0.549497 0.7886108 0.2759461 0.8271651 0.3832475 0.4109978 0.5466041 0.6732594 0.4979416 0.8307509 0.5442492 0.1168157 0.8311147 0.5490275 0.08841621 -0.7038847 -0.6840286 -0.1914454 -0.8290812 -0.5484188 -0.1089091 -0.8298608 -0.5538336 -0.06782037 -0.7049065 -0.7038239 -0.08797073 0.5514728 -0.8213332 -0.1459091 0.5520933 -0.8271626 -0.1048582 0.8298611 -0.5538331 -0.06782072 -0.8212741 -0.5277413 -0.2167905 -0.826918 -0.537096 -0.1665376 0.5524988 -0.8275966 -0.09914135 0.5500998 -0.8318808 -0.07324331 0.8290238 -0.5572358 -0.04698729 -0.7051659 0.7002944 0.1110351 -0.5534563 0.8240788 0.1207491 -0.5510863 0.8296009 0.08981305 -0.7019503 0.7079941 0.07752615 0.8313247 0.5493888 0.08409118 0.8294621 0.5551414 0.06173259 0.5510862 0.8296009 0.08981293 -0.5516588 0.8132399 0.1852392 0.547041 -0.8370927 0.004700183 0.5524434 -0.8162629 0.1688826 0.8296884 -0.545441 0.1187916 -0.5479854 0.8363038 0.01755231 -0.6981271 0.7143126 -0.04874509 -0.5509039 0.832022 -0.06515043 0.8270384 0.5619937 0.01306784 0.8283333 0.5594384 -0.02987933 0.6982033 0.7142334 -0.04881328 -0.8304054 -0.5536209 -0.06269711 -0.8290235 -0.5572364 -0.04698729 -0.705162 -0.7064042 -0.06115257 0.8289785 0.5552898 -0.06669408 0.8321589 0.5293908 -0.1650974 0.5543622 0.7888928 -0.2651995 -0.8245251 -0.4926996 0.2782185 -0.7042806 -0.6197675 0.3462328 0.5500733 -0.765063 0.3348104 0.5481396 -0.730797 0.4067909 0.8245253 -0.4926996 0.2782182 -0.8270719 -0.5620933 0.001795887 -0.7094216 -0.6894439 0.146247 0.5476676 -0.6982751 0.4609469 0.8234635 -0.4436227 0.3537046 -0.7031026 0.6764706 -0.2191675 -0.5510732 0.7419346 -0.381905 -0.5511215 0.7134112 -0.4327929 -0.7023061 0.6100225 -0.3669316 -0.8308796 0.4790733 -0.283069 0.8307608 0.4934512 -0.2575701 0.7023058 0.6100225 -0.366932 0.8308798 0.4790731 -0.2830684 0.5511209 0.7134116 -0.4327928 -0.7014802 0.7044001 -0.1083794 -0.5529657 0.8206612 -0.1440283 -0.5543627 0.7888931 -0.2651976 -0.8289785 0.5552897 -0.0666939 -0.8257335 -0.4776433 0.3000354 -0.8234634 -0.4436229 0.3537043 -0.5451038 -0.651851 0.5272116 -0.5455642 -0.6236366 0.5598548 0.8230209 -0.4148167 0.3880256 -0.8308841 -0.4790703 -0.2830606 -0.7056386 -0.6002851 -0.3764734 -0.7023034 -0.6100297 -0.3669248 -0.5451042 0.6518512 0.5272111 -0.6975463 0.528968 0.4833446 -0.6993913 0.5569714 0.4479227 0.6993914 0.5569713 0.4479227 0.8230206 0.4148171 0.3880256 0.6975468 0.5289682 0.4833437 0.5481399 0.7307977 0.4067894 0.7029475 0.5976207 0.385635 0.5476682 0.6982761 0.460945 0.828333 -0.5594387 -0.02987897 0.7015304 -0.7043679 -0.1082638 0.8289785 -0.5552899 -0.06669336 -0.5510729 -0.7419348 -0.381905 -0.7031024 -0.6764705 -0.2191684 -0.7019928 -0.6326469 -0.3270536 0.8321589 -0.5293906 -0.1650974 0.7019923 -0.6326473 -0.327054 0.8307609 -0.4934515 -0.2575694 -0.8257335 0.4776436 0.3000348 -0.7042806 0.6197674 0.3462331 -0.7029472 0.5976207 0.3856356 -0.8249187 0.5121868 0.2391107 -0.7107887 0.6883617 0.1446986 -0.7048485 0.6474871 0.28974 -0.5509032 -0.8320223 -0.06515055 -0.7015306 -0.7043676 -0.1082643 -0.5529655 -0.8206613 -0.1440289 0.5520918 0.8271634 -0.1048585 0.7052647 0.7041247 -0.08252334 0.5525228 0.8275759 -0.09918034 -0.5479852 -0.8363039 0.01755243 -0.70195 -0.7079943 0.07752603 -0.6977788 -0.7161396 0.01577663 0.8294621 -0.5551413 0.06173253 0.6977788 -0.7161396 0.01577669 0.8270384 -0.5619935 0.01306807 -0.8277056 0.561155 0.00296086 -0.705162 0.7064042 -0.06115287 -0.7048008 0.7093963 0.003587901 0.8306602 -0.5307949 0.1681093 0.7010419 -0.6960495 0.1550984 0.8307504 -0.54425 0.1168152 -0.5534555 -0.8240793 0.1207491 -0.7051655 -0.7002947 0.1110361 -0.7059438 -0.7005196 0.104478 0.8311135 -0.5490291 0.08841657 0.7059437 -0.7005198 0.1044779 0.8313243 -0.5493891 0.0840913 -0.830405 0.5536214 -0.06269729 -0.7049062 0.7038241 -0.08797121 -0.7052736 0.7041184 -0.08250159 0.5477626 0.7276243 -0.4129396 0.6974557 0.6728124 -0.2467371 0.5436838 0.7981665 -0.2594961 -0.8290824 0.548417 -0.1089086 -0.7038856 0.6840275 -0.1914461 -0.7067059 0.695461 -0.1300029 0.5508918 0.8090973 -0.2046458 0.7067046 0.6954625 -0.1300024 0.5514714 0.821334 -0.1459107 -0.5516582 -0.8132396 0.1852424 -0.700627 -0.6758658 0.2287514 -0.7010422 -0.6960493 0.1550974 -0.5442817 -0.5540736 0.6298888 -0.6928641 -0.3855032 0.6093658 -0.6953423 -0.4798671 0.5350017 -0.5432093 -0.7611184 0.354433 -0.6920295 -0.5866951 0.4205757 -0.6959491 -0.6548608 0.2946392 0.8288406 -0.4641044 0.3124588 0.695949 -0.6548607 0.2946398 0.8270421 -0.5182542 0.2177474 -0.8212746 0.5277405 -0.21679 -0.7093117 0.5974153 -0.3741284 -0.6974557 0.6728121 -0.2467376 0.8285866 -0.1141982 0.5480904 0.6922439 -0.2712712 0.668738 0.8253861 -0.2270701 0.5168918 0.8273023 -0.315245 0.464964 0.6953405 -0.4798683 0.5350028 0.8271651 -0.3832495 0.4109964 -0.8231934 0.3886823 -0.4138585 -0.6989164 0.431124 -0.5706558 -0.7009837 0.504178 -0.504407 0.5422693 0.5411476 -0.6427311 0.7009848 0.5041744 -0.5044093 0.5461807 0.6112138 -0.5728042 -4.74781e-7 -0.9997311 0.02319306 6.44158e-6 -0.9997312 0.02318972 6.61076e-6 -0.9997311 0.02318942 -0.8199819 0.2301153 -0.5240961 -0.7115063 0.146824 -0.6871692 -0.6995288 0.3178807 -0.6400089 0.5498602 0.1911006 -0.8131017 0.6995297 0.3178831 -0.6400067 0.5417432 0.4147717 -0.7310805 -0.5408477 -0.3054826 0.7836863 -0.6947114 -0.1355559 0.7063999 -0.6922438 -0.27127 0.6687384 -1.62456e-7 -0.9997308 0.02320224 1.77726e-7 -0.999731 0.02319657 0 -0.9997308 0.02320259 -7.4118e-7 -0.999731 0.02319425 -6.14947e-6 -0.999731 0.02320021 0 -0.9997311 0.02319395 -4.75039e-6 -0.999731 0.02319532 -5.93901e-7 -0.999731 0.02319312 6.75562e-6 -0.999731 0.02319574 7.36431e-6 -0.999731 0.0231961 -0.5523957 0.05061572 -0.8320439 -0.5498607 0.1911014 -0.8131012 -0.8278427 0.1052961 -0.5509894 -0.7105723 0.04352509 -0.7022768 -1.14803e-6 -0.9997311 0.02319514 0.6996805 -0.04683119 0.7129195 0.5488255 -0.1502496 0.8223233 0.6947122 -0.1355568 0.706399 0.8304818 -0.035865 0.5558902 -6.75364e-6 -0.9997308 0.02320086 -0.8304818 -0.03586393 0.5558902 -0.8285868 -0.1141976 0.5480902 -0.5488249 -0.1502485 0.822324 -0.6996806 -0.0468294 0.7129195 -0.825387 -0.2270709 0.5168902 -0.8273043 -0.3152445 0.464961 -0.54411 -0.4372267 0.7160847 0.7115069 0.1468245 -0.6871684 0.8199827 0.2301113 -0.5240966 0.8212245 0.3205041 -0.4720886 0.6989161 0.4311245 -0.5706559 -0.5417457 0.4147704 -0.7310795 -0.5422716 0.5411481 -0.6427289 -0.8212196 0.320508 -0.4720944 -5.17387e-6 -0.999731 0.02319562 0.7105739 0.04352676 -0.702275 0.8278439 0.1052964 -0.5509875 0.5523966 0.0506156 -0.8320433 0.8231956 0.3886809 -0.4138551 0.8246471 0.4661086 -0.3204684 0.7093117 0.5974153 -0.3741282 -0.5461827 0.611212 -0.5728041 -0.5477658 0.7276225 -0.4129385 -0.8246474 0.4661079 -0.3204689 0.6928618 -0.3855045 0.6093676 0.5442802 -0.5540739 0.62989 0.5466064 -0.673258 0.4979411 0.6920294 -0.5866952 0.4205761 0.5408479 -0.3054829 0.7836861 0.5441098 -0.4372281 0.716084 -0.5436832 0.798166 -0.259499 -0.5508916 0.8090968 -0.2046481 -0.8269194 0.5370945 -0.1665356 0.5432091 -0.7611182 0.3544334 0.5494944 -0.7886117 0.2759487 0.7006267 -0.6758656 0.2287533 -0.8288418 -0.4641037 0.3124564 -0.8270434 -0.5182527 0.2177464 -0.8306608 -0.5307938 0.1681092 -0.5494946 -0.7886112 0.2759495 -0.8271661 -0.3832458 0.4109976 -0.5466064 -0.6732583 0.4979405 -0.8307502 -0.5442498 0.1168165 -0.8311145 -0.5490276 0.08841603 0.7038849 0.6840286 -0.1914445 0.8290815 0.5484185 -0.1089092 0.8298608 0.5538337 -0.06782078 0.7049062 0.7038241 -0.08797132 -0.5514726 0.8213334 -0.1459097 -0.5520915 0.8271638 -0.1048586 -0.8298609 0.5538335 -0.06782066 0.8212745 0.5277408 -0.2167899 0.8269186 0.5370953 -0.1665364 -0.5524973 0.8275977 -0.09914135 -0.5500993 0.8318813 -0.07324337 -0.8290237 0.5572361 -0.04698759 0.7051651 -0.7002952 0.1110363 0.5534559 -0.8240792 0.120749 0.5510862 -0.8296009 0.08981287 0.70195 -0.7079943 0.07752603 -0.8313247 -0.5493888 0.08409136 -0.829462 -0.5551413 0.06173259 -0.5510862 -0.8296008 0.08981299 0.5516566 -0.8132413 0.1852398 -0.5474252 0.8368449 0.00405842 -0.8296879 0.5454413 0.1187933 0.5479851 -0.836304 0.01755231 0.6982032 -0.7142336 -0.04881346 0.5509032 -0.8320224 -0.06515079 -0.8270385 -0.5619936 0.01306825 -0.8283333 -0.5594384 -0.02987897 -0.6982035 -0.7142333 -0.04881358 0.830405 0.5536214 -0.06269735 0.8290235 0.5572362 -0.04698759 0.705154 0.7064141 -0.06113088 -0.8289784 -0.5552898 -0.06669378 -0.8321588 -0.5293906 -0.1650975 -0.5543627 -0.7888936 -0.2651965 0.7108742 0.6882609 0.1447581 0.8249191 0.5121862 0.2391102 0.7048974 0.6474615 0.2896777 0.8245252 0.4926995 0.2782183 0.7042808 0.6197677 0.3462321 0.5500738 0.765063 0.3348098 -0.5500729 0.7650637 0.3348097 -0.54814 0.7307978 0.4067887 -0.8245251 0.4926998 0.2782182 0.8277054 0.561155 0.002960741 0.7048219 0.7093748 0.003683507 0.8296882 0.5454409 0.118793 -0.5476683 0.6982765 0.460944 -0.8234636 0.443623 0.3537041 0.7031022 -0.6764707 -0.219168 0.5510725 -0.7419352 -0.3819049 0.5511211 -0.7134115 -0.432793 0.7023029 -0.6100298 -0.3669256 0.8308843 -0.4790702 -0.28306 -0.8307608 -0.4934513 -0.2575698 -0.5511233 -0.7134083 -0.4327953 0.5529652 -0.8206616 -0.1440287 0.5543624 -0.7888936 -0.2651967 0.8257333 0.4776434 0.3000356 0.8234634 0.4436228 0.3537043 0.5451043 0.6518513 0.5272108 0.7056638 -0.6002621 -0.3764627 0.8314379 -0.4762004 -0.2862591 5.42413e-7 0.7441452 0.668018 -0.8230205 0.4148176 0.3880254 2.26896e-7 0.9928929 -0.1190119 0.1950902 0.9807853 0 3.71759e-7 1 0 0.1937036 0.9738145 -0.1190139 0.3826833 0.9238796 0 0.3799636 0.9173132 -0.119013 0.5555701 0.8314698 0 0.5516216 0.8255601 -0.1190129 0.7071068 0.7071069 0 0.7020816 0.7020809 -0.1190125 0.8314695 0.5555705 0 0.8255599 0.5516219 -0.1190134 0.9238797 0.3826829 0 0.9173135 0.3799632 -0.1190133 0.9807854 0.1950904 0 0.9738144 0.193704 -0.1190135 1 2.47839e-7 0 0.9928928 0 -0.1190135 0.9807853 -0.1950903 0 0.9738146 -0.1937037 -0.1190135 0.9238796 -0.3826835 0 0.9173132 -0.3799638 -0.1190134 0.8314695 -0.5555704 0 0.8255603 -0.5516213 -0.1190131 0.7071068 -0.7071068 0 0.7020815 -0.7020808 -0.1190132 0.5555701 -0.8314698 0 0.5516213 -0.8255602 -0.1190142 0.3826833 -0.9238796 0 0.3799635 -0.9173133 -0.1190133 0.1950901 -0.9807854 0 0.1937035 -0.9738146 -0.1190131 -2.43073e-7 -1 0 -1.98907e-7 -0.9928926 -0.1190139 -0.1950908 -0.9807853 0 -0.1937042 -0.9738143 -0.1190137 -0.3826838 -0.9238795 0 -0.3799638 -0.9173131 -0.1190139 -0.5555704 -0.8314695 0 -0.551622 -0.8255597 -0.1190134 -0.7071071 -0.7071065 0 -0.702082 -0.7020804 -0.1190127 -0.83147 -0.5555697 0 -0.8255605 -0.5516211 -0.1190136 -0.9238799 -0.3826825 0 -0.9173136 -0.3799627 -0.1190134 -0.9807855 -0.1950892 0 -0.9738147 -0.1937027 -0.1190134 -1 6.10065e-7 0 -0.9928927 8.51011e-7 -0.1190136 -0.9807851 0.1950913 0 -0.9738143 0.1937051 -0.1190136 -0.9238791 0.3826845 0 -0.9173129 0.3799647 -0.1190132 -0.8314691 0.5555711 0 -0.8255597 0.5516223 -0.119013 -0.7071059 0.7071077 0 -0.7020801 0.7020822 -0.1190132 -0.5555689 0.8314705 0 -0.5516203 0.825561 -0.1190133 -0.3826821 0.9238801 0 0.8284606 0.5535601 0.08499664 0.9205363 0.3812985 0.08499646 -0.3799624 0.9173137 -0.1190133 -0.1950891 0.9807856 0 -0.1937023 0.9738147 -0.1190139 0 0 -1 0 0 -1 0.3812983 -0.9205363 0.08499687 0.1936414 -0.9735015 0.1216466 0.194384 -0.9772362 0.08499687 -0.9963814 9.50839e-7 0.08499604 0.3812985 0.9205363 0.08499646 0.9205363 -0.3812987 0.0849961 0.8284609 -0.5535594 0.08499693 -0.7045488 -0.7045471 0.08499723 -0.5535587 0.8284615 0.08499664 0.9772361 0.1943847 0.08499634 -2.46039e-7 -0.9963814 0.08499562 -0.9772359 0.1943856 0.08499616 0.5535597 0.8284608 0.08499687 0.704548 -0.7045478 0.08499658 -0.8284611 -0.5535594 0.08499646 -0.3812975 0.9205367 0.08499687 0.9963813 0 0.08499658 -0.1943848 -0.9772361 0.08499628 -0.9205358 0.3812996 0.08499658 0.7045484 0.7045474 0.08499711 0.5535597 -0.8284609 0.08499616 -0.9205366 -0.3812978 0.08499664 -0.1943828 0.9772365 0.08499521 0.9772362 -0.1943841 0.0849964 -0.3812988 -0.9205362 0.08499568 -0.8284603 0.5535605 0.08499681 -0.9772363 -0.1943833 0.08499634 3.10752e-7 0.9963812 0.08499807 0.194384 0.9772362 0.08499652 -0.5535603 -0.8284604 0.08499658 -0.7045472 0.7045487 0.08499664 -0.1936419 -0.9735013 0.1216477 -0.3676803 -0.8876576 -0.2772639 -0.3798419 -0.9170181 0.1216467 0.193641 0.9735016 0.1216472 0.3798416 0.9170183 0.1216465 -0.7018547 0.7018563 0.1216471 -0.5514433 0.8252953 0.1216469 -5.00786e-7 -0.9925735 0.121647 0.5514446 0.8252946 0.121647 -0.3798401 0.9170188 0.1216473 0.7018555 0.7018554 0.1216466 -0.1936399 0.9735018 0.121647 0.8252944 0.5514445 0.1216474 5.3743e-7 0.9925735 0.1216472 -0.5514448 -0.8252943 0.1216474 0.9170184 0.3798414 0.1216467 -0.7018559 -0.701855 0.1216468 0.9735015 0.1936416 0.1216467 -0.8252951 -0.5514436 0.121647 0.9925736 0 0.1216467 -0.9170186 -0.3798406 0.1216472 0.9735015 -0.1936413 0.1216471 -0.9735016 -0.1936404 0.1216474 0.9170184 -0.3798413 0.1216466 -0.9925735 1.01257e-6 0.1216471 0.8252948 -0.5514441 0.1216472 -0.9735012 0.1936423 0.1216476 0.7018553 -0.7018556 0.1216471 -0.9170179 0.3798425 0.121647 0.5514444 -0.8252946 0.1216476 -0.8252938 0.5514456 0.1216468 0.3798414 -0.9170183 0.1216471 -0.7988711 -0.5337876 -0.277265 -0.7063306 -0.7063292 -0.04686343 -0.8305566 -0.5549591 -0.04686325 0.7988708 0.5337885 -0.2772642 3.67811e-7 0.9607934 -0.2772653 -0.5337888 -0.7988705 -0.2772644 0.8876575 0.3676799 -0.2772648 -0.679384 -0.6793833 -0.2772651 0.9423321 0.1874416 -0.2772651 0.9607935 0 -0.2772652 -0.8876579 -0.3676788 -0.2772648 0.9423323 -0.1874415 -0.2772647 -0.9423323 -0.1874406 -0.2772647 0.8876574 -0.3676801 -0.2772653 -0.9607936 1.04511e-6 -0.2772647 0.7988705 -0.5337886 -0.2772649 -0.9423321 0.1874424 -0.2772644 0.6793836 -0.6793836 -0.2772651 -0.8876571 0.3676805 -0.2772651 0.5337887 -0.7988708 -0.2772641 -0.79887 0.5337893 -0.2772647 0.3676798 -0.8876578 -0.2772639 0.1874409 0.942332 -0.2772659 -0.679383 0.6793844 -0.2772647 0.1874411 -0.9423318 -0.2772664 0.3676797 0.8876574 -0.2772653 -0.5337869 0.7988713 -0.2772658 -4.7137e-7 -0.9607937 -0.2772645 0.533789 0.7988708 -0.2772631 -0.3676784 0.8876581 -0.2772648 -0.187442 -0.9423323 -0.2772643 0.6793834 0.6793838 -0.2772651 -0.1874402 0.9423331 -0.2772631 -0.9989014 9.22634e-7 -0.04686325 -0.7686211 -0.1528874 0.6211659 -0.7836791 8.34228e-7 0.6211659 0.9797077 0.1948761 -0.04686361 0.9989014 0 -0.04686301 -0.9228649 -0.3822622 -0.04686367 0.9797077 -0.194876 -0.04686355 -0.9797079 -0.1948751 -0.04686403 0.9228643 -0.3822636 -0.04686397 0.830556 -0.5549601 -0.04686361 -0.9797075 0.1948772 -0.04686361 0.70633 -0.7063298 -0.04686421 -0.9228643 0.3822634 -0.04686355 0.55496 -0.830556 -0.04686373 -0.8305551 0.5549613 -0.04686325 0.3822631 -0.9228645 -0.04686284 2.6278e-7 0.9989013 -0.04686552 0.1948755 0.9797077 -0.04686498 -0.7063296 0.7063302 -0.0468629 0.1948755 -0.9797077 -0.04686474 0.3822629 0.9228646 -0.04686439 -0.5549586 0.830557 -0.04686379 -4.51403e-7 -0.9989015 -0.04686039 0.55496 0.8305561 -0.04686117 -0.3822616 0.922865 -0.04686462 -0.1948761 -0.9797077 -0.04686546 0.7063297 0.7063301 -0.04686325 -0.1948743 0.9797081 -0.04686135 -0.3822638 -0.9228642 -0.04686212 0.830556 0.55496 -0.04686331 -0.5549602 -0.8305559 -0.04686391 0.9228644 0.3822631 -0.04686355 -0.6516041 0.4353903 0.6211662 -0.2172351 0.08998197 0.9719631 -0.1955058 0.1306334 0.9719632 0.6516052 -0.4353888 0.6211662 -0.7686212 0.1528891 0.6211654 0.554145 -0.5541449 0.6211658 -0.724025 0.2999014 0.6211658 0.4353891 -0.6516059 0.6211652 0.2999014 -0.724025 0.6211659 0.1528881 0.7686216 0.6211651 -0.5541442 0.5541449 0.6211664 0.1528881 -0.7686212 0.6211656 0.2999012 0.7240256 0.6211653 -0.4353877 0.6516058 0.6211662 -5.87631e-7 -0.7836765 0.6211693 0.4353887 0.6516054 0.621166 -0.2999001 0.7240256 0.6211657 -0.1528881 -0.7686224 0.6211642 0.554145 0.5541448 0.6211658 -0.1528864 0.768621 0.6211664 -0.2999016 -0.7240244 0.6211665 0.6516053 0.4353892 0.6211658 1.20675e-7 0.7836804 0.6211643 -0.4353887 -0.6516056 0.6211658 0.7240254 0.2999011 0.6211656 -0.5541454 -0.5541443 0.6211659 0.7686213 0.1528882 0.6211656 -0.6516056 -0.435388 0.6211662 0.7836792 -1.52155e-7 0.6211658 -0.7240254 -0.2999007 0.6211656 0.7686213 -0.1528881 0.6211656 0.7240251 -0.2999012 0.6211658 -0.08998137 0.217235 0.9719632 -0.05610191 0.08396238 0.9948885 -0.03864347 0.09329396 0.9948884 0.08998161 -0.2172346 0.9719632 0.04587239 0.2306158 0.9719631 -0.1662641 0.1662647 0.9719632 0.04587233 -0.2306162 0.971963 0.08998179 0.2172353 0.971963 -0.130633 0.1955065 0.9719631 -3.32467e-7 -0.2351329 0.9719633 0.1306335 0.1955066 0.971963 -0.04587227 -0.2306157 0.9719631 0.1662647 0.1662647 0.971963 -0.04587197 0.2306159 0.971963 -0.08998167 -0.2172349 0.9719632 0.1955061 0.1306334 0.9719632 0 0.2351332 0.9719632 -0.1306327 -0.1955062 0.9719632 0.2172352 0.08998179 0.9719631 -0.1662645 -0.1662644 0.9719632 0.2306155 0.04587227 0.9719631 -0.1955068 -0.1306331 0.9719631 0.2351335 0 0.9719631 -0.2172353 -0.08998149 0.9719631 0.2306158 -0.04587221 0.971963 -0.2306156 -0.04587197 0.9719631 0.217235 -0.08998167 0.9719631 -0.2351335 2.96625e-7 0.9719631 0.1955064 -0.1306334 0.9719631 -0.2306157 0.04587244 0.971963 0.1662644 -0.1662642 0.9719632 0.1306332 -0.1955063 0.9719631 -0.05610215 -0.08396232 0.9948884 -0.474372 -0.474372 0.741581 -0.07140409 -0.07140398 0.9948885 -0.01970046 -0.09904015 0.9948885 0.07140392 0.07140403 0.9948885 -0.01970028 0.09904015 0.9948885 -0.03864359 -0.09329372 0.9948884 0.08396232 0.05610185 0.9948885 0 0.1009807 0.9948885 0.09329402 0.03864359 0.9948884 0.09904056 0.01970028 0.9948884 -0.08396255 -0.05610167 0.9948885 0.1009805 0 0.9948885 -0.09329408 -0.03864341 0.9948884 0.09904062 -0.01970034 0.9948884 -0.0990408 -0.01970022 0.9948884 0.0932939 -0.03864353 0.9948885 -0.1009806 2.5287e-7 0.9948885 0.08396267 -0.05610185 0.9948884 -0.09904056 0.0197004 0.9948884 0.07140392 -0.07140398 0.9948884 -0.09329372 0.03864365 0.9948885 0.05610167 -0.08396232 0.9948885 -0.08396244 0.05610191 0.9948884 0.03864359 -0.0932939 0.9948885 0.01970022 0.09904021 0.9948884 -0.07140409 0.07140409 0.9948885 0.01970022 -0.09904038 0.9948884 0.03864371 0.09329384 0.9948885 0 -0.1009805 0.9948885 0.05610227 0.08396238 0.9948884 -0.6579739 -0.1308783 0.7415802 -0.7871863 -0.3260619 0.5234706 -0.8356719 -0.1662251 0.523471 0.6579734 0.1308788 0.7415807 -0.557803 -0.3727113 0.7415808 0.6708638 0 0.7415807 -0.6197977 -0.2567277 0.7415807 0.6579733 -0.1308787 0.7415807 0.6197969 -0.2567287 0.741581 0.5578028 -0.3727123 0.7415805 0.4743725 -0.4743721 0.7415807 -0.6197969 0.256729 0.7415808 0.3727118 -0.5578029 0.7415807 -0.5578027 0.3727127 0.7415804 0.2567291 -0.6197972 0.7415805 -0.474372 0.4743726 0.7415807 0.1308791 -0.6579728 0.7415811 0.2567278 0.6197969 0.7415812 -0.372711 0.5578033 0.7415807 0.3727123 0.5578028 0.7415805 -0.256727 0.6197977 0.7415808 0.4743723 0.4743723 0.7415807 -0.1308773 0.6579734 0.7415809 -0.2567294 -0.619797 0.7415806 0.5578029 0.3727124 0.7415804 -0.3727121 -0.5578028 0.7415806 0.6197971 0.2567286 0.7415808 -0.8356716 0.1662262 0.5234711 -0.3711113 0.1537195 0.9157766 -0.7871859 0.3260636 0.5234702 0.7871857 -0.3260632 0.5234706 -0.6708636 6.92461e-7 0.7415807 -0.8520442 6.4121e-7 0.5234699 0.7084487 -0.47337 0.5234704 -0.6579729 0.1308792 0.741581 0.6024858 -0.6024858 0.5234709 0.4733701 -0.7084484 0.5234709 -0.7084478 0.4733712 0.5234707 0.3260632 -0.7871856 0.5234708 4.38383e-7 0.6708641 0.7415804 0.1662245 0.8356721 0.5234708 0.1308778 0.657974 0.7415803 -0.6024854 0.6024866 0.5234705 0.1662251 -0.8356721 0.5234706 0.3260633 0.7871857 0.5234706 -0.4733693 0.708449 0.5234707 4.4888e-6 -0.6708354 0.7416063 -5.09505e-7 -0.8520437 0.5234708 0.4733708 0.7084481 0.5234706 -0.3260614 0.7871865 0.5234707 -0.1662256 -0.8356719 0.5234708 -0.1308791 -0.6579728 0.741581 0.6024855 0.602486 0.523471 -0.1662241 0.8356719 0.5234712 -0.3260641 -0.7871853 0.5234707 0.7084485 0.4733704 0.5234704 1.90446e-7 0.8520437 0.5234707 -0.4733698 -0.7084484 0.523471 0.7871859 0.3260632 0.5234705 -0.6024862 -0.6024858 0.5234705 0.8356718 0.1662259 0.5234708 -0.7084491 -0.4733689 0.5234709 0.8520439 0 0.5234703 0.8356717 -0.1662258 0.5234709 -0.1537199 -0.3711108 0.9157767 -3.36326e-7 -3.72809e-7 1 3.87348e-7 -3.51178e-7 1 0.2231656 -0.3339907 0.9157769 -0.3339905 0.2231664 0.9157768 0.1537191 -0.3711107 0.915777 0.07836508 0.3939695 0.9157767 -0.2840358 0.2840366 0.9157766 0.0783655 -0.3939697 0.9157766 0.1537195 0.3711112 0.9157766 -0.223165 0.3339914 0.9157768 0 -0.4016876 0.9157769 0.2231655 0.3339908 0.9157769 -0.153718 0.3711114 0.9157768 -0.0783655 -0.3939696 0.9157766 0.284035 0.284036 0.9157771 -0.07836478 0.3939689 0.9157771 0.3339912 0.2231663 0.9157766 2.19036e-7 0.4016877 0.9157767 -0.223165 -0.333991 0.915777 0.3711113 0.1537191 0.9157766 -0.2840363 -0.2840361 0.9157766 0.3939691 0.07836544 0.915777 -0.3339912 -0.2231647 0.9157769 0.4016879 0 0.9157767 -0.371111 -0.1537187 0.9157769 0.3939685 -0.0783655 0.9157772 -0.3939685 -0.0783652 0.9157772 0.3711106 -0.1537192 0.9157769 -0.4016881 4.03078e-7 0.9157766 0.3339912 -0.2231658 0.9157767 -0.3939683 0.07836568 0.9157772 0.2840356 -0.284036 0.9157769 -0.7071068 -0.7071068 0 -0.8314705 -0.5555689 0 -0.8314708 -0.5555685 0 2.83222e-7 2.1118e-7 1 -4.36288e-7 3.72809e-7 1 4.16501e-7 3.80113e-7 1 -6.2475e-7 -3.16052e-7 1 3.69975e-7 1.45463e-7 1 -8.49664e-7 -2.6878e-7 1 8.33004e-7 0 1 -4.91473e-7 -2.11179e-7 1 5.66444e-7 0 1 -4.16502e-7 -1.45462e-7 1 8.33004e-7 0 1 -4.16502e-7 0 1 2.83222e-7 -1.45463e-7 1 -5.66444e-7 0 1 4.16502e-7 -2.1118e-7 1 -8.33004e-7 0 1 6.99724e-7 -2.6878e-7 1 -2.83222e-7 1.45463e-7 1 4.91473e-7 -3.16052e-7 1 -4.16502e-7 2.1118e-7 1 4.53987e-7 -3.51178e-7 1 3.03007e-7 3.72809e-7 1 -7.08055e-7 2.68781e-7 1 5.09831e-7 -3.72809e-7 1 -2.12417e-7 3.51179e-7 1 -4.51248e-7 3.16053e-7 1 -4.16502e-7 -3.80113e-7 1 -2.08251e-7 3.16052e-7 1 -2.12417e-7 3.51179e-7 1 4.16502e-7 2.68781e-7 1 0.9807853 0.1950905 0 1 0 0 1 0 0 -0.9238801 -0.382682 0 -0.9238802 -0.3826816 0 0.9807853 -0.1950904 0 0.9807853 -0.1950905 0 -0.9807855 -0.1950896 0 -0.9807855 -0.1950898 0 0.9238795 -0.3826838 0 0.9238796 -0.3826835 0 -1 6.14832e-7 0 -1 6.52961e-7 0 0.8314694 -0.5555706 0 0.8314696 -0.5555703 0 -0.9807853 0.1950905 0 -0.9807851 0.1950911 0 0.707107 -0.7071067 0 0.7071069 -0.7071068 0 -0.9238792 0.3826844 0 -0.9238792 0.3826845 0 0.5555702 -0.8314697 0 0.5555698 -0.83147 0 -0.8314691 0.5555712 0 -0.8314691 0.5555711 0 0.3826838 -0.9238795 0 0.3826835 -0.9238796 0 -1.42984e-7 1 -2.70029e-7 0.1950895 0.9807854 0 0.1950896 0.9807854 -2.13503e-7 -0.7071064 0.7071073 0 -0.7071061 0.7071076 0 0.1950901 -0.9807854 -2.13502e-7 0.1950901 -0.9807854 0 0.3826838 0.9238795 0 0.382684 0.9238794 0 -0.555569 0.8314705 0 -0.5555687 0.8314707 0 -3.09799e-7 -1 0 -3.05033e-7 -1 0 0.5555709 0.8314692 0 0.555571 0.8314691 0 -0.3826819 0.9238802 0 -0.3826816 0.9238803 0 -0.1950907 -0.9807853 1.49729e-7 -0.1950905 -0.9807853 0 0.7071067 0.707107 0 0.7071067 0.7071069 0 -0.1950889 0.9807856 3.6219e-7 -0.1950889 0.9807857 0 -0.3826842 -0.9238793 0 -0.3826845 -0.9238791 0 0.8314694 0.5555707 0 0.8314692 0.5555707 0 -1.35835e-7 1 1.853e-7 -0.5555703 -0.8314697 0 -0.5555701 -0.8314697 0 0.9238796 0.3826833 0 0.9238795 0.3826836 0 -0.707107 -0.7071067 0 0.9807853 0.1950904 0 -0.9099211 0.3769028 -0.1731708 -0.680202 0.4544973 -0.5751153 -0.8189073 0.5471774 -0.1731695 0.1757115 -0.07278186 -0.9817476 0.1581357 -0.105663 -0.9817478 0.1581364 -0.105663 -0.9817476 0.1344833 -0.1344833 -0.9817477 0.1344836 -0.1344834 -0.9817476 0.1056634 -0.1581358 -0.9817477 0.1056627 -0.1581357 -0.9817478 0.07278203 -0.175711 -0.9817476 0.07278209 -0.1757109 -0.9817477 0.03710442 0.1865339 -0.9817476 0 0.1901884 -0.9817476 0.03710359 0.1865339 -0.9817476 -0.1344839 0.1344835 -0.9817476 -0.1581354 0.1056631 -0.9817478 -0.1344833 0.1344835 -0.9817477 0.03710389 -0.1865337 -0.9817478 0.03710389 -0.1865338 -0.9817477 0.07278215 0.175711 -0.9817476 0.07278215 0.175711 -0.9817477 -0.1056628 0.1581359 -0.9817476 -0.1056634 0.1581359 -0.9817476 0 -0.1901882 -0.9817478 0 -0.1901882 -0.9817477 0.1056634 0.1581358 -0.9817476 0.1056623 0.1581357 -0.9817478 -0.07278144 0.1757112 -0.9817477 -0.0727815 0.1757112 -0.9817477 -0.03710389 -0.1865338 -0.9817477 -0.03710395 -0.1865337 -0.9817478 0.1344826 0.1344834 -0.9817478 0.1344835 0.1344835 -0.9817476 -0.03710335 0.1865339 -0.9817478 -0.03710389 0.1865339 -0.9817477 -0.07278239 -0.1757109 -0.9817478 -0.07278162 -0.175711 -0.9817478 0.1581356 0.105663 -0.9817477 0.1581357 0.1056631 -0.9817476 0 0.1901883 -0.9817476 -0.1056633 -0.1581357 -0.9817476 -0.1056628 -0.1581358 -0.9817478 0.1757113 0.0727818 -0.9817476 0.175711 0.0727818 -0.9817477 -0.1344832 -0.1344833 -0.9817478 -0.1344834 -0.1344833 -0.9817477 0.1865338 0.03710383 -0.9817477 0.1865336 0.03710377 -0.9817478 -0.1581358 -0.1056627 -0.9817478 -0.1581361 -0.1056622 -0.9817477 0.1901881 0 -0.9817478 0.1901883 0 -0.9817477 0.1865339 -0.03710383 -0.9817476 0.186534 -0.03710377 -0.9817477 0.1757109 -0.0727818 -0.9817477 0.3130657 0.7557989 -0.5751155 0.2900004 0.4340158 -0.8529537 0.454497 0.6802016 -0.5751159 0.5471763 -0.8189079 -0.1731705 0.313064 -0.7558015 -0.5751131 0.3769024 -0.9099215 -0.1731691 0.1921422 0.9659673 -0.1731725 0 0.8180714 -0.5751166 0.1595972 0.8023526 -0.5751168 -0.6964232 0.6964243 -0.1731707 -0.5784636 0.5784649 -0.575116 -0.4544958 0.6802027 -0.5751156 -0.5471755 0.8189085 -0.1731707 0.1921427 -0.9659678 -0.1731688 0 -0.8180716 -0.5751164 -1.79151e-7 -0.9848914 -0.1731732 0.3769019 0.9099211 -0.1731723 0.5471776 0.8189069 -0.1731711 -0.1921429 -0.9659678 -0.1731684 -0.159598 -0.8023535 -0.5751152 0.6964232 0.6964243 -0.1731705 0.5784641 0.5784649 -0.5751155 0.6802021 0.4544968 -0.5751155 0.8189077 0.5471766 -0.1731702 0 0.9848915 -0.1731726 -0.1595965 0.8023534 -0.5751157 0.9099214 0.3769019 -0.173171 0.7557996 0.3130626 -0.5751163 -0.5471771 -0.8189074 -0.1731703 -0.5784649 -0.5784642 -0.5751154 -0.6964241 -0.6964234 -0.1731705 0.8023532 0.1595978 -0.5751156 0.9659675 0.1921424 -0.1731706 -0.6802023 -0.4544959 -0.5751162 -0.8189082 -0.5471758 -0.1731704 0.9848918 0 -0.1731711 0.8180717 0 -0.5751163 -0.7558005 -0.3130615 -0.5751158 -0.9099222 -0.3769001 -0.1731706 0.8023532 -0.1595979 -0.5751156 0.9659675 -0.1921426 -0.1731705 -0.8023533 -0.1595976 -0.5751156 -0.9659675 -0.1921423 -0.1731703 0.7557997 -0.3130625 -0.5751163 0.9099216 -0.3769016 -0.1731706 -0.9848917 1.01539e-6 -0.1731712 -0.8180717 8.7121e-7 -0.5751164 0.6802021 -0.4544972 -0.5751153 0.8189074 -0.5471773 -0.1731697 -0.8023533 0.1595985 -0.5751153 -0.9659674 0.1921434 -0.1731704 0.5784646 -0.5784646 -0.5751152 0.6964236 -0.6964241 -0.1731695 -0.7557992 0.3130635 -0.5751163 0.4544962 -0.6802023 -0.5751157 0.8018087 0.535751 0.2647145 0.8909214 0.3690322 0.2647159 0.8909212 0.3690323 0.264716 0 -0.5219863 -0.8529539 -0.1018342 -0.5119559 -0.8529544 0.3691009 0.3691008 -0.8529532 0.4340161 0.2900007 -0.8529534 0 0.5219867 -0.8529537 0.4822522 0.1997554 -0.852954 -0.2900009 -0.4340158 -0.8529536 -0.3691009 -0.3691001 -0.8529535 0.5119567 0.1018345 -0.8529537 -0.4340155 -0.2899995 -0.8529542 0.5219863 0 -0.852954 -0.4822528 -0.199755 -0.8529538 0.5119567 -0.1018345 -0.8529539 -0.5119569 -0.1018343 -0.8529536 0.482252 -0.1997555 -0.8529542 -0.5219863 4.91644e-7 -0.8529539 0.4340159 -0.2900006 -0.8529536 -0.5119573 0.1018349 -0.8529534 0.3691005 -0.3691003 -0.8529536 -0.482252 0.199756 -0.852954 0.2900001 -0.4340164 -0.8529536 -0.4340158 0.2900007 -0.8529538 0.1997566 -0.4822528 -0.8529534 0.1018339 0.5119566 -0.8529539 -0.3690999 0.3691011 -0.8529536 -0.29 0.4340167 -0.8529536 0.1595975 -0.8023534 -0.5751155 0.238045 -0.04735004 0.9700992 0.03388613 0 0.9994258 0.03323578 -0.006610929 0.9994257 -0.5357525 -0.8018074 0.2647156 -0.6818814 -0.6818827 0.2647146 -0.6818813 -0.6818827 0.2647146 0.9457977 0.1881307 0.264714 0.9457978 0.1881307 0.2647138 -0.8018091 -0.5357502 0.2647147 -0.8018093 -0.5357501 0.2647145 0.9643263 0 0.2647164 0.9643263 0 0.2647167 -0.8909219 -0.3690302 0.2647167 -0.8909219 -0.3690301 0.2647168 0.9457979 -0.1881304 0.2647136 0.9457981 -0.1881303 0.2647132 -0.9457978 -0.1881303 0.2647142 -0.9457978 -0.1881304 0.2647141 0.8909212 -0.3690325 0.2647163 0.890921 -0.3690326 0.2647166 -0.9643265 1.27897e-6 0.2647159 -0.9643265 1.10147e-6 0.2647159 0.8018091 -0.5357509 0.2647134 0.8018093 -0.5357508 0.2647132 -0.9457979 0.1881309 0.2647135 -0.9457979 0.1881307 0.2647133 0.6818817 -0.6818823 0.2647149 0.6818815 -0.6818825 0.2647149 -0.8909219 0.3690321 0.2647142 -0.8909218 0.3690323 0.2647144 0.5357517 -0.8018088 0.264713 0.5357517 -0.8018088 0.2647131 -0.8018073 0.5357521 0.2647166 -0.8018072 0.5357522 0.2647165 0.3690325 -0.8909214 0.2647154 0.3690323 -0.8909214 0.2647154 1.56843e-7 0.9643279 0.264711 0.1881303 0.9457976 0.2647151 0.1881303 0.9457975 0.2647154 -0.6818815 0.6818824 0.264715 -0.6818813 0.6818828 0.2647147 0.1881304 -0.9457982 0.2647128 0.1881304 -0.9457983 0.2647123 0.3690319 0.8909225 0.2647123 0.3690319 0.8909224 0.2647124 -0.5357498 0.8018094 0.2647146 -0.5357496 0.8018096 0.2647144 -3.9574e-7 -0.9643266 0.2647158 -4.07778e-7 -0.9643265 0.2647159 0.5357513 0.8018087 0.2647139 0.5357515 0.8018086 0.2647139 -0.3690302 0.8909218 0.2647171 -0.3690301 0.8909221 0.2647165 -0.1881309 -0.9457977 0.2647144 -0.1881309 -0.9457976 0.2647144 0.6818819 0.6818822 0.2647147 0.681882 0.6818821 0.2647147 -0.1881295 0.9457987 0.2647114 -0.1881295 0.9457988 0.2647112 -0.3690325 -0.8909214 0.2647153 -0.3690326 -0.8909212 0.2647156 0.8018087 0.5357511 0.2647145 1.87484e-7 0.9643279 0.2647104 -0.5357528 -0.8018072 0.2647156 0.02396214 -0.02396172 0.9994257 0.02817529 -0.01882618 0.9994257 0 0 1 -0.2380443 -0.04734992 0.9700995 -0.03130775 -0.01296776 0.9994257 -0.03323531 -0.006610929 0.9994257 0.03130668 -0.01296782 0.9994257 0.2242318 -0.0928803 0.9700998 -0.03388696 0 0.9994257 -0.2427086 2.60114e-7 0.9700993 0.2018036 -0.1348413 0.9700996 -0.2380452 0.04735016 0.9700993 -0.0332356 0.006610929 0.9994258 0.1716216 -0.171621 0.9700992 -0.03130668 0.01296794 0.9994257 -0.2242318 0.09288066 0.9700996 0.0188263 -0.02817565 0.9994257 0.134841 -0.2018043 0.9700995 -0.2018051 0.1348417 0.9700992 -0.028176 0.01882636 0.9994257 0.01296776 -0.03130668 0.9994257 0.09288007 -0.2242325 0.9700996 -1.81038e-7 0.2427085 0.9700993 0.006610929 0.03323572 0.9994257 0.04735004 0.2380453 0.9700992 -0.02396112 0.02396142 0.9994257 -0.1716197 0.1716205 0.9700996 0.00661087 -0.03323596 0.9994257 0.04734969 -0.2380451 0.9700992 0.01296776 0.03130722 0.9994258 0.09288042 0.224233 0.9700993 -0.134841 0.2018045 0.9700994 -0.01882618 0.02817559 0.9994257 -1.21533e-7 -0.2427085 0.9700993 -2.33671e-7 -0.03388643 0.9994257 0.1348431 0.2018043 0.9700992 0.01882737 0.02817547 0.9994257 -0.0928806 0.2242335 0.9700992 -0.01296818 0.03130728 0.9994257 -0.006610691 -0.0332356 0.9994258 -0.04734927 -0.2380442 0.9700995 0.02396148 0.02396166 0.9994257 0.1716203 0.1716211 0.9700993 -0.04734939 0.2380442 0.9700996 -0.00661087 0.03323519 0.9994257 -0.09288078 -0.2242335 0.9700992 -0.01296788 -0.03130739 0.9994257 0.02817547 0.01882636 0.9994257 0.201804 0.1348416 0.9700995 0 0.03388661 0.9994258 -0.134841 -0.2018041 0.9700995 -0.01882588 -0.02817541 0.9994257 0.03130668 0.01296788 0.9994257 0.2242319 0.09288036 0.9700996 -0.02396148 -0.02396124 0.9994257 -0.1716206 -0.1716203 0.9700995 0.2380461 0.04735004 0.970099 0.03323626 0.006610929 0.9994257 -0.02817487 -0.01882636 0.9994257 -0.2018024 -0.1348411 0.9700998 0.2427068 0 0.9700998 -0.2242343 -0.09288018 0.9700991 -0.9975246 9.09536e-7 0.07031905 -0.9151127 -0.1820262 0.3597711 -0.9330407 7.492e-7 0.359771 0.8314699 -0.5555699 0 0.9238788 -0.3826852 0 0.9238787 -0.3826855 0 6.33193e-7 0.261734 0.9651401 0.0510627 0.2567048 0.9651401 7.56134e-7 0.261734 0.9651401 -0.5555711 -0.8314691 0 -0.3826838 -0.9238794 0 0.05106246 0.2567049 0.9651401 0.1001617 0.2418106 0.96514 0.7053565 -0.7053563 0.07031905 0.5183698 -0.775795 0.3597708 0.5541951 -0.8294113 0.07031905 -0.8314693 0.5555708 0 -0.9238786 0.3826858 0 -0.9238785 0.3826861 0 0.1454116 0.2176238 0.9651401 0.1454117 0.2176238 0.9651401 -0.7053569 -0.7053558 0.07031905 -0.7757947 -0.5183695 0.3597717 -0.8294116 -0.5541948 0.07031905 1 0 0 0.9807854 0.1950902 0 0.9807853 0.1950902 0 0.185074 0.1850739 0.9651401 -0.7053555 0.7053573 0.07031905 -0.5183678 0.775796 0.3597714 -0.5541938 0.8294121 0.07031899 -4.87933e-7 -1 -4.49795e-7 0.195091 -0.9807853 0 0.1950908 -0.9807852 0 0.2176239 0.1454116 0.9651401 0.2176231 0.1454117 0.9651402 -1 5.64787e-7 0 -0.9807855 -0.1950896 0 -0.9807854 -0.1950896 0 0.2418118 0.1001613 0.9651398 0.2418102 0.1001613 0.9651402 0.8314689 0.5555714 0 0.7071079 0.7071058 0 0.7071075 0.7071061 0 0.2567037 0.05106168 0.9651404 0.2567021 0.05106163 0.9651408 0.9783575 -0.194607 0.07031905 0.862017 -0.3570592 0.3597716 0.9215925 -0.3817363 0.07031905 0 1 4.49795e-7 -0.1950888 0.9807856 0 0.2617329 0 0.9651404 0.5555724 -0.8314682 0 0.7071056 -0.7071079 0 0.7071053 -0.7071082 0 0.2567066 -0.05106145 0.9651396 0.2567046 -0.05106157 0.9651402 -0.9215921 0.3817372 0.07031905 -0.9151122 0.1820283 0.3597714 -0.8620171 0.3570599 0.3597704 -0.8314702 -0.5555694 0 -0.7071055 -0.7071081 0 -0.7071059 -0.7071078 0 0.2418115 -0.1001611 0.9651399 0.2418105 -0.1001613 0.9651402 0.9215925 0.3817364 0.07031905 0.915113 0.1820268 0.3597701 0.9783576 0.1946069 0.07031905 -0.5555702 0.8314697 0 -0.7071052 0.7071084 0 -0.7071048 0.7071088 0 0.2176249 -0.1454116 0.9651399 0.2176237 -0.1454116 0.9651402 0.1950906 0.9807853 0 0.1950906 0.9807853 0 0.185074 -0.1850737 0.9651401 0.1850733 -0.1850738 0.9651402 -0.9783578 -0.1946058 0.07031905 -0.8620172 -0.3570588 0.3597716 0.9807854 -0.1950897 0 0.9807855 -0.1950897 0 0.1454114 -0.2176236 0.9651401 0.145411 -0.2176238 0.9651402 -0.1950905 -0.9807853 0 -0.1950907 -0.9807853 0 0.1001616 -0.2418106 0.9651401 0.1001614 -0.2418106 0.9651401 0.5541949 0.8294115 0.07031893 0.6597603 0.6597587 0.3597705 0.7053564 0.7053564 0.07031899 -0.980785 0.1950917 0 0.0510618 -0.2567049 0.9651401 0.8294113 -0.5541952 0.07031899 0.6597598 -0.6597592 0.3597708 0.9238797 0.382683 0 0.9238796 0.3826834 0 -6.31515e-7 -0.261734 0.9651401 -8.4071e-7 -0.2617338 0.9651402 -0.5541955 -0.8294111 0.07031899 -0.6597598 -0.659759 0.359771 0.3826818 -0.9238802 0 -0.0510627 -0.2567047 0.9651401 -0.8294107 0.554196 0.07031905 -0.6597593 0.6597598 0.3597705 -0.9238792 -0.3826847 0 -0.9238793 -0.3826842 0 -0.05106246 -0.2567048 0.9651401 -0.1001617 -0.2418105 0.9651401 0.9975246 -5.21786e-7 0.07031899 0.9151121 -0.1820263 0.3597724 -0.3826832 0.9238798 0 -0.3826835 0.9238796 0 -0.1001622 -0.2418104 0.9651401 -0.1454119 -0.2176238 0.9651401 0.5555687 0.8314707 0 0.5555683 0.831471 0 -0.1454132 -0.2176235 0.9651399 -0.1850728 -0.1850737 0.9651403 -0.9783573 0.1946079 0.07031911 0.83147 -0.5555697 0 -0.1850746 -0.1850736 0.96514 -0.2176232 -0.1454114 0.9651403 -0.5555707 -0.8314693 0 -0.2418105 -0.100161 0.9651401 -0.2418092 -0.1001611 0.9651405 0.8294114 0.5541951 0.07031899 0.8620167 0.3570593 0.3597719 -0.8314694 0.5555707 0 -0.2567028 -0.05106157 0.9651407 0.3570585 -0.8620172 0.3597717 0.3817359 -0.9215927 0.07031905 1 0 0 -0.2567043 -0.05106127 0.9651402 -0.2617328 1.843e-7 0.9651405 -0.9215929 -0.3817355 0.07031905 -4.69465e-7 -1 -3.86535e-7 -0.2567051 0.05106192 0.96514 -0.2567043 0.05106192 0.9651402 -0.3570584 0.8620178 0.3597705 -0.3817347 0.9215931 0.07031911 -1 6.47003e-7 0 -0.2418103 0.1001615 0.9651401 0.3817363 0.9215925 0.07031911 0.51837 0.7757949 0.3597705 0.8314691 0.5555711 0 -0.2418095 0.1001616 0.9651404 -0.2176235 0.1454119 0.9651401 0.7757942 -0.5183704 0.3597714 1.93624e-7 1 3.86534e-7 -0.1850742 0.185074 0.96514 -0.1850724 0.1850741 0.9651403 -0.3570601 -0.8620168 0.359771 -0.5183699 -0.7757948 0.3597712 0.5555726 -0.8314681 0 -0.1454109 0.217624 0.9651402 -0.2515019 0.3764004 0.8916667 -0.1732381 0.418234 0.8916664 -0.83147 -0.5555697 0 -0.1001617 0.2418108 0.96514 -0.1001589 0.2418107 0.9651403 -0.7757943 0.5183708 0.3597709 8.14954e-7 -1.77243e-7 -1 -7.11624e-7 -3.47676e-7 -1 1.21109e-7 -1.77243e-7 -1 -0.05106151 0.2567049 0.9651401 0.7757955 0.5183691 0.3597708 0.3826838 0.9238794 0 -0.5555706 0.8314694 0 0.9330409 0 0.3597705 -0.376398 0.2515033 0.8916674 6.83757e-7 -5.95036e-7 1 2.17902e-6 -8.63857e-7 1 -1.05268e-6 -0.9330415 0.359769 -0.08831548 -0.4439948 0.8916665 -0.1820283 -0.9151125 0.3597705 0.320102 0.3201017 0.8916668 -0.1820263 0.9151127 0.3597713 -0.08831417 0.4439935 0.8916673 -0.1732383 -0.4182334 0.8916667 0.3764004 0.2515021 0.8916667 -1.76417e-6 0.4526928 0.8916666 -2.61585e-7 0.9330406 0.3597711 -0.2515029 -0.3763995 0.8916668 0.4182325 0.173238 0.8916671 -0.3201007 -0.3201017 0.8916672 0.4439941 0.08831578 0.8916667 -0.3763986 -0.2515026 0.8916674 0.4526925 -1.38471e-7 0.8916667 -0.418232 -0.1732379 0.8916674 0.4439928 -0.08831566 0.8916674 -0.4439938 -0.08831536 0.891667 0.4182325 -0.173238 0.8916671 -0.4526923 0 0.8916668 0.3763992 -0.2515026 0.8916671 -0.4439932 0.08831644 0.8916672 0.3201019 -0.3201016 0.8916668 -0.4182329 0.1732382 0.8916669 0.2515025 -0.3764001 0.8916668 0.1732376 -0.418233 0.891667 0.1820273 0.9151127 0.3597707 0.08831548 0.4439943 0.8916667 -0.3201011 0.3201025 0.8916669 0.1820275 -0.9151124 0.3597711 0.08831661 -0.4439937 0.8916668 0.3570594 0.8620172 0.3597707 0.1732386 0.4182333 0.8916666 8.98729e-7 -0.4526923 0.8916668 0.2515035 0.3764002 0.8916665 0.5555702 0.8314697 0 0.3521626 0.9359389 0 0.5555694 0.8314701 -1.47843e-7 0 1.43654e-6 1 1.16442e-6 -1.5549e-6 1 2.26724e-6 -1.52502e-6 1 1.94971e-6 -1.09948e-6 1 -2.22313e-6 1.52502e-6 1 -1.08952e-6 -1.43654e-6 1 5.82198e-7 -1.29285e-6 1 7.98932e-7 1.5549e-6 1 9.13066e-7 -1.29285e-6 1 2.49551e-6 -1.43654e-6 1 4.74733e-7 1.52502e-6 1 0 -1.09948e-6 1 3.26855e-6 -1.52502e-6 1 -1.08951e-6 1.43654e-6 1 -2.17902e-6 -8.63856e-7 1 -1.08951e-6 1.29285e-6 1 -1.26596e-6 -5.95034e-7 1 -5.3142e-7 1.09948e-6 1 -8.54695e-7 -3.03346e-7 1 -2.17902e-6 8.63855e-7 1 -3.07622e-6 0 1 0 5.95032e-7 1 -1.4369e-6 3.03345e-7 1 -1.83714e-6 3.03344e-7 1 -1.02563e-6 5.95034e-7 1 2.17902e-6 0 1 0 8.63856e-7 1 2.63347e-6 -3.03347e-7 1 -1.77327e-6 1.09948e-6 1 -2.27222e-7 1.29285e-6 1 1.01043e-6 0 1 -0.3826814 0.9238804 0 -0.5555691 0.8314704 0 -0.3521597 0.9359399 0 0 -1 0 -0.1950907 -0.9807853 0 -0.1950905 -0.9807853 0 0.7071067 0.7071069 -1.88154e-7 0.7071068 0.7071068 -2.95344e-7 -0.1950895 0.9807856 0 -0.1950892 0.9807855 0 -0.3521631 -0.9359387 0 -0.3826841 -0.9238794 0 0.83147 0.5555698 -2.76431e-7 0.8314698 0.55557 -2.0635e-7 -3.5746e-7 1 1.294e-7 -4.46825e-7 1 0 -0.5555706 -0.8314694 0 -0.5555709 -0.8314692 0 0.9238798 0.3826832 -2.82007e-7 0.9359389 0.3521624 -1.47036e-7 -0.7071076 -0.7071059 1.83221e-7 -0.7071073 -0.7071064 1.49127e-7 0.9807854 0.1950904 -2.72971e-7 0.9807854 0.1950904 -1.27866e-7 -0.8314701 -0.5555697 2.36234e-7 -0.8314697 -0.5555703 1.839e-7 1 0 -1.36277e-7 1 4.36102e-7 -2.74436e-7 -0.9359393 -0.3521613 1.73873e-7 -0.9238799 -0.3826826 2.19344e-7 0.9807854 -0.1950898 -1.33974e-7 0.9807855 -0.1950893 -2.66827e-7 -0.9807857 -0.1950884 1.34842e-7 -0.9807856 -0.1950892 2.70054e-7 0.935939 -0.3521621 -1.82938e-7 0.9238796 -0.3826834 -2.45932e-7 -1 7.12538e-7 1.36839e-7 -1 3.81291e-7 2.73678e-7 0.8314693 -0.5555708 -2.30455e-7 0.8314695 -0.5555706 -2.2857e-7 -0.9807853 0.1950903 2.70796e-7 -0.9807851 0.1950913 1.34094e-7 0.7071065 -0.7071071 -1.9963e-7 0.7071077 -0.7071059 -2.36359e-7 -0.9238793 0.3826841 2.19333e-7 -0.9359384 0.352164 1.73872e-7 0.5555699 -0.8314699 0 0.5555707 -0.8314694 -1.21413e-7 -0.8314697 0.5555703 1.8389e-7 -0.8314689 0.5555713 2.36232e-7 0.3521621 -0.935939 0 0.3826834 -0.9238796 0 0.1950907 0.9807853 0 0.195091 0.9807851 0 -0.7071065 0.7071071 2.4483e-7 -0.7071059 0.7071076 1.35009e-7 0.19509 -0.9807854 0 0.1950902 -0.9807853 0 0.3826836 0.9238795 0 -0.5555694 0.8314703 2.94695e-7 0 -1 0 -3.89595e-7 0 1 0 0 1 5.16421e-7 0 1 1.32115e-6 0 1 -6.45189e-7 0 1 -3.47666e-6 0 1 0.1950895 -0.9807855 0 0.2902823 -0.9569411 0 -0.9807853 0.1950905 0 2.37427e-6 0 1 -0.1950909 -0.9807853 0 3.62227e-7 -1 0 3.59843e-7 -1 0 0.1950907 0.9807853 0 2.04944e-7 1 0 2.12093e-7 1 0 -1 2.64521e-7 0 -0.3826832 -0.9238798 0 -0.3826832 -0.9238797 0 -5.215e-6 0 1 -2.22247e-6 0 1 -1.2849e-6 0 1 -0.1950896 0.9807855 0 -0.1950904 0.9807853 0 7.15741e-7 0 1 2.06388e-6 0 1 0.9569408 -0.2902831 0 1.27941e-6 0 1 3.47666e-6 0 1 1.21081e-6 0 1 2.42162e-6 0 1 1.7257e-7 0 1 0.9238795 -0.3826836 0 0.9238799 -0.3826828 0 0.9238793 -0.3826843 0 -7.84477e-7 0 1 -2.66103e-7 0 1 -0.9807856 -0.1950887 0 -0.2902846 0.9569404 0 -0.2902857 0.9569401 0 1.50251e-7 0 1 -2.15551e-6 0 1 0.9807856 -0.1950889 0 2.42162e-6 0 1 3.3433e-6 0 1 4.79781e-6 0 1 -9.84084e-7 0 1 -6.95332e-6 0 1 -6.45188e-7 0 1 -3.47666e-6 0 1 0.3826832 -0.9238798 0 0.3826832 -0.9238797 0 0.9807854 0.1950899 0 0.9569397 -0.2902868 0 0.9807851 -0.1950918 0 0.9807851 -0.1950913 0 2.06389e-6 0 1 0.2902857 0.9569401 0 0.1950904 0.9807853 0 -0.2902857 -0.9569401 0 -0.1950909 -0.9807852 0 -0.9569402 0.2902855 0 0.1950895 -0.9807854 0 -0.9238798 -0.3826829 0 -0.9238803 -0.3826818 0 -0.9238795 -0.3826836 0 0.1950908 0.9807852 0 -0.9807852 -0.1950908 0 -0.9569402 -0.2902851 0 -0.9569401 -0.2902856 0 -0.3826836 0.9238796 0 -0.3826833 0.9238796 0 -0.3826838 0.9238795 0 0.1950902 -0.9807853 0 0.3826851 0.9238789 0 0.3826859 0.9238786 0 0.2902855 0.9569402 0 -1 0 0 -0.9807854 -0.1950902 0 0 -1 0 -0.9807853 0.1950902 0 -1 4.26569e-7 0 -0.1950907 -0.9807853 0 0.9807856 0.1950888 0 0.956941 0.2902829 0 0.9569409 0.290283 0 -0.1950891 0.9807856 0 -0.9569404 0.2902848 0 -0.9807853 0.1950902 0 -0.9238792 0.3826843 0 -0.9238794 0.3826838 0 -0.923879 0.3826847 0 -0.2902855 -0.9569402 0 1 -5.24275e-7 0 0.9807857 0.1950887 0 0.9238794 0.3826841 0 0.9238799 0.3826827 0 0.923879 0.382685 0 -5.55255e-7 1 0 1 -7.86413e-7 0 8.83115e-7 0.3142027 0.949356 0.1108038 0.5570383 0.823062 8.68904e-7 0.5679517 0.8230618 0.06129842 0.308165 0.9493561 0.217352 0.5247176 0.8230611 0.1202431 0.2902847 0.9493558 0.3155391 0.4722337 0.8230617 0.2221741 0.2221749 0.9493561 0.4015999 0.4016034 0.8230627 0.4722377 0.3155356 0.8230608 0.2612506 0.1745607 0.949356 0.5247278 0.2173444 0.8230566 0.3081659 0.06129765 0.9493558 0.5570425 0.1108014 0.8230594 0.3142102 4.61164e-7 0.9493535 0.5679624 7.71559e-7 0.8230546 0.3081631 -0.06129795 0.9493567 0.5570358 -0.1108022 0.8230639 0.5247212 -0.2173457 0.8230605 0.2902911 -0.1202399 0.9493542 0.4722321 -0.3155375 0.8230632 0.2221736 -0.2221745 0.9493564 0.4016002 -0.4016022 0.8230631 0.1745629 -0.261249 0.949356 0.3155383 -0.4722332 0.8230623 0.1202405 -0.2902846 0.9493561 0.2173423 -0.5247185 0.8230633 0.06129884 -0.3081642 0.9493563 0.1108037 -0.5570372 0.8230627 0 -0.3142022 0.9493562 1.10178e-6 -0.5679515 0.8230622 -0.1108008 -0.5570388 0.823062 -0.1202391 -0.2902836 0.9493566 -0.2173445 -0.5247159 0.8230643 -0.3155323 -0.4722343 0.823064 -0.2221778 -0.2221742 0.9493554 -0.4016063 -0.4016014 0.8230607 -0.4722318 -0.3155366 0.8230637 -0.2612491 -0.1745611 0.9493564 -0.524722 -0.2173441 0.8230605 -0.2902887 -0.1202391 0.9493551 -0.5570366 -0.1108016 0.8230634 -0.3141958 1.23726e-7 0.9493582 -0.567938 2.37884e-7 0.8230713 -0.5570319 0.1108033 0.8230663 -0.3081653 0.06129842 0.9493559 -0.5247212 0.2173459 0.8230605 -0.2902861 0.1202402 0.9493557 -0.472229 0.3155376 0.8230649 -0.2612484 0.1745616 0.9493564 -0.4016003 0.4016035 0.8230625 -0.2221754 0.2221748 0.9493558 -0.3155376 0.4722342 0.823062 -0.1202376 0.2902849 0.9493565 -0.2173414 0.5247184 0.8230635 -0.08845436 0.06000083 0.9942715 -0.1108003 0.557039 0.823062 -1.34123e-6 0 -1 6.94414e-7 0 -1 -9.30779e-7 0 -1 0.0884509 -0.06000053 0.9942718 0.2121088 -0.6470074 0.7323874 0.07326227 -0.07430964 0.9945405 0.07326239 0.07430958 0.9945405 0.08845168 0.06000077 0.9942718 0.03796511 -0.09279185 0.9949616 -0.3081641 -0.06129765 0.9493564 -0.1006889 -0.04238784 0.9940147 -0.1088066 -0.02204763 0.9938184 0.01916307 0.09733372 0.9950674 -0.06129729 0.3081653 0.949356 5.01731e-7 0.09887343 0.9951 0.1006894 -0.04238808 0.9940146 -0.174557 -0.2612497 0.9493569 -0.03796344 -0.09279197 0.9949616 -0.05616664 -0.08519202 0.9947803 -0.07326394 0.07430982 0.9945403 0.1006902 0.0423879 0.9940146 0.2902923 0.1202394 0.949354 0.01916152 -0.09733361 0.9950674 -0.1117092 2.2036e-7 0.993741 0.03796672 0.09279191 0.9949615 0.2612469 -0.1745617 0.9493569 -0.07326412 -0.0743097 0.9945403 -0.1745623 0.2612494 0.949356 -0.05616778 0.08519196 0.9947802 0.1088054 0.02204799 0.9938185 0 -0.09887343 0.9951 -0.1088097 0.02204787 0.9938182 0.05617082 0.08519184 0.99478 0.1745634 0.2612492 0.9493559 -0.08845365 -0.0600003 0.9942715 -0.03796273 0.09279191 0.9949616 0.1117082 0 0.9937411 -0.01916366 -0.09733343 0.9950674 -0.06129842 -0.3081654 0.9493559 -0.1006835 0.04238826 0.9940152 0.05616819 -0.0851919 0.9947802 -0.01916205 0.09733384 0.9950673 0.108804 -0.02204787 0.9938188 0.04252594 -0.6348145 0.7714936 0 -0.9239085 0.3826134 0 -0.6333698 0.7738493 -0.1671923 0.2048839 0.964401 0.1414885 -0.6451746 0.7508202 -0.3104943 0.6316765 0.7103366 0.08741694 -0.6393168 0.7639584 0 0.6333699 0.7738493 0.04249894 0.6348152 0.7714943 -0.2120912 0.6470091 0.732391 0.08739525 0.6393179 0.7639599 -0.1414815 0.6451749 0.7508212 0.1414766 0.6451762 0.7508209 -0.08741712 0.6393166 0.7639585 -0.04251617 -0.6348145 0.771494 0.2120938 0.6470094 0.73239 -0.0425136 0.6348149 0.7714937 -0.08739948 -0.6393171 0.7639602 0.3104935 0.6316757 0.7103377 -0.1414765 -0.6451761 0.7508212 0.1671809 0.2048849 0.9644029 -0.2120932 -0.6470099 0.7323898 0.2150914 0.1307521 0.9678014 -0.3104891 -0.6316763 0.7103391 0.2369859 0 0.9715131 -0.1671823 -0.2048831 0.9644029 0.2150902 -0.130752 0.9678018 -0.2150952 -0.1307523 0.9678006 0.1671977 -0.2048838 0.9644001 -0.2369858 0 0.9715132 0.3105075 -0.631673 0.710334 -0.2150776 0.130753 0.9678044 -1.30559e-5 0 1 -5.68874e-6 0 1 2.60321e-5 0 1 0.07874536 0.9339727 0.3485603 0.1261541 0.9424682 0.3095785 -0.07873737 0.933973 0.3485612 -0.03872138 -0.9267999 0.3735542 0.1875015 0.9481754 0.2565283 -0.03872227 0.9267998 0.3735542 -0.0787388 -0.933973 0.348561 0.2761871 0.94211 0.1901305 0 0.9239087 0.3826133 -0.126156 -0.9424676 0.3095794 0.6134186 0.7749249 0.1523458 0.4263277 0.8974834 0.1129965 -0.1875143 -0.9481727 0.2565289 0.8569983 0.5109001 0.06734323 0.7242455 0.6885522 0.03693813 -0.2761927 -0.9421081 0.1901316 0.9997429 -2.78067e-7 0.02267318 1 -2.83477e-6 -2.8045e-6 -0.613416 -0.7749262 0.1523495 -0.4263277 -0.8974831 0.1129991 0.7242437 -0.6885541 0.03693825 0.8569999 -0.5108972 0.06734287 -0.856999 -0.5108982 0.06734776 -0.7242439 -0.6885536 0.03694218 0.4263282 -0.8974832 0.1129968 0.6134212 -0.7749228 0.1523457 -0.9997429 8.1434e-7 0.02267873 -1 0 2.80287e-6 0.2761886 -0.9421095 0.1901307 -0.7242438 0.6885537 0.03694254 -0.8569985 0.510899 0.06734812 0.1875081 -0.9481741 0.2565283 -0.426328 0.8974829 0.1129995 -0.6134138 0.7749277 0.1523501 0.1261538 -0.9424681 0.309579 -0.2761896 0.9421088 0.1901324 0.07873696 -0.9339733 0.3485607 0.03872674 0.9267997 0.3735539 -0.1875075 0.9481738 0.2565297 0.03872144 -0.9268 0.3735541 -0.1261562 0.9424676 0.3095798 -0.9238796 -0.3826832 0 -0.8024686 -0.5361911 0.261808 -0.8314692 -0.5555709 0 -1.06866e-6 -8.39363e-7 -1 4.88239e-7 -8.91063e-7 -1 0 -8.91063e-7 -1 0 8.91064e-7 -1 0 9.08521e-7 -1 -1.1923e-7 8.91064e-7 -1 -1.62991e-6 3.47677e-7 -1 -4.84436e-7 1.77244e-7 -1 -1.33404e-6 1.77244e-7 -1 1.51867e-7 8.39364e-7 -1 0 8.39364e-7 -1 1.90112e-6 3.47676e-7 -1 6.03619e-7 1.77243e-7 -1 -9.53843e-7 3.47675e-7 -1 2.32205e-7 -8.91063e-7 -1 1.24377e-6 -8.39363e-7 -1 1.33404e-6 -8.39363e-7 -1 -2.14899e-6 -1.77243e-7 -1 -1.33412e-6 -3.47675e-7 -1 -2.00106e-6 -3.47675e-7 -1 2.29693e-6 7.55407e-7 -1 -4.69406e-7 6.42421e-7 -1 -4.26769e-7 7.55407e-7 -1 1.33404e-6 -5.04747e-7 -1 0 -6.42421e-7 -1 -1.23034e-7 -5.04747e-7 -1 -9.62886e-7 -7.55406e-7 -1 7.30504e-7 -6.4242e-7 -1 0 -7.55407e-7 -1 -7.4682e-7 6.42422e-7 -1 -8.49688e-7 5.04748e-7 -1 -1.14846e-6 5.04748e-7 -1 0 8.91063e-7 -1 0 9.0852e-7 -1 1.44433e-6 0 -1 0 0 -1 0 -9.0852e-7 -1 0 -9.0852e-7 -1 -1.20361e-6 0 -1 0 0 -1 0 5.04747e-7 -1 2.00106e-6 5.04747e-7 -1 1.09557e-6 -7.55407e-7 -1 4.76921e-7 -7.55407e-7 -1 -1.92577e-6 -5.04746e-7 -1 0 -5.04746e-7 -1 -3.98065e-7 7.55408e-7 -1 -1.43076e-6 7.55408e-7 -1 8.30199e-7 8.39363e-7 -1 -4.76922e-7 8.39363e-7 -1 1.36453e-6 -3.47676e-7 -1 -1.38064e-7 -8.39363e-7 -1 -2.42218e-7 3.47677e-7 -1 3.3351e-6 1.77243e-7 -1 8.34612e-7 -8.91063e-7 -1 -6.05545e-7 -1.77243e-7 -1 1.55011e-6 6.42421e-7 -1 -1.33404e-6 -6.4242e-7 -1 -2.16878e-6 6.42422e-7 -1 6.0747e-7 8.91064e-7 -1 -0.3693366 -0.8916541 0.2618084 -0.4817736 -0.721024 0.4980149 -0.331852 -0.8011591 0.4980145 1 0 0 0.9465757 0.1882852 0.2618079 0.9807852 0.1950908 0 -0.6824439 -0.6824418 0.2618084 -0.7071066 -0.7071071 2.27529e-7 0.8916544 0.3693354 0.2618085 0.9238795 0.3826835 0 -0.5361921 -0.8024677 0.2618086 -0.5555697 -0.8314701 0 0.8024678 0.5361921 0.2618085 0.8314692 0.5555709 0 -0.3826837 -0.9238795 3.30343e-7 -0.1950892 0.9807856 -2.27548e-7 0 0.9651199 0.2618083 -0.1882853 0.9465757 0.2618077 0.7071061 0.7071075 -2.09899e-7 0.6824433 0.6824426 0.261808 -0.1882862 -0.9465752 0.2618085 -0.1950901 -0.9807853 5.38913e-7 -0.3826807 0.9238806 -3.4509e-7 -0.3693341 0.891655 0.2618083 0.5555704 0.8314696 0 0.5361927 0.8024675 0.261808 0 -0.9651198 0.2618087 0 -1 -2.45785e-7 -0.5555683 0.831471 1.5112e-7 -0.5361905 0.8024687 0.2618086 0.382683 0.9238798 0 0.3693356 0.8916544 0.2618082 0.1882853 -0.9465755 0.261808 0.1950905 -0.9807853 -1.19308e-7 -0.7071052 0.7071084 4.19153e-7 -0.6824422 0.6824434 0.2618086 0.1950907 0.9807853 -1.19305e-7 0.1882864 0.9465753 0.261808 0.3693349 -0.8916547 0.2618084 0.3826828 -0.9238798 0 -0.8314693 0.5555709 0 -0.8024676 0.5361922 0.2618085 2.66904e-7 1 -2.45784e-7 0.5361919 -0.8024678 0.2618084 0.5555703 -0.8314696 0 -0.8916537 0.3693368 0.2618092 0.682443 -0.6824429 0.2618079 0.7071061 -0.7071075 -3.28467e-7 -0.9465753 0.1882861 0.2618086 -0.9807851 0.1950911 0 0.8024681 -0.5361918 0.2618083 0.8314691 -0.5555711 0 -0.9651198 7.81538e-7 0.2618086 -1 1.05093e-6 0 0.8916546 -0.3693352 0.2618085 0.9238798 -0.382683 0 -0.9465757 -0.1882842 0.2618084 -0.9807856 -0.1950892 0 0.9465756 -0.1882851 0.2618081 0.9807854 -0.1950901 0 -0.8916552 -0.3693342 0.2618079 0.9651201 -1.45628e-7 0.2618077 -1.22557e-6 0 -1 0 0 -1 9.72035e-7 0 -1 -0.1691761 0.8505066 0.4980143 0.6131809 0.6131809 0.4980145 -0.1691771 -0.8505063 0.4980143 -0.3318493 0.8011603 0.4980143 0.4817733 0.7210243 0.4980146 -1.26515e-7 -0.8671681 0.4980157 -0.4817703 0.7210261 0.4980148 0.331851 0.8011594 0.4980148 0.1691758 -0.8505063 0.4980148 -0.6131803 0.6131814 0.4980145 0.1691768 0.8505063 0.4980143 0.3318508 -0.8011594 0.498015 -0.7210237 0.4817739 0.498015 1.52309e-7 0.8671683 0.4980154 0.4817726 -0.7210246 0.4980149 -0.8011582 0.3318526 0.4980157 0.6131809 -0.6131809 0.4980145 -0.8505063 0.1691762 0.4980146 0.7210243 -0.481773 0.4980149 -0.8671684 6.5714e-7 0.4980152 0.8011587 -0.3318515 0.4980154 -0.8505069 -0.1691752 0.4980139 0.8505063 -0.1691758 0.4980148 -0.8011603 -0.3318504 0.4980137 0.8671689 0 0.4980144 -0.7210248 -0.4817724 0.4980146 0.8505069 0.1691756 0.4980139 -0.613182 -0.6131797 0.4980148 0.8011594 0.3318511 0.4980147 0.721024 0.4817734 0.4980149 0.5531827 -0.7008933 -0.4502639 0.5522748 -0.7019718 -0.4496979 0.7302981 -0.5791878 -0.3622241 0.8314346 -0.4760059 -0.2865923 0.8238253 0.4112067 0.3901549 0.673451 0.544017 0.500509 0.1648197 0.7304161 0.6628174 -0.3830777 0.684052 0.6207451 -0.8238249 0.411207 0.3901555 -0.831438 -0.4762002 -0.2862591 -0.7302549 -0.5792297 -0.362244 -0.5531839 -0.700894 -0.4502615 -0.5572338 -0.6994735 -0.4474679 0.5536779 0.02702379 -0.8322923 0.5535724 0.02702623 -0.8323625 0.5536267 0.02702558 -0.8323264 -0.7091062 -0.02412849 0.7046887 -0.7064819 -0.0241909 0.7073176 -0.8313037 -0.02043652 0.5554427 -0.8315092 0.01178282 -0.5553862 -0.8315091 0.0117827 -0.5553862 -0.8315092 0.01178312 -0.555386 -0.5536681 -0.02702039 0.832299 0.7032388 0.02427428 -0.7105392 0.7180811 0.02391701 -0.6955484 0.8313005 0.02044051 -0.5554473 0.5540068 -0.02125406 0.8322409 0.5538083 -0.02126055 0.8323729 0.7060098 -0.0168671 0.7080012 -0.7027754 0.01697301 -0.7112094 -0.5538122 0.02126163 -0.8323702 -0.5538125 0.02126127 -0.83237 0.8315096 -0.01178264 0.5553855 0.8315101 -0.01178163 0.5553848 0.8315126 -0.01178503 0.5553808 0.02648091 -0.2690899 0.962751 0.02651083 -0.2690867 0.962751 -0.02650874 -0.2690817 0.9627526 -0.02649539 -0.2690899 0.9627506 0.1946071 -0.9783575 0.07031917 0.2535917 -0.9647614 0.07019013 0.09777748 -0.9927447 0.06998217 0.0368728 -0.9968463 0.07027077 0.09777551 -0.9927449 0.06998199 -0.289574 -0.9545938 0.06998211 -0.3817368 -0.9215923 0.07031893 -0.2535315 -0.9647773 0.07019037 0.2547373 -0.96446 0.07018524 0.2895728 -0.9545943 0.06998205 -0.09762716 -0.9927594 0.06998342 -0.0977751 -0.992745 0.06998211 -0.1946082 -0.9783572 0.07031893 -0.09777957 -0.9927445 0.06998258 -0.09773743 -0.9927487 0.06998211 0.8314366 0.4762012 -0.2862614 0.831248 0.4770563 -0.2853842 -0.5522657 0.7019776 -0.4497001 -0.7297644 0.5811033 -0.3602263 -0.8314318 0.4760076 -0.2865972 -0.8314363 0.4762009 -0.2862626 -0.8312503 0.4770534 -0.2853825 -0.8238184 -0.4112331 0.3901417 -0.6734287 -0.5440414 0.5005126 -0.5462183 -0.6203097 0.5629046 0.6734288 -0.544041 0.5005128 0.545564 -0.6236361 0.5598553 0.5462179 -0.6203089 0.5629059 0.8238189 -0.4112313 0.3901425 0.8314322 0.476008 -0.2865955 0.7297601 0.5811069 -0.3602292 0.7956 0.547749 -0.2588275 -0.553673 -0.02702653 -0.8322955 -0.5528212 -0.02704477 -0.8328609 -0.5532634 -0.02703535 -0.8325675 0.7091047 0.02413171 0.7046903 0.7064754 0.02419376 0.7073239 0.8313006 0.02043855 0.5554475 0.8315083 -0.01178354 -0.5553874 0.8315087 -0.01178306 -0.5553868 0.8315089 -0.01178437 -0.5553865 0.5536692 0.02702391 0.8322982 -0.7032387 -0.02427297 -0.7105394 -0.7180787 -0.02391511 -0.695551 -0.8312998 -0.02044004 -0.5554484 -0.5534874 0.02126717 0.8325861 -0.5538067 0.021263 0.8323737 -0.7060063 0.01686608 0.7080047 0.7027755 -0.01697474 -0.7112091 0.5538111 -0.02126067 -0.8323709 0.5538105 -0.02125954 -0.8323714 -0.83151 0.01178395 0.5553849 -0.8315103 0.01178252 0.5553845 -0.8315106 0.01178586 0.5553841 0.02650707 0.2690786 0.9627535 0.02650934 0.2690891 0.9627504 -0.02648866 0.2690901 0.9627507 -0.02651423 0.2690892 0.9627503 -0.09777837 0.9927447 0.06998205 -0.03680366 0.9968488 0.07027161 -0.1946065 0.9783576 0.07031923 -0.09777647 0.9927449 0.06998193 -0.03652757 0.9968588 0.0702722 0.2895734 0.954594 0.06998199 0.2547188 0.9644649 0.07018512 -0.2895708 0.9545949 0.06998199 0.09777742 0.9927448 0.06998199 0.09782254 0.9927403 0.06998234 8.32936e-7 0.9975246 0.07031917 0.09782493 0.9927402 0.06998187 0.5915461 0.08580011 -0.801693 0.5835718 -0.02526044 -0.8116686 0.5835722 -0.02526044 -0.8116683 0.9384286 -0.1490772 0.3116533 0.9496359 -0.04145801 0.3106013 6.79252e-4 -2.45908e-4 0.9999998 6.79739e-4 -2.45906e-4 0.9999998 -0.9491997 0.04130512 0.3119517 -0.9492008 0.04130506 0.3119482 -0.5846866 0.02566021 -0.8108534 -0.5846879 0.02565968 -0.8108525 -0.5817009 0.0645498 -0.8108376 -0.5817006 0.06454986 -0.8108378 -0.9443315 0.1045168 0.3119525 -0.9443321 0.1045189 0.3119501 -0.9443313 0.1045149 0.3119539 7.08912e-4 -2.48182e-4 0.9999998 7.08701e-4 -2.4816e-4 0.9999998 0.9447612 -0.1046679 0.3105978 0.5805649 -0.06414937 -0.8116829 0.580566 -0.06414926 -0.8116824 0.2859395 0.9426188 -0.1723616 0.2859381 0.942619 -0.1723626 -0.3482758 0.6515773 -0.6739073 -0.4643421 0.8687222 -0.1723613 -0.2859365 0.9426195 -0.1723625 -0.2859383 0.942619 -0.1723625 -0.3769 0.9099222 -0.1731704 -0.1997551 0.4822539 -0.8529533 -0.152056 0.5012657 -0.8518283 -0.1520565 0.5012665 -0.851828 0.199756 0.4822521 -0.8529541 0.1520578 0.5012632 -0.8518295 0.1520569 0.5012657 -0.8518282 0.5828469 0.03817987 -0.8116845 0.5828469 0.03817981 -0.8116846 0.9485733 0.06124454 0.3105766 0.9485734 0.06124407 0.3105763 0.9485731 0.06124508 0.310577 7.48357e-4 -4.98141e-4 0.9999997 7.48897e-4 -4.98154e-4 0.9999997 -0.9480949 -0.06155365 0.3119736 -0.948095 -0.06155443 0.3119726 -0.584077 -0.03737264 -0.8108376 -0.5840777 -0.03737241 -0.810837 0.7250053 -0.1626378 0.6692655 -0.9833428 0.1113746 -0.1436405 -0.989706 0.04601645 -0.1355163 0.8890694 -0.01913607 -0.4573724 0.8887363 -0.0188893 -0.4580298 0.8813412 -0.01834911 -0.472124 0.8816847 -0.01856017 -0.4714741 -0.2266846 0.1506127 -0.9622526 -0.2213168 0.06411528 -0.9730921 -0.1947513 0.1504266 -0.9692491 -0.2124582 0.1506137 -0.9654932 -0.5687785 -0.1869514 -0.800962 -0.5802693 -0.07619118 -0.810853 -0.580269 -0.0761913 -0.8108532 -0.9495866 -0.01672154 0.3130587 -0.9418939 -0.1246472 0.3119279 7.77954e-4 -4.94776e-4 0.9999996 0.9423655 0.1243385 0.3106239 0.5790192 0.07699614 -0.8116701 -0.6479998 -0.4218384 0.6341519 -0.6860343 -0.2730113 0.6744048 -0.6859818 -0.2730122 0.6744579 -0.6853528 -0.2728329 0.6751696 -0.6854104 -0.2727717 0.6751356 -0.8737046 -0.1355465 -0.4671911 -0.8739168 -0.1357028 -0.4667487 -0.8769873 -0.1362026 -0.4608058 -0.8768276 -0.1359289 -0.4611907 0.448127 0.08595484 0.8898281 0.4169207 -0.04383498 0.9078853 0.1708017 0.1034911 -0.9798554 0.1903333 0.1947711 -0.9622046 0.7213102 0.1773911 0.6695104 0.721318 0.1773848 0.6695036 -0.9781044 -0.1304916 -0.1621232 -0.9865565 -0.05581939 -0.153592 -0.9819921 -0.1300469 -0.1370382 -0.9494324 -0.3007077 -0.09029519 -0.4082713 0.07774215 0.9095444 -0.4086644 0.07764631 0.9093759 -0.4146887 0.0772767 0.9066761 -0.4224621 0.04435127 0.9052948 -0.2096921 -0.07593232 -0.9748146 -0.2282842 -0.1638134 -0.9597144 0.4531372 0.4345316 0.7783631 0.3296778 0.3540087 0.8752088 0.1636111 -0.2613745 -0.9512702 0.9692953 0.2054781 -0.1350753 0.9694021 0.2032914 -0.1375942 0.962534 0.1939009 -0.1895549 0.9628446 0.1951868 -0.1866347 0.2859409 -0.9426184 -0.1723613 -0.2859424 -0.942618 -0.1723614 -0.2859429 -0.9426177 -0.1723616 -0.3769027 -0.9099207 -0.1731724 -0.4119197 -0.8946385 -0.1730442 -0.4643434 -0.8687216 -0.1723607 -0.1997555 -0.4822524 -0.8529539 -0.1520571 -0.5012649 -0.8518288 -0.1520568 -0.5012647 -0.8518289 -0.4544972 -0.6802019 -0.5751154 -0.3473047 -0.6497581 -0.6761612 0.1520578 -0.5012652 -0.8518284 0.1520592 -0.5012654 -0.851828 0.9749283 0 0.2225196 0.9749279 0 0.2225215 -0.9749274 -1.09856e-6 0.2225232 -0.9749277 0 0.222522 -0.4337441 0.0255379 0.9006741 -0.7518934 -0.03826975 0.6581732 -0.9694849 9.37696e-6 0.2451512 -0.9694843 -3.87843e-6 0.2451535 -0.4189054 -0.2601054 0.869979 -0.433389 0.04736191 0.8999617 0.873062 0.3218277 0.3663194 0.4158623 0.2852182 0.8635446 -0.02901607 0.1798828 0.9832601 0.8490588 -0.5190564 -0.09838587 0.8515824 -0.5185765 -0.07671886 0.8191891 -0.4605531 0.3417897 0.8781167 -0.01720005 -0.4781376 0.99103 0.04017066 -0.1274594 0.3490808 -0.08921319 -0.9328364 0.07702004 -0.1149365 -0.9903825 0.06710743 -0.1314569 -0.989048 0.4316906 -0.3364198 -0.8369379 0.3718794 -0.3041971 -0.8770232 -0.3922036 -0.4277139 0.8143937 -0.02851003 -0.2724848 0.9617377 0.9532072 0.2099107 0.217563 0.8548577 0.3562775 0.3772062 0.4338348 -0.009050786 0.900947 -0.8255519 -0.5274974 0.2005259 -0.8270263 -0.5260553 0.1982257 -0.1869792 -0.03486591 -0.981745 -0.1901882 1.66786e-7 -0.9817477 -0.1901882 1.28631e-7 -0.9817477 -0.1865339 -0.03710389 -0.9817476 -0.1901884 2.64864e-7 -0.9817476 -0.1901879 0 -0.9817478 -0.1869783 0.03486651 -0.9817451 -0.1865339 0.03710389 -0.9817477 -0.1860498 0.03953647 -0.9817445 -0.1757109 0.07278215 -0.9817477 -0.1766397 0.07054346 -0.9817445 -0.1828472 0.05546575 -0.9815755 -0.1757112 0.07278198 -0.9817476 -0.1828476 0.0554642 -0.9815756 -0.1696767 0.08728408 -0.9816269 -0.1685083 0.09007477 -0.9815761 -0.1685124 -0.09007102 -0.9815757 -0.1726883 -0.07993698 -0.9817276 -0.1828478 -0.05546712 -0.9815754 -0.1828472 -0.05546629 -0.9815755 -0.186534 -0.03710383 -0.9817477 -0.1757115 -0.07278156 -0.9817476 -0.1828477 -0.05546599 -0.9815754 -0.7138439 0.6660064 0.2164772 -0.8175758 0.5669026 0.1009527 0.994005 0 -0.109335 0.994005 0 -0.1093348 0.9621913 0.1808932 -0.2036312 0.9940049 0 -0.1093359 0.9940047 0 -0.1093374 0.6717162 0.7392862 0.04746925 0.8174034 0.5670235 0.1016661 -3.25111e-6 0.2659794 -0.9639788 -2.37048e-6 0.2659786 -0.963979 1.54603e-6 0.2659771 0.9639794 -5.94763e-7 0.2659772 0.9639794 4.74885e-6 -0.9988783 0.04735469 3.84938e-7 -0.9988787 0.04734432 -1.99887e-6 -0.9988794 0.04732722 0 0.9997003 -0.02448141 -1.80529e-6 0.9988781 -0.04735702 0.3894466 0.9195225 -0.05300807 -0.9940046 3.78115e-7 0.1093382 -0.9940047 1.77417e-7 0.1093375 -0.9940049 1.42718e-7 0.1093361 -0.9940047 -2.08438e-7 0.1093378 -0.9451913 0.3264645 -0.005867183 -0.8213576 0.5694251 -0.03356885 -0.8162115 0.5773246 -0.02225291 0.0241031 0.1738198 0.9844825 0.005800127 0.1014623 0.9948226 0.03355592 0.1740137 0.9841715 0.9844369 -0.1755854 0.007331788 0.9388447 -0.3405112 0.05121511 0.9446205 -0.3258738 0.03870826 0.114347 0.2306842 -0.9662865 0.1541792 0.2309678 -0.9606678 -0.19446 0.7735968 -0.6031032 0.7525508 -0.2631171 -0.6036859 0.9765628 0.05211418 -0.2088284 0.9498536 -0.1698868 -0.26252 0.8171638 0.2867696 -0.5000067 0.8784315 0.4328995 -0.2023766 0.966779 0.2059713 -0.1513748 0.3398746 0.5092793 0.7906453 0.1607369 -0.2303582 -0.959739 0.3921867 -0.08508461 -0.9159423 0.5076046 0.8392854 0.1947757 0.5263778 0.5557082 0.6435176 0.5240373 0.5604965 0.6412712 -0.165706 -0.788517 0.5922691 -0.6213641 0.7834313 0.011922 -0.9499148 0.0154252 0.3121284 0.736248 -0.6763586 0.02186125 0.9742412 -0.0328527 -0.2231026 -0.3626216 0.9260333 -0.1047292 -0.1964679 0.9628584 -0.1852141 -0.2033085 0.9596841 -0.1940932 -0.2469601 0.8435376 -0.4769224 -0.1773436 -0.8110532 0.5574423 -0.9493573 -0.03718471 0.3119907 -0.9902807 -0.138349 0.01427197 -0.7238433 0.2013517 0.6599306 -0.8811035 -0.366832 -0.2984808 -0.4813086 -0.6577689 -0.5793808 -0.4833902 -0.6253533 -0.6125906 -0.784581 -0.5506649 -0.2849581 -0.5824162 -0.6565328 -0.4793288 -0.9146462 -0.04854816 0.4013296 -0.9442108 0.07535845 0.3206046 -0.9857564 -0.1437147 -0.08735293 -0.8673249 0.03519034 0.496497 0.5488428 0.8343893 -0.05065697 0.5473217 0.8369106 0.004440367 0.5477797 0.8350552 -0.05118972 0.5510673 0.8163613 0.1728555 0.5513306 0.8311206 0.07261866 0.5448209 0.7902397 0.2805203 0.5518413 0.7859238 0.2789176 0.7140503 0.6656718 0.2168254 -0.5509809 0.8309327 0.07727235 -0.6715787 0.7394146 0.04741567 0.5503194 0.831719 -0.07343059 0.5513731 0.8285347 -0.09756016 -0.5513004 0.816164 0.1730443 -0.5448187 0.7902363 0.280534 -0.5905497 -0.7325122 0.3386399 -1.50098e-7 -0.2225196 0.9749282 0 0.3829692 0.9237613 -0.5927721 0.7940769 0.1343997 -0.593988 0.7886129 -0.1589594 -1.76501e-5 0.3840116 -0.9233283 -6.48989e-6 0.6234877 -0.7818332 5.45844e-7 -0.2225219 -0.9749277 0 -0.7340005 -0.679149 -0.5972256 -0.8014328 0.0320484 -7.25466e-4 -0.9998115 -0.019405 0.0316534 -0.5314459 0.8465007 0.03458356 0.3787322 0.92486 -0.5890846 0.8003624 0.1113529 -0.03462618 0.3760958 -0.9259337 0.2039735 0.2214504 0.9536009 -0.6022952 0.776714 -0.184271 -0.03220146 -0.5073848 -0.8611177 -0.5366815 0.1342978 0.8330289 -0.5775766 0.06469726 0.8137689 -0.06784266 0.1318818 0.9889411 -0.4317417 0.3364253 0.8369092 0.4313501 0.1370967 0.8917071 0.4317625 0.1325922 0.8921887 0.654024 0.1276028 0.7456341 0.3107526 -0.09954744 0.9452636 0.3776423 0.01881116 0.9257604 0.3759316 0.01440328 0.9265355 -0.8279892 0.5591014 -0.0428878 -0.8279917 0.5590977 -0.04288923 -0.8279917 0.5590981 -0.04288536 -0.8279903 0.5591001 -0.04288542 -0.8280627 -0.5594933 0.03577297 -0.827901 -0.5597121 0.03608679 0 1 0 0.3144734 0.9492663 0 -0.03022342 0.9995432 0 0.6236271 0.7817221 0 0.6427885 0.7660437 0 0.8571583 0.5150532 0 0.8660255 0.5 0 0.9833709 0.181609 0 0.9848076 0.1736498 0 0.9844071 -0.1759055 0 0.8660256 -0.4999998 -2.47201e-7 0.8571605 -0.5150495 0 0.9396944 -0.3420153 0 0.6427884 -0.766044 0 0.6236258 -0.7817232 0 0.3420207 -0.9396925 0 0.314473 -0.9492665 0 0 -1 0 -0.03022307 -0.9995433 0 -0.3420203 -0.9396926 0 -0.3679776 -0.9298347 0 -0.6427873 -0.7660448 0 -0.6593998 -0.7517925 0 -0.8660245 -0.5000016 0 -0.8724971 -0.4886193 0 -0.9848077 -0.1736491 0 -0.986262 -0.1651887 0 -0.9396908 -0.3420252 0 -0.984808 0.1736466 0 -0.9852284 0.1712455 0 -0.872501 0.4886124 0 -0.8660258 0.4999993 0 -0.6593999 0.7517924 0 -0.6427869 0.766045 0 -0.3679781 0.9298344 0 -0.3420204 0.9396926 0 -0.2690861 -0.02650344 0.9627514 -0.2690899 -0.02650344 0.9627504 -0.2690871 0.02650117 0.9627512 -0.2690886 0.0265035 0.9627507 0.7647072 0.6309238 -0.1309899 0.5202717 0.1550475 -0.8398081 0.7971679 0.5802909 0.1666913 0.5710228 -0.1490465 0.8072906 -0.5710258 -0.1490437 0.807289 0 -0.1815566 0.9833805 -0.7647075 0.6309236 -0.1309882 -0.7971683 0.58029 0.1666927 -0.4338927 0.1635752 -0.8859912 0.9922065 -0.02262258 -0.1225339 0.8517424 -0.09512776 -0.5152531 0.7647022 -0.6309305 -0.130986 0.7971693 -0.5802881 0.1666945 0.5710384 0.1490437 0.8072801 0 0.181557 0.9833805 -0.5710408 0.1490432 0.8072786 -0.7971674 -0.5802913 0.166692 -0.7647026 -0.63093 -0.1309864 -0.433896 -0.163574 -0.8859897 0.5503998 0.8238263 0.1355376 -0.5503979 0.8238273 0.1355394 -0.5503995 -0.8238261 0.1355399 0 0 1 8.53599e-7 0 1 0 0 1 6.63296e-7 0 1 1.36576e-5 0 1 -3.58693e-7 0 1 6.82879e-6 0 1 0 0 1 -3.51439e-7 0 1 -6.82877e-6 0 1 -0.9984555 0 0.05555868 0 0.1025033 -0.9947327 -0.5133078 -0.8545832 0.0787574 -0.5133079 -0.8545835 0.07875466 -0.513296 -0.8545909 0.07875037 -0.5133142 -0.8545794 0.078758 -0.7430513 0.1070657 0.6606147 -0.00372833 -0.8690472 0.4947152 -0.003734648 -0.8690155 0.4947707 -0.003745317 -0.8690485 0.4947127 -0.003746688 -0.8690477 0.4947143 -0.2318667 0.1598162 -0.9595295 0.7269519 -0.06836843 0.6832764 -0.987753 -0.019405 -0.1548143 0.8741894 0.1079995 -0.4734228 -0.2092112 0.9768489 -0.04468864 0.05957072 -0.7812756 0.621337 0.6135163 -0.3920341 -0.6854977 0.9370396 0.1553484 0.3127682 -0.06220734 0.9463369 0.3171386 -0.9521138 0.2510507 0.1745079 0.6031298 -0.7924745 -0.09065794 0.8865038 0.0995801 -0.4518792 0.08107626 0.9436711 -0.3207986 0.2807238 -0.9584758 0.05018216 0.6916827 -0.1466016 -0.7071655 -0.6376044 -0.05735659 0.7682259 0.194934 0.2034001 -0.9594943 -0.8778124 -0.02700495 -0.478243 0.4279492 0.00623244 0.9037814 -0.5368504 0.4934273 -0.68434 -0.9493491 0.009836673 0.3140694 -0.1030173 -0.9429954 0.3164603 0.8941235 -0.4130821 0.1729344 -0.45612 0.8854296 -0.08926814 -0.7255564 0.2551214 -0.6391252 -0.3127158 -0.8290425 -0.4635703 0.6388996 -0.0551545 0.7673105 0.7103583 0.3150891 0.6293727 0.05321353 0.7776558 0.6264343 0.9316859 0.2084936 -0.2974759 0.1269554 -0.3038318 -0.9442291 0.1492595 -0.3822239 0.9119356 0.07816028 0.7791854 0.6219012 0.5530002 0.8231021 0.129204 0.8307946 -0.03527569 -0.5554601 -0.552727 0.05520778 0.8315317 0.5527251 0.0552079 0.831533 -0.8307954 -0.0352773 -0.5554589 -0.553001 0.8231016 0.1292042 -0.82651 -0.5107973 0.2365747 -0.5530017 -0.8231009 0.1292055 -0.8307952 0.03527557 -0.5554593 0.5527282 -0.05520886 0.8315308 -0.5527302 -0.05520689 0.8315298 0.8307968 0.03527921 -0.5554567 0.5530019 -0.8231008 0.1292058 0 0 -1 -3.97511e-6 0 -1 3.11086e-7 0 -1 3.97512e-6 0 -1 1.32504e-7 0 -1 -0.1581359 0.1056631 -0.9817477 -0.1921412 0.965968 -0.1731695 -0.1018334 0.5119572 -0.8529536 0.1018338 -0.5119566 -0.8529539 0.1001607 0.2418107 0.9651401 0.1850748 0.1850737 0.96514 0.2617349 0 0.9651399 0.0510618 -0.2567051 0.9651401 -0.2176252 -0.1454114 0.9651399 -0.2617349 2.81916e-7 0.9651399 -0.217624 0.1454119 0.9651401 -0.1454126 0.2176241 0.9651399 -0.05106419 0.2567049 0.9651399 -5.93616e-6 0 1 3.67732e-6 0 1 -1.2758e-6 0 1 4.28872e-6 0 1 -5.9362e-6 0 1 -1.97876e-7 0 1 -4.1306e-7 0 1 -4.74899e-5 0 1 0 0 1 4.74897e-5 0 1 0.9238801 -0.3826821 0 -0.9569407 -0.2902837 0 0.956941 0.2902827 0 0.9569396 -0.2902874 0 0.2902858 0.95694 0 -0.2902857 -0.9569401 0 -0.9238805 -0.382681 0 -0.3826832 0.9238797 0 0.2902854 -0.9569401 0 0.3826832 0.9238797 0 -0.2902824 0.956941 0 -0.9238796 0.3826835 0 0.9238802 0.3826817 0 -2.53325e-6 0 -1 -1.65096e-5 0 -1 -6.91963e-7 0 -1 9.77402e-7 0 -1 9.12332e-6 0 -1 -2.80018e-6 0 -1 -2.26559e-5 0 -1 -3.30194e-5 0 -1 -1.06099e-5 0 -1 1.98292e-6 0 -1 -1.75461e-6 0 -1 -1.65097e-5 0 -1 7.38133e-6 0 -1 5.17258e-6 0 -1 -2.06342e-6 0 -1 -8.25474e-6 0 -1 7.14904e-6 0 1 2.10731e-5 0 1 7.15504e-6 0 1 -2.19303e-5 0 1 -2.10731e-5 0 1 -2.89558e-7 0 1 -1.47555e-5 0 1 1.84363e-5 0 1 -1.99813e-5 0 1 -9.03381e-6 0 1 8.24553e-6 0 1 -5.22778e-5 0 1 6.27786e-6 0 1 -2.74399e-6 0 1 -8.80183e-5 0 1 2.6452e-4 0 1 5.23075e-5 0 1 -2.36685e-5 0 1 -3.88943e-6 0 1 5.07516e-5 0 1 1.63552e-5 0 1 -1.42546e-5 0 1 -2.61538e-5 0 1 -7.20274e-5 0 1 -1.3226e-4 0 1 -2.61538e-5 0 1 -4.44974e-7 0 -1 -1.54651e-6 0 -1 0 0 -1 -4.26617e-7 0 -1 -1.2372e-5 0 -1 -8.53238e-7 0 -1 -3.7904e-5 0 -1 -1.26346e-6 0 -1 -1.48315e-6 0 -1 1.04729e-5 0 -1 0 0 -1 -2.41121e-5 0 -1 1.89519e-5 0 -1 -9.47593e-6 0 -1 -6.31728e-7 0 -1 -9.47589e-6 0 -1 -0.6734499 0.5440164 0.5005112 -0.8314346 -0.4760056 -0.2865923 -0.5629601 -0.6965446 -0.4448614 -0.8313027 -0.0204392 0.5554441 -0.8313024 -0.02043825 0.5554447 -0.7189263 0.01641595 -0.6948926 -0.5536671 -0.02702033 0.8322996 0.8313004 0.02043849 -0.5554475 0.8313006 0.0204392 -0.5554472 0.5541954 -0.02125078 0.8321154 0.7099477 -0.01673239 0.7040557 0.013525 -0.2691581 0.9630011 -0.01791214 -0.2691402 0.9629345 0.03946363 -0.2689734 0.9623389 0.001155972 -0.269183 0.9630884 0.02651053 -0.2690867 0.962751 0.02650338 -0.2690885 0.9627507 -0.02650296 -0.2690885 0.9627507 -0.02650821 -0.2690817 0.9627525 0.03662574 -0.9968553 0.07027202 4.73918e-7 -0.9975246 0.07031911 -0.2547197 -0.9644645 0.07018578 0 0.03123474 -0.9995121 0.9609695 0.2629104 0.08611631 0.8313034 0.02043688 0.5554432 0.8313028 0.02043765 0.555444 0.7189291 -0.01641762 -0.6948896 0.5536695 0.02702409 0.832298 -0.8313007 -0.0204392 -0.555447 -0.8313009 -0.0204395 -0.5554467 -0.5531859 0.0212723 0.8327862 -0.7099471 0.01673215 0.7040563 0.01544004 0.2691513 0.9629742 0.02650827 0.2690753 0.9627543 0.02650016 0.2690884 0.9627509 0.02650076 0.2690889 0.9627507 0.9244393 0.1026474 0.3672541 -0.01543998 0.2691513 0.9629742 -0.02650165 0.2690884 0.9627509 -0.02651834 0.2690898 0.9627501 -0.02650165 0.2690889 0.9627507 -0.2547369 0.9644601 0.07018512 -0.2535902 0.9647619 0.07019031 0.1946076 0.9783574 0.07031923 0.253532 0.9647772 0.07019042 0.0977745 0.992745 0.06998217 0.9496355 -0.04146212 0.3106017 0.9496356 -0.04145991 0.3106016 -0.9491998 0.04130339 0.3119518 -0.9492005 0.04130005 0.3119501 -0.5846889 0.02565938 -0.8108518 0.9447612 -0.1046674 0.310598 0.9447613 -0.1046676 0.3105978 0.2234642 0.7366299 -0.6383104 0.2859399 0.9426206 -0.1723506 0.2321171 0.76519 -0.6005048 -0.4120866 0.8945617 -0.1730435 -0.2359375 0.7777863 -0.5825649 -0.2310292 0.4689724 -0.8524613 -0.9480982 -0.06155705 0.3119625 -0.9480964 -0.06155556 0.3119685 -0.5840796 -0.03737211 -0.8108357 0.7333427 -0.07431221 0.6757856 0.7322192 0.0925014 0.6747583 0.7269225 -0.1624128 0.6672375 0.7286282 -0.1621831 0.6654306 -0.2289602 0.150744 -0.961693 -0.9418931 -0.1246477 0.3119302 -0.9418926 -0.1246485 0.3119314 7.79882e-4 -4.94367e-4 0.9999996 0.9423652 0.1243355 0.3106262 0.9423653 0.1243363 0.3106256 0.5790188 0.07699579 -0.8116705 0.4338885 -0.03927755 0.9001101 0.4099514 0.231976 0.8821151 0.1615431 0.1903251 -0.968339 0.1653146 -0.170428 -0.9714038 -0.9818285 -0.1302646 -0.1380001 -0.4103989 0.07729351 0.9086245 -0.4144734 0.07733541 0.9067696 -0.2204445 -0.1574993 -0.9625997 -0.2047649 -0.1549476 -0.9664692 0.4861573 0.3760681 0.7888118 0.4111477 0.36659 0.8346074 0.1122367 -0.2789351 -0.9537286 0.2131744 -0.2435209 -0.9461788 0.2316076 -0.7635042 -0.6028426 0.2859415 -0.9426172 -0.1723664 0.2239554 -0.7382745 -0.6362349 0.2859425 -0.9426177 -0.1723628 -0.2364652 -0.7795148 -0.5800355 -0.2304965 -0.469201 -0.8524798 0.961115 0.1677384 0.2193666 0.974928 -2.51081e-7 0.2225209 -0.9749274 2.25071e-7 0.2225232 0.5818673 -0.2791061 0.7638915 0.6270735 -0.3108335 0.7142559 -0.8245791 -0.5303065 0.1970902 -0.8298687 -0.5487785 0.1007987 -0.1860495 -0.03953605 -0.9817447 -0.1865337 0.03710407 -0.9817477 -0.1828472 0.055467 -0.9815755 -0.1828457 0.05546903 -0.9815756 -0.1757114 -0.0727812 -0.9817476 -0.174171 -0.07659626 -0.981732 -0.1828504 -0.05546581 -0.9815749 0.9940047 0 -0.1093376 0.9940047 8.17897e-7 -0.109337 0.9940051 -1.88468e-7 -0.1093341 0.9940051 5.37691e-7 -0.1093341 0.9940049 0 -0.109336 -2.3845e-6 0.2659782 -0.9639791 4.10324e-6 0.2659775 0.9639793 1.05299e-5 0.2659776 0.9639793 -4.3462e-6 0.265977 0.9639794 -3.22217e-6 -0.9988781 0.04735672 -7.55832e-6 -0.9988781 0.04735732 -1.71968e-7 -0.9988782 0.04735589 0 -0.9988782 0.04735589 2.83921e-4 -0.9988829 0.04725486 7.15132e-4 -0.9988901 0.04709893 1.77435e-6 -0.9988783 0.04735332 -0.05150949 -0.9653559 0.2558024 0 -0.9988781 0.04735499 0 -0.9988781 0.04735499 2.7358e-6 -0.9988791 0.04733443 2.73923e-6 -0.9988781 0.04735535 -1.15094e-5 0.998878 -0.04735946 -1.15873e-5 0.9988784 -0.0473507 -1.48399e-6 0.9988782 -0.04735356 -1.84105e-5 0.9988781 -0.04735583 2.9691e-5 0.9988778 -0.04736208 1.46055e-6 0.9988781 -0.04735475 1.02485e-5 0.9988782 -0.04735392 2.54592e-6 0.9988782 -0.04735535 -0.2684031 0.9247297 -0.2698795 -0.9940049 -2.39106e-7 0.1093359 -0.9940046 -4.86835e-7 0.1093392 -0.8093076 0.5869146 -0.02351039 0.9486433 -0.3131604 0.04479295 0.4426492 -0.04787755 -0.8954158 0.2556108 0.4588177 0.8509698 0.2928308 -0.7295944 0.6180148 -0.9112333 -0.0413798 0.409807 0.5501613 0.8318334 -0.07331997 0.5504095 0.8314908 -0.0753163 0.5513296 0.828557 -0.09761667 -0.5518358 0.7859264 0.2789214 -1.93869e-4 0.6236779 -0.7816815 4.97222e-6 0.3822278 -0.9240682 0 0.3108901 -0.9504459 3.3948e-6 -0.2225179 -0.9749287 2.25449e-6 -0.222513 -0.9749298 0.03646278 -0.2185904 0.9751352 -0.06711429 0.1314544 0.9890478 -0.8279907 0.5590995 -0.04288679 -0.8279857 0.5591065 -0.04289126 -0.8286788 0.5580258 -0.04357421 -0.8279904 0.5590996 -0.04288965 -0.8285026 0.5582562 -0.04397106 -0.8291816 0.557794 -0.03638386 -0.8266978 0.5623962 -0.01677411 -0.8268469 0.5621761 -0.01680159 -0.828309 0.5600724 -0.01493871 -0.8282157 0.5601941 -0.01553845 -0.8279133 0.5606419 -0.0154969 -0.8269692 0.5619818 -0.01727414 -0.8265878 0.5625558 -0.01684272 -0.8267305 0.5623371 -0.01714092 -0.8293105 -0.5576836 0.03511637 -0.829313 -0.5576803 0.03510993 -0.8284885 -0.5589019 0.035151 0.9848076 -0.1736491 -1.96919e-7 -0.2690868 -0.02650088 0.9627513 -0.2691785 -0.006126403 0.9630709 -0.2690888 -0.02650219 0.9627507 -0.2691796 -0.006073117 0.9630709 -0.2690892 -0.02650332 0.9627506 -0.2690892 -0.02650231 0.9627506 -0.2690919 -0.02649879 0.9627499 -0.2690885 0.02650296 0.9627507 -0.2690885 0.02650374 0.9627507 -0.2690939 0.02650451 0.9627493 -0.2690906 0.02650344 0.9627501 -0.2690888 0.02650403 0.9627506 -0.2690878 0.02650326 0.962751 -0.2690887 0.0265004 0.9627507 -0.2690885 0.02650356 0.9627507 -0.2690894 0.0265029 0.9627506 0.604959 0.1445631 -0.7830238 0.5503978 0.823828 0.1355352 0.5503999 0.8238257 0.1355402 -0.5196409 0.8430509 0.1387032 -0.4871156 0.8617522 0.1417803 -0.5503981 0.8238271 0.1355394 -0.5503982 -0.8238273 0.1355373 -0.7522616 -0.6501245 0.1069611 -0.6411826 -0.7572088 0.1245786 0.5504015 -0.8238248 0.1355395 0.5503991 -0.823827 0.1355363 0.5503971 -0.8238284 0.1355351</float_array>
          <technique_common>
            <accessor source="#Cylinder_002-mesh-normals-array" count="3895" stride="3">
              <param name="X" type="float"/>
              <param name="Y" type="float"/>
              <param name="Z" type="float"/>
            </accessor>
          </technique_common>
        </source>
        <source id="Cylinder_002-mesh-map-0">
          <float_array id="Cylinder_002-mesh-map-0-array" count="30588">0.2193994 0.8892285 0.2248805 0.8929015 0.2191759 0.8921427 0.2255275 0.8859977 0.2306252 0.8898388 0.2255813 0.8895682 0.2185283 0.8778139 0.2240819 0.8797728 0.2188763 0.8805575 0.2194219 0.8862908 0.2248616 0.8826856 0.2255275 0.8859977 0.2191759 0.8921427 0.2240738 0.8958337 0.218816 0.8950041 0.2194219 0.8862908 0.2255813 0.8895682 0.2193994 0.8892285 0.2184436 0.8977737 0.2240738 0.8958337 0.2235549 0.8985654 0.2192141 0.8833961 0.2240819 0.8797728 0.2248616 0.8826856 0.2295871 0.8792219 0.2362267 0.8767473 0.2361185 0.8795179 0.2248616 0.8826856 0.2295871 0.8792219 0.230072 0.8821788 0.2240738 0.8958337 0.2293608 0.8991445 0.2235549 0.8985654 0.2255813 0.8895682 0.2301326 0.8934529 0.2248805 0.8929015 0.2255275 0.8859977 0.230072 0.8821788 0.2305057 0.8857938 0.2240819 0.8797728 0.2293369 0.8765068 0.2295871 0.8792219 0.2248805 0.8929015 0.2296232 0.8964167 0.2240738 0.8958337 0.2362639 0.8989099 0.2402122 0.8959876 0.2404498 0.8988027 0.2301326 0.8934529 0.2361598 0.896138 0.2296232 0.8964167 0.2305057 0.8857938 0.2358892 0.8897224 0.2306252 0.8898388 0.230072 0.8821788 0.2361185 0.8795179 0.2359519 0.8824878 0.2296232 0.8964167 0.2362639 0.8989099 0.2293608 0.8991445 0.2306252 0.8898388 0.2359999 0.8931691 0.2301326 0.8934529 0.2305057 0.8857938 0.2359519 0.8824878 0.2358349 0.8859392 0.2402122 0.8959876 0.2544454 0.8924036 0.2547448 0.8954344 0.2359999 0.8931691 0.2393276 0.8896121 0.2397605 0.8929647 0.2359519 0.8824878 0.2392838 0.8860582 0.2358349 0.8859392 0.2362267 0.8767473 0.2401753 0.8796728 0.2361185 0.8795179 0.2361598 0.896138 0.2397605 0.8929647 0.2402122 0.8959876 0.2358349 0.8859392 0.2393276 0.8896121 0.2358892 0.8897224 0.2361185 0.8795179 0.2397206 0.8826995 0.2359519 0.8824878 0.2542042 0.886316 0.3205971 0.889325 0.2542064 0.8893572 0.2392838 0.8860582 0.2542064 0.8893572 0.2393276 0.8896121 0.2401753 0.8796728 0.2544412 0.8832656 0.2397206 0.8826995 0.2404498 0.8988027 0.2547448 0.8954344 0.2549023 0.8983973 0.2397605 0.8929647 0.2542064 0.8893572 0.2544454 0.8924036 0.2397206 0.8826995 0.2542042 0.886316 0.2392838 0.8860582 0.2404143 0.876855 0.2547401 0.880231 0.2401753 0.8796728 0.320656 0.8773233 0.3992111 0.8803743 0.3206429 0.8803237 0.2547401 0.880231 0.320617 0.883342 0.2544412 0.8832656 0.2549023 0.8983973 0.3206428 0.8953422 0.3206558 0.8983426 0.2544454 0.8924036 0.3205971 0.889325 0.320617 0.892324 0.2544412 0.8832656 0.3205969 0.8863412 0.2542042 0.886316 0.2548978 0.8772649 0.3206429 0.8803237 0.2547401 0.880231 0.2547448 0.8954344 0.320617 0.892324 0.3206428 0.8953422 0.7239434 0.97147 0.6274061 0.9746707 0.6273551 0.971471 0.3206428 0.8953422 0.3988071 0.8923128 0.3992109 0.895291 0.3205969 0.8863412 0.3984833 0.8893303 0.3205971 0.889325 0.3206429 0.8803237 0.3988072 0.8833525 0.320617 0.883342 0.3206558 0.8983426 0.3992109 0.895291 0.3993915 0.8982868 0.320617 0.892324 0.3984833 0.8893303 0.3988071 0.8923128 0.320617 0.883342 0.3984835 0.886335 0.3205969 0.8863412 0.6274061 0.9746707 0.5953428 0.9779151 0.5951086 0.9748156 0.7239428 0.9779345 0.6275762 0.9810214 0.6275011 0.9778513 0.723924 0.9875456 0.6276096 0.9841997 0.7239329 0.9843431 0.7239065 0.9940067 0.627428 0.9905426 0.7239155 0.9907657 0.7239434 0.9747129 0.6275011 0.9778513 0.6274061 0.9746707 0.7239329 0.9843431 0.6275762 0.9810214 0.7239429 0.981139 0.7239155 0.9907657 0.6275249 0.9873661 0.723924 0.9875456 0.5954284 0.9872684 0.567444 0.9841126 0.5956165 0.9841613 0.6276096 0.9841997 0.5955327 0.9810249 0.6275762 0.9810214 0.627428 0.9905426 0.5954284 0.9872684 0.6275249 0.9873661 0.6273551 0.971471 0.5951086 0.9748156 0.594981 0.9717164 0.6275011 0.9778513 0.5955327 0.9810249 0.5953428 0.9779151 0.6275249 0.9873661 0.5956165 0.9841613 0.6276096 0.9841997 0.62737 0.9937377 0.5951961 0.9903635 0.627428 0.9905426 0.5667322 0.9720926 0.544068 0.975413 0.5439328 0.9725592 0.5950624 0.9934585 0.5669916 0.9901213 0.5951961 0.9903635 0.5951086 0.9748156 0.5671419 0.9780637 0.5668814 0.9750662 0.5956165 0.9841613 0.567351 0.9810758 0.5955327 0.9810249 0.5951961 0.9903635 0.5672435 0.9871267 0.5954284 0.9872684 0.594981 0.9717164 0.5668814 0.9750662 0.5667322 0.9720926 0.5953428 0.9779151 0.567351 0.9810758 0.5671419 0.9780637 0.544068 0.975413 0.5304788 0.9784416 0.5302441 0.9756533 0.5671419 0.9780637 0.5444018 0.9811823 0.5442545 0.9782943 0.5672435 0.9871267 0.5444731 0.9840843 0.567444 0.9841126 0.5668414 0.9930932 0.5441892 0.9898471 0.5669916 0.9901213 0.5668814 0.9750662 0.5442545 0.9782943 0.544068 0.975413 0.567444 0.9841126 0.5444018 0.9811823 0.567351 0.9810758 0.5669916 0.9901213 0.5443624 0.9869719 0.5672435 0.9871267 0.5304788 0.9784416 0.5179094 0.9812999 0.517542 0.9784662 0.5444731 0.9840843 0.5306778 0.9812656 0.5444018 0.9811823 0.5441892 0.9898471 0.5306368 0.9869461 0.5443624 0.9869719 0.5439328 0.9725592 0.5302441 0.9756533 0.5300881 0.9728926 0.5442545 0.9782943 0.5306778 0.9812656 0.5304788 0.9784416 0.5443624 0.9869719 0.5307757 0.9841327 0.5444731 0.9840843 0.5440624 0.9926908 0.5304265 0.9897235 0.5441892 0.9898471 0.5173956 0.9897974 0.507021 0.9870342 0.5177721 0.9870957 0.5306368 0.9869461 0.518087 0.9842591 0.5307757 0.9841327 0.530293 0.9924637 0.5173956 0.9897974 0.5304265 0.9897235 0.5302441 0.9756533 0.517542 0.9784662 0.517119 0.9757561 0.5307757 0.9841327 0.5179094 0.9812999 0.5306778 0.9812656 0.5304265 0.9897235 0.5177721 0.9870957 0.5306368 0.9869461 0.5300881 0.9728926 0.517119 0.9757561 0.5169003 0.9731063 0.5063619 0.9760059 0.4843291 0.9790101 0.4843742 0.976286 0.5169003 0.9731063 0.5063619 0.9760059 0.5061357 0.9733572 0.517542 0.9784662 0.5071527 0.9814583 0.5067757 0.9787055 0.5177721 0.9870957 0.5072968 0.9842694 0.518087 0.9842591 0.5172099 0.9924395 0.5066509 0.9897382 0.5173956 0.9897974 0.517119 0.9757561 0.5067757 0.9787055 0.5063619 0.9760059 0.5179094 0.9812999 0.5072968 0.9842694 0.5071527 0.9814583 0.4647325 0.9902005 0.4844713 0.9872768 0.4846287 0.9900023 0.5072968 0.9842694 0.4841921 0.9817624 0.5071527 0.9814583 0.5066509 0.9897382 0.4844713 0.9872768 0.507021 0.9870342 0.5061357 0.9733572 0.4843742 0.976286 0.4843249 0.9736108 0.5067757 0.9787055 0.4841921 0.9817624 0.4843291 0.9790101 0.507021 0.9870342 0.4842551 0.9845219 0.5072968 0.9842694 0.5064655 0.9923812 0.4846287 0.9900023 0.5066509 0.9897382 0.5550468 0.7166749 0.5608098 0.7283259 0.5550685 0.7280308 0.5625584 0.7062223 0.5687255 0.7172248 0.5617567 0.7161723 0.5805135 0.7217422 0.5828039 0.7331673 0.5775366 0.7317086 0.5665192 0.7290522 0.5750248 0.7194202 0.5720958 0.7302545 0.5490892 0.7175 0.5550685 0.7280308 0.5493799 0.7280228 0.5617567 0.7161723 0.5665192 0.7290522 0.5608098 0.7283259 0.5438497 0.7280673 0.5490892 0.7175 0.5493799 0.7280228 0.5720958 0.7302545 0.5805135 0.7217422 0.5775366 0.7317086 0.5830897 0.7111017 0.5897345 0.6987396 0.5883486 0.7123287 0.5750248 0.7194202 0.5830897 0.7111017 0.5805135 0.7217422 0.5439647 0.7062571 0.5490892 0.7175 0.5435922 0.7178175 0.5553411 0.7062346 0.5617567 0.7161723 0.5550468 0.7166749 0.5687255 0.7172248 0.5774233 0.7093524 0.5750248 0.7194202 0.5805135 0.7217422 0.5883486 0.7123287 0.5856827 0.7234688 0.549391 0.7064563 0.5550468 0.7166749 0.5490892 0.7175 0.5462475 0.6927577 0.5530352 0.6857794 0.5516639 0.6936966 0.5516639 0.6936966 0.5553411 0.7062346 0.549391 0.7064563 0.5641844 0.6959301 0.5704546 0.7075328 0.5625584 0.7062223 0.5774233 0.7093524 0.5842671 0.6982076 0.5830897 0.7111017 0.5462475 0.6927577 0.549391 0.7064563 0.5439647 0.7062571 0.5574499 0.6947973 0.5625584 0.7062223 0.5553411 0.7062346 0.5704546 0.7075328 0.5783945 0.6977382 0.5774233 0.7093524 0.5530352 0.6857794 0.5638665 0.6587902 0.5588501 0.68747 0.5574499 0.6947973 0.5653159 0.6892118 0.5641844 0.6959301 0.5722792 0.6902457 0.5783945 0.6977382 0.5715921 0.6970448 0.5850504 0.6902032 0.5897345 0.6987396 0.5842671 0.6982076 0.5516639 0.6936966 0.5588501 0.68747 0.5574499 0.6947973 0.5653159 0.6892118 0.5715921 0.6970448 0.5641844 0.6959301 0.578988 0.690286 0.5842671 0.6982076 0.5783945 0.6977382 0.587565 0.5297306 0.5757544 0.660888 0.5697841 0.6600721 0.5697841 0.6600721 0.5722792 0.6902457 0.5653159 0.6892118 0.5818066 0.661237 0.5850504 0.6902032 0.578988 0.690286 0.5475705 0.6845641 0.5579954 0.6573939 0.5530352 0.6857794 0.5588501 0.68747 0.5697841 0.6600721 0.5653159 0.6892118 0.5757544 0.660888 0.578988 0.690286 0.5722792 0.6902457 0.5878443 0.6614603 0.5906461 0.6904884 0.5850504 0.6902032 0.6261197 0.3777633 0.6111448 0.5328179 0.6052502 0.5320428 0.5993171 0.5312879 0.5878443 0.6614603 0.5818066 0.661237 0.5522202 0.6562944 0.5757629 0.5280349 0.5579954 0.6573939 0.5638665 0.6587902 0.587565 0.5297306 0.5697841 0.6600721 0.5934232 0.530527 0.5818066 0.661237 0.5757544 0.660888 0.6052502 0.5320428 0.5937101 0.6619427 0.5878443 0.6614603 0.5579954 0.6573939 0.581682 0.5288909 0.5638665 0.6587902 0.8705984 0.363673 0.8740131 0.2683097 0.8738022 0.3636815 0.5757629 0.5280349 0.6025707 0.3753703 0.581682 0.5288909 0.6083403 0.3768019 0.5934232 0.530527 0.587565 0.5297306 0.6201642 0.3777615 0.6052502 0.5320428 0.5993171 0.5312879 0.5698754 0.5272086 0.5968308 0.3737825 0.5757629 0.5280349 0.581682 0.5288909 0.6083403 0.3768019 0.587565 0.5297306 0.6142219 0.3776011 0.5993171 0.5312879 0.5934232 0.530527 0.8740131 0.2683097 0.87725 0.2366062 0.8771564 0.2684051 0.8769848 0.3636895 0.8802897 0.2684893 0.8801503 0.3636979 0.8834319 0.2685284 0.8864806 0.3636969 0.8833162 0.3636969 0.8897045 0.2683625 0.8928647 0.3636975 0.889662 0.3636974 0.8738022 0.3636815 0.8771564 0.2684051 0.8769848 0.3636895 0.8802897 0.2684893 0.8833162 0.3636969 0.8801503 0.3636979 0.8865628 0.2684553 0.889662 0.3636974 0.8864806 0.3636969 0.8833865 0.2089524 0.886511 0.2366895 0.8834346 0.2368766 0.8803291 0.2367916 0.8834319 0.2685284 0.8802897 0.2684893 0.886511 0.2366895 0.8897045 0.2683625 0.8865628 0.2684553 0.8708512 0.2682527 0.8741828 0.2363772 0.8740131 0.2683097 0.8771564 0.2684051 0.8803291 0.2367916 0.8802897 0.2684893 0.8834346 0.2368766 0.8865628 0.2684553 0.8834319 0.2685284 0.8895773 0.2364594 0.8928647 0.2683131 0.8897045 0.2683625 0.8714651 0.2082695 0.8746818 0.1857817 0.8744131 0.2084171 0.8893526 0.2084913 0.8926432 0.2363358 0.8895773 0.2364594 0.8741828 0.2363772 0.8773837 0.208666 0.87725 0.2366062 0.8803731 0.2088644 0.8834346 0.2368766 0.8803291 0.2367916 0.8863769 0.2087466 0.8895773 0.2364594 0.886511 0.2366895 0.8711155 0.2362458 0.8744131 0.2084171 0.8741828 0.2363772 0.87725 0.2366062 0.8803731 0.2088644 0.8803291 0.2367916 0.8746818 0.1857817 0.8775747 0.1722531 0.8775435 0.1859542 0.8773837 0.208666 0.8804174 0.1860669 0.8803731 0.2088644 0.8833058 0.1861227 0.8863769 0.2087466 0.8833865 0.2089524 0.889047 0.1858032 0.8923045 0.2083474 0.8893526 0.2084913 0.8744131 0.2084171 0.8775435 0.1859542 0.8773837 0.208666 0.8804174 0.1860669 0.8833865 0.2089524 0.8803731 0.2088644 0.8861801 0.1859822 0.8893526 0.2084913 0.8863769 0.2087466 0.8775747 0.1722531 0.880243 0.1596401 0.8803927 0.172394 0.8803927 0.172394 0.8833058 0.1861227 0.8804174 0.1860669 0.8860665 0.1722722 0.889047 0.1858032 0.8861801 0.1859822 0.8718513 0.1856582 0.8747934 0.1720446 0.8746818 0.1857817 0.8775435 0.1859542 0.8803927 0.172394 0.8804174 0.1860669 0.8832562 0.1724639 0.8861801 0.1859822 0.8833058 0.1861227 0.8888429 0.1720445 0.8918865 0.1856753 0.889047 0.1858032 0.8858073 0.1485804 0.8887575 0.1589645 0.8860446 0.1593906 0.883209 0.1597663 0.8860665 0.1722722 0.8832562 0.1724639 0.8887575 0.1589645 0.8915931 0.1718958 0.8888429 0.1720445 0.8747934 0.1720446 0.877398 0.159335 0.8775747 0.1722531 0.880243 0.1596401 0.8832562 0.1724639 0.8803927 0.172394 0.8860446 0.1593906 0.8888429 0.1720445 0.8860665 0.1722722 0.8720503 0.1719161 0.8746888 0.1589641 0.8747934 0.1720446 0.8747246 0.1482199 0.8774169 0.1264539 0.8774262 0.1485968 0.8720397 0.1587813 0.8747246 0.1482199 0.8746888 0.1589641 0.877398 0.159335 0.8802005 0.1488777 0.880243 0.1596401 0.883028 0.1489636 0.8860446 0.1593906 0.883209 0.1597663 0.8885179 0.1481599 0.8914101 0.1587466 0.8887575 0.1589645 0.8746888 0.1589641 0.8774262 0.1485968 0.877398 0.159335 0.880243 0.1596401 0.883028 0.1489636 0.883209 0.1597663 0.4650748 0.9875764 0.4842551 0.9845219 0.4844713 0.9872768 0.8800613 0.1265123 0.883028 0.1489636 0.8802005 0.1488777 0.8853161 0.1263499 0.8885179 0.1481599 0.8858073 0.1485804 0.8721047 0.1480233 0.8747186 0.1263654 0.8747246 0.1482199 0.8774262 0.1485968 0.8800613 0.1265123 0.8802005 0.1488777 0.8826637 0.1264809 0.8858073 0.1485804 0.883028 0.1489636 0.8880274 0.1261892 0.8911552 0.1479244 0.8885179 0.1481599 0.4645986 0.9928908 0.4846287 0.9900023 0.4846934 0.9926666 0.4653285 0.9849904 0.4841921 0.9817624 0.4842551 0.9845219 0.465252 0.9823824 0.4843291 0.9790101 0.4841921 0.9817624 0.4648446 0.9797423 0.4843742 0.976286 0.4843291 0.9790101 0.4643527 0.9770668 0.4843249 0.9736108 0.4843742 0.976286 0.9180789 0.5632454 0.9177618 0.5726047 0.9145122 0.5657328 0.9205122 0.535664 0.9357244 0.5340719 0.9261685 0.5412874 0.8958637 0.5584009 0.892396 0.5672938 0.8886667 0.5611517 0.9063093 0.5405532 0.8976948 0.5349514 0.9050998 0.5323314 0.9219689 0.5552147 0.9277013 0.5629411 0.9207133 0.5596322 0.905822 0.5670995 0.8978325 0.5717614 0.901598 0.5654698 0.8978988 0.5450364 0.8882014 0.5466587 0.891822 0.5399615 0.9194658 0.546132 0.9293576 0.5483921 0.9215763 0.5505076 0.9145122 0.5657328 0.9111649 0.5745364 0.9102867 0.5672122 0.8950265 0.5537864 0.8886667 0.5611517 0.8871752 0.5539928 0.9112591 0.54077 0.9050998 0.5323314 0.9130774 0.5325496 0.9207133 0.5596322 0.9234768 0.5686641 0.9180789 0.5632454 0.898158 0.5624327 0.8978325 0.5717614 0.892396 0.5672938 0.9016685 0.5420545 0.891822 0.5399615 0.8976948 0.5349514 0.9215763 0.5505076 0.9298137 0.5559318 0.9219689 0.5552147 0.9102867 0.5672122 0.9042889 0.5742712 0.905822 0.5670995 0.8956981 0.5492388 0.8871752 0.5539928 0.8882014 0.5466587 0.9158559 0.5427294 0.9261685 0.5412874 0.9194658 0.546132 0.9158559 0.5427294 0.9130774 0.5325496 0.9205122 0.535664 0.940478 0.5451751 0.9413071 0.5302015 0.9466981 0.5436981 0.8976948 0.5349514 0.9025252 0.5205733 0.9050998 0.5323314 0.9042889 0.5742712 0.8932187 0.5807868 0.8978325 0.5717614 0.9261685 0.5412874 0.940478 0.5451751 0.9293576 0.5483921 0.9050998 0.5323314 0.914993 0.5204721 0.9130774 0.5325496 0.8978325 0.5717614 0.8849577 0.5745058 0.892396 0.5672938 0.9293576 0.5483921 0.9409418 0.5567537 0.9298137 0.5559318 0.9130774 0.5325496 0.9267436 0.5252847 0.9205122 0.535664 0.892396 0.5672938 0.8789955 0.5656249 0.8886667 0.5611517 0.9298137 0.5559318 0.937552 0.5673489 0.9277013 0.5629411 0.8886667 0.5611517 0.8762732 0.5549612 0.8871752 0.5539928 0.9277013 0.5629411 0.9310756 0.5758929 0.9234768 0.5686641 0.8871752 0.5539928 0.8773937 0.5437155 0.8882014 0.5466587 0.9234768 0.5686641 0.9224563 0.5816996 0.9177618 0.5726047 0.8882014 0.5466587 0.8825114 0.5332833 0.891822 0.5399615 0.9177618 0.5726047 0.9126776 0.5844503 0.9111649 0.5745364 0.891822 0.5399615 0.8912124 0.5251455 0.8976948 0.5349514 0.9111649 0.5745364 0.9026763 0.584228 0.9042889 0.5742712 0.8715148 0.5419486 0.8727259 0.5259657 0.8774871 0.5294567 0.9025252 0.5205733 0.9163529 0.5136581 0.914993 0.5204721 0.8932187 0.5807868 0.8808666 0.5782762 0.8849577 0.5745058 0.9409418 0.5567537 0.9466981 0.5436981 0.9469815 0.5574945 0.914993 0.5204721 0.9308931 0.5189628 0.9267436 0.5252847 0.8849577 0.5745058 0.8736999 0.5679134 0.8789955 0.5656249 0.937552 0.5673489 0.9469815 0.5574945 0.9427579 0.5699642 0.8789955 0.5656249 0.8703271 0.5553299 0.8762732 0.5549612 0.9310756 0.5758929 0.9427579 0.5699642 0.9349839 0.5799153 0.8762732 0.5549612 0.8715148 0.5419486 0.8773937 0.5437155 0.9224563 0.5816996 0.9349839 0.5799153 0.9247905 0.5865939 0.8773937 0.5437155 0.8774871 0.5294567 0.8825114 0.5332833 0.9126776 0.5844503 0.9247905 0.5865939 0.9133544 0.5896371 0.8825114 0.5332833 0.887789 0.5196267 0.8912124 0.5251455 0.9026763 0.584228 0.9133544 0.5896371 0.9017932 0.5889385 0.9357244 0.5340719 0.9308931 0.5189628 0.9413071 0.5302015 0.8912124 0.5251455 0.9012983 0.5139989 0.9025252 0.5205733 0.8932187 0.5807868 0.9017932 0.5889385 0.8906567 0.5854409 0.8914065 0.759923 0.877568 0.7838921 0.8515599 0.774426 0.9247905 0.5865939 0.9138094 0.5944457 0.9133544 0.5896371 0.8774871 0.5294567 0.8844909 0.5145177 0.887789 0.5196267 0.9133544 0.5896371 0.9008697 0.5936738 0.9017932 0.5889385 0.9308931 0.5189628 0.9466617 0.526854 0.9413071 0.5302015 0.887789 0.5196267 0.9000318 0.5078564 0.9012983 0.5139989 0.9017932 0.5889385 0.8883928 0.5898115 0.8906567 0.5854409 0.9413071 0.5302015 0.9525387 0.5425888 0.9466981 0.5436981 0.9012983 0.5139989 0.9174947 0.5072695 0.9163529 0.5136581 0.8906567 0.5854409 0.8771623 0.5818492 0.8808666 0.5782762 0.9466981 0.5436981 0.9525387 0.5584231 0.9469815 0.5574945 0.9163529 0.5136581 0.9345313 0.5135523 0.9308931 0.5189628 0.8808666 0.5782762 0.8688313 0.5701382 0.8736999 0.5679134 0.9469815 0.5574945 0.9474558 0.5725744 0.9427579 0.5699642 0.8736999 0.5679134 0.8648034 0.5557813 0.8703271 0.5553299 0.9427579 0.5699642 0.9384308 0.5837535 0.9349839 0.5799153 0.8703271 0.5553299 0.8660013 0.5404067 0.8715148 0.5419486 0.9349839 0.5799153 0.9267679 0.5911656 0.9247905 0.5865939 0.6697307 0.9093295 0.6684381 0.9093354 0.6696793 0.9090318 0.6683371 0.9093354 0.6668388 0.9095669 0.6681213 0.9092766 0.668024 0.9093192 0.668646 0.9094873 0.6683102 0.9092984 0.6696793 0.9090318 0.6683371 0.9093354 0.6691392 0.9089701 0.6683527 0.9092908 0.6697307 0.9093295 0.6693158 0.9095451 0.6684496 0.9090639 0.668024 0.9093192 0.6683102 0.9092984 0.6681784 0.9093158 0.6693158 0.9095451 0.668646 0.9094873 0.6691392 0.9089701 0.6681213 0.9092766 0.6684496 0.9090639 0.66683 0.9092823 0.66528 0.9095131 0.6668696 0.9093435 0.6668008 0.9094123 0.6681784 0.9093158 0.668024 0.9093192 0.6668696 0.9093435 0.6684368 0.9092999 0.6683527 0.9092908 0.6684381 0.9093354 0.6668833 0.9095869 0.6683371 0.9093354 0.6681213 0.9092766 0.6668008 0.9094123 0.668024 0.9093192 0.66683 0.9092823 0.6683527 0.9092908 0.6681784 0.9093158 0.6684368 0.9092999 0.6668947 0.9094977 0.6684381 0.9093354 0.66528 0.9095131 0.6630178 0.909985 0.6652984 0.9095916 0.6652984 0.9095916 0.6668947 0.9094977 0.6668905 0.9094246 0.6652656 0.9097337 0.6668388 0.9095669 0.6668833 0.9095869 0.6668008 0.9094123 0.6652618 0.9094582 0.66683 0.9092823 0.6668696 0.9093435 0.6652984 0.9095916 0.6668905 0.9094246 0.6652888 0.9096508 0.6668833 0.9095869 0.6668947 0.9094977 0.665265 0.909705 0.6668008 0.9094123 0.6668388 0.9095669 0.6630475 0.9097549 0.6652656 0.9097337 0.6652888 0.9096508 0.6641794 0.9096506 0.6652892 0.9095668 0.665265 0.909705 0.6652618 0.9094582 0.6634424 0.9100056 0.66528 0.9095131 0.6630178 0.909985 0.6652888 0.9096508 0.6652984 0.9095916 0.6635633 0.9095618 0.665265 0.909705 0.6652656 0.9097337 0.6652892 0.9095668 0.6640489 0.9098193 0.6652618 0.9094582 0.4392352 0.5428078 0.4392427 0.5418866 0.4393694 0.5419394 0.4392403 0.5426376 0.4393694 0.5419394 0.4394792 0.5416527 0.4392721 0.5415703 0.4389982 0.5426551 0.4393159 0.5425481 0.4394792 0.5416527 0.4392427 0.5418866 0.4392721 0.5415703 0.4397353 0.5410869 0.4392721 0.5415703 0.4392237 0.5409006 0.4392237 0.5409006 0.4393159 0.5425481 0.4391943 0.5422178 0.4393997 0.5422508 0.4394792 0.5416527 0.4397353 0.5410869 0.4391943 0.5422178 0.4392403 0.5426376 0.4393997 0.5422508 0.433067 0.5927438 0.4329828 0.5935322 0.4329678 0.5928927 0.4329828 0.5935322 0.4330874 0.5933712 0.4329864 0.5935725 0.4329998 0.5929255 0.4330874 0.5933712 0.4334679 0.5927353 0.4334679 0.5927353 0.4330207 0.5933506 0.433067 0.5927438 0.4329828 0.5935322 0.432688 0.5937588 0.4329678 0.5928927 0.4329864 0.5935725 0.4327385 0.5944824 0.4329828 0.5935322 0.4329678 0.5928927 0.4330796 0.5938125 0.4329998 0.5929255 0.4329998 0.5929255 0.4329793 0.5947159 0.4329864 0.5935725 0.5022314 0.8646342 0.5214121 0.8414185 0.5222992 0.8420174 0.5014125 0.863694 0.5206419 0.840709 0.5214121 0.8414185 0.5007175 0.8626626 0.5199565 0.8399274 0.5206419 0.840709 0.5022314 0.8646342 0.4913293 0.8759847 0.5014125 0.863694 0.6674124 0.9098245 0.6674125 0.9098249 0.6674124 0.9098249 0.5199565 0.8399274 0.5236574 0.8364194 0.5206419 0.840709 0.5214121 0.8414185 0.5236619 0.8365366 0.5222992 0.8420174 0.5199565 0.8399274 0.5236899 0.8363969 0.5236795 0.8363944 0.5206419 0.840709 0.5236304 0.8364625 0.5214121 0.8414185 0.6674125 0.9098249 0.6674141 0.9098253 0.6674134 0.9098259 0.6674124 0.9098245 0.6674123 0.9098248 0.6674124 0.9098245 0.6674125 0.9098245 0.6674125 0.9098247 0.6674124 0.9098245 0.6674124 0.9098245 0.6674126 0.9098248 0.6674125 0.9098249 0.6674124 0.9098245 0.6674123 0.9098249 0.6674124 0.9098245 0.6674124 0.9098245 0.6674124 0.9098247 0.6674125 0.9098245 0.6674125 0.9098245 0.6674125 0.9098247 0.6674126 0.9098248 0.6674115 0.909826 0.6673991 0.9098311 0.667411 0.9098251 0.6674124 0.9098249 0.6674115 0.909826 0.6674123 0.9098249 0.6674123 0.9098248 0.6674115 0.9098236 0.6674124 0.9098247 0.6674126 0.9098248 0.6674136 0.909824 0.6674141 0.9098253 0.6674124 0.9098249 0.6674134 0.9098259 0.6674124 0.9098262 0.6674123 0.9098249 0.667411 0.9098251 0.6674123 0.9098248 0.6674125 0.9098247 0.6674115 0.9098236 0.6674136 0.909824 0.6674254 0.909818 0.6674906 0.9098645 0.667424 0.9098342 0.6674136 0.909824 0.6674052 0.9098126 0.6674254 0.909818 0.6674134 0.9098259 0.667424 0.9098342 0.6674169 0.9098411 0.6674124 0.9098262 0.6674058 0.9098409 0.6674115 0.909826 0.667411 0.9098251 0.6674052 0.9098126 0.6674115 0.9098236 0.6674141 0.9098253 0.6674254 0.909818 0.667424 0.9098342 0.6674124 0.9098262 0.6674169 0.9098411 0.6674112 0.909843 0.6674169 0.9098411 0.6673973 0.9099324 0.6674112 0.909843 0.6673991 0.9098311 0.6673914 0.9099375 0.6673144 0.9098272 0.6674254 0.909818 0.6673747 0.9097261 0.6674945 0.9097584 0.667424 0.9098342 0.667415 0.9099228 0.6674169 0.9098411 0.6674058 0.9098409 0.6673973 0.9099324 0.6673914 0.9099375 0.6674052 0.9098126 0.6673144 0.9098272 0.6673747 0.9097261 0.6673747 0.9097261 0.6667926 0.9093222 0.6672972 0.909371 0.6674945 0.9097584 0.6672972 0.909371 0.6677666 0.9094083 0.6673657 0.9086991 0.6670473 0.9086128 0.6672209 0.9083741 0.6672972 0.909371 0.6673657 0.9086991 0.6677666 0.9094083 0.6672972 0.909371 0.6670473 0.9086128 0.6672132 0.908694 0.4921399 0.8756009 0.4756739 0.8821792 0.4921547 0.8756809 0.4999475 0.8616836 0.4921547 0.8756809 0.4990391 0.8613094 0.5014125 0.863694 0.4917807 0.8757759 0.5007175 0.8626626 0.5007175 0.8626626 0.4921399 0.8756009 0.4999475 0.8616836 0.4383423 0.5499175 0.4383423 0.5499173 0.4383423 0.5499174 0.4913293 0.8759847 0.4746253 0.8825171 0.4917807 0.8757759 0.4911559 0.8760967 0.4753187 0.8819217 0.4749234 0.8820914 0.4917353 0.875732 0.4756739 0.8821792 0.4756518 0.8819528 0.4917807 0.8757759 0.4752396 0.8824461 0.4921399 0.8756009 0.4911559 0.8760967 0.474662 0.882314 0.4913293 0.8759847 0.4913309 0.8759939 0.4756518 0.8819528 0.4753187 0.8819217 0.4383423 0.5499176 0.4383479 0.5499286 0.4383423 0.5499176 0.4383423 0.5499175 0.4383423 0.5499176 0.4383422 0.5499174 0.4383423 0.5499175 0.4383423 0.5499176 0.4383423 0.5499175 0.4383423 0.5499175 0.4383424 0.5499175 0.4383423 0.5499175 0.4383423 0.5499175 0.4383422 0.5499174 0.4383423 0.5499173 0.4383423 0.5499175 0.4383423 0.5499176 0.4383423 0.5499175 0.4383423 0.5499175 0.4383424 0.5499176 0.4383423 0.5499175 0.4383447 0.5499231 0.4383326 0.5498815 0.4383437 0.5499181 0.4383424 0.5499176 0.4383437 0.5499181 0.4383435 0.5499201 0.4383423 0.5499173 0.4383447 0.5499231 0.4383423 0.5499174 0.4383423 0.5499176 0.4383462 0.5499345 0.4383422 0.5499174 0.4383423 0.5499176 0.4383435 0.5499201 0.4383454 0.5499238 0.4383424 0.5499175 0.4383447 0.5499231 0.4383437 0.5499181 0.4383422 0.5499174 0.4383454 0.5499311 0.4383423 0.5499173 0.4383178 0.5500173 0.4377022 0.5527408 0.4383364 0.549929 0.4383462 0.5499345 0.4383178 0.5500173 0.4383454 0.5499311 0.4383479 0.5499286 0.4383552 0.5499103 0.4384052 0.5499002 0.4383437 0.5499181 0.4383359 0.5499091 0.4383435 0.5499201 0.4383454 0.5499311 0.4383364 0.549929 0.4383447 0.5499231 0.4383479 0.5499286 0.4383477 0.5500156 0.4383462 0.5499345 0.4383454 0.5499238 0.4383359 0.5499091 0.4383552 0.5499103 0.4383477 0.5500156 0.4383828 0.5507162 0.4380959 0.5513665 0.4383477 0.5500156 0.4380251 0.5522397 0.4383178 0.5500173 0.4380251 0.5522397 0.4364798 0.5611824 0.4360149 0.5620458 0.4377022 0.5527408 0.4360149 0.5620458 0.4355772 0.5628906 0.4380959 0.5513665 0.436998 0.5608978 0.4364798 0.5611824 0.4363788 0.5686211 0.436134 0.5707263 0.4359847 0.5708899 0.436998 0.5608978 0.4364053 0.5681486 0.4364798 0.5611824 0.4360149 0.5620458 0.4364053 0.5681486 0.4363788 0.5686211 0.4376029 0.5614358 0.4363719 0.5677391 0.436998 0.5608978 0.436134 0.5707263 0.4352656 0.5747371 0.4352651 0.5743401 0.4363719 0.5677391 0.4359046 0.5707532 0.43603 0.5706652 0.4361847 0.567948 0.4356026 0.5710977 0.4357749 0.570935 0.4361817 0.568588 0.4359847 0.5708899 0.43568 0.5710348 0.4364053 0.5681486 0.43603 0.5706652 0.436134 0.5707263 0.4361847 0.567948 0.4359046 0.5707532 0.4363316 0.5676969 0.4360486 0.568308 0.43568 0.5710348 0.4356026 0.5710977 0.4357749 0.570935 0.4352262 0.5751076 0.4359046 0.5707532 0.4359847 0.5708899 0.4352651 0.5743401 0.4350814 0.5740833 0.4359046 0.5707532 0.4352656 0.5747371 0.43603 0.5706652 0.4356026 0.5710977 0.4352396 0.5754368 0.4357749 0.570935 0.4345598 0.5759261 0.4344665 0.5758425 0.4346453 0.5755305 0.4352656 0.5747371 0.4346453 0.5755305 0.4352651 0.5743401 0.4352262 0.5751076 0.4345598 0.5759261 0.4346467 0.5757324 0.4352651 0.5743401 0.4345881 0.5755784 0.4350814 0.5740833 0.4352262 0.5751076 0.4346736 0.5755785 0.4352656 0.5747371 0.9504659 0.2831904 0.9484425 0.286804 0.9483518 0.282755 0.9504752 0.2957803 0.9484425 0.286804 0.9504104 0.2866944 0.9464874 0.2868692 0.9444537 0.282826 0.9463943 0.282553 0.9483518 0.282755 0.9464874 0.2868692 0.9463943 0.282553 0.9525139 0.2867051 0.9504659 0.2831904 0.9527168 0.2833018 0.9544295 0.286818 0.9527168 0.2833018 0.9547244 0.2829311 0.9524322 0.3040212 0.9504752 0.2957803 0.9526005 0.2957918 0.9464874 0.2868692 0.9443642 0.29573 0.9445695 0.2868363 0.9526005 0.2957918 0.9504104 0.2866944 0.9525139 0.2867051 0.9484188 0.2957641 0.9464874 0.2868692 0.9484425 0.286804 0.9544295 0.286818 0.9526005 0.2957918 0.9525139 0.2867051 0.9545112 0.304574 0.9524473 0.3116617 0.9524322 0.3040212 0.9482905 0.3038198 0.9463579 0.2957627 0.9484188 0.2957641 0.9546098 0.295743 0.9524322 0.3040212 0.9526005 0.2957918 0.9502954 0.3035619 0.9484188 0.2957641 0.9504752 0.2957803 0.9463579 0.2957627 0.9443203 0.3043435 0.9443642 0.29573 0.9461099 0.311331 0.9443364 0.323992 0.9440451 0.3113946 0.9502954 0.3035619 0.9482722 0.3114928 0.9482905 0.3038198 0.9461099 0.311331 0.9443203 0.3043435 0.9464028 0.3042862 0.9524322 0.3040212 0.9503651 0.3116838 0.9502954 0.3035619 0.9482722 0.3114928 0.9464028 0.3042862 0.9482905 0.3038198 0.9545667 0.3430685 0.9525803 0.3239435 0.9546426 0.3240923 0.9525803 0.3239435 0.9503651 0.3116838 0.9524473 0.3116617 0.9482722 0.3114928 0.9464327 0.3242119 0.9461099 0.311331 0.9546426 0.3240923 0.9524473 0.3116617 0.954592 0.3114641 0.9503651 0.3116838 0.9485008 0.324243 0.9482722 0.3114928 0.9464351 0.3432371 0.9441856 0.3617775 0.9443644 0.3429988 0.9505096 0.3433521 0.9485008 0.324243 0.9505227 0.3240603 0.9464327 0.3242119 0.9443644 0.3429988 0.9443364 0.323992 0.9525351 0.3431143 0.9505227 0.3240603 0.9525803 0.3239435 0.9485008 0.324243 0.9464351 0.3432371 0.9464327 0.3242119 0.9072664 0.3161288 0.9072664 0.3161288 0.9072664 0.3161288 0.9527089 0.3619184 0.9505096 0.3433521 0.9525351 0.3431143 0.9484764 0.3434396 0.9462713 0.3619996 0.9464351 0.3432371 0.9547244 0.361808 0.9525351 0.3431143 0.9545667 0.3430685 0.9505853 0.3621903 0.9484764 0.3434396 0.9505096 0.3433521 0.9072664 0.3161288 0.9072664 0.3161287 0.9072664 0.3161288 0.9072664 0.3161288 0.9072664 0.3161288 0.9072664 0.3161288 0.9072664 0.3161288 0.9072664 0.3161288 0.9072664 0.3161288 0.9072664 0.3161288 0.9072664 0.3161288 0.9072664 0.3161288 0.9072664 0.3161288 0.9072664 0.3161288 0.9072664 0.3161288 0.9072666 0.3161287 0.9072698 0.3161381 0.9072666 0.3161289 0.9072664 0.3161288 0.9072664 0.316129 0.9072664 0.3161288 0.9072664 0.316129 0.9072664 0.3161288 0.9072664 0.3161288 0.9072664 0.3161288 0.9072666 0.3161289 0.9072664 0.3161288 0.9072664 0.316129 0.9072664 0.3161288 0.9072664 0.3161288 0.9072618 0.3161421 0.90714 0.3166559 0.9072603 0.316134 0.9072681 0.316145 0.9072664 0.316129 0.9072664 0.316129 0.9072664 0.3161289 0.9072603 0.316134 0.9072664 0.3161287 0.9072666 0.3161289 0.9072681 0.316145 0.9072664 0.316129 0.9072648 0.316148 0.9072664 0.3161289 0.9072664 0.316129 0.9073325 0.316581 0.9072681 0.316145 0.9072698 0.3161381 0.9072648 0.316148 0.9071462 0.3167341 0.9072618 0.3161421 0.9072725 0.316134 0.9073325 0.316581 0.9072698 0.3161381 0.9073064 0.3166364 0.9072648 0.316148 0.9072681 0.316145 0.9177417 0.1732926 0.9158759 0.1279194 0.9178102 0.1271846 0.9071462 0.3167341 0.9088925 0.3270204 0.90714 0.3166559 0.9199324 0.2176088 0.9177417 0.1732926 0.9198194 0.1732455 0.9139882 0.1273998 0.9115639 0.1734747 0.9122075 0.1263331 0.9198194 0.1732455 0.9178102 0.1271846 0.9198399 0.1260818 0.9158759 0.1279194 0.913602 0.1736563 0.9139882 0.1273998 0.9221239 0.1261955 0.9198194 0.1732455 0.9198399 0.1260818 0.9219798 0.217751 0.9201175 0.2389412 0.9199324 0.2176088 0.9158887 0.217872 0.913602 0.1736563 0.9157125 0.1735483 0.9218994 0.173429 0.9199324 0.2176088 0.9198194 0.1732455 0.917832 0.2176716 0.9157125 0.1735483 0.9177417 0.1732926 0.913602 0.1736563 0.9117794 0.2178422 0.9115639 0.1734747 0.9181115 0.2396311 0.9198706 0.2465916 0.9179072 0.2458401 0.9181115 0.2396311 0.9158887 0.217872 0.917832 0.2176716 0.913791 0.2179646 0.9119713 0.2385978 0.9117794 0.2178422 0.9201175 0.2389412 0.917832 0.2176716 0.9199324 0.2176088 0.9158887 0.217872 0.9139751 0.2389609 0.913791 0.2179646 0.9397442 0.358818 0.9377547 0.3552214 0.9397365 0.3553404 0.9377547 0.3552214 0.9398401 0.3461422 0.9397365 0.3553404 0.9338249 0.3592818 0.935788 0.3551666 0.9357602 0.3594955 0.9376651 0.3592222 0.935788 0.3551666 0.9377547 0.3552214 0.9397442 0.358818 0.9418682 0.3553548 0.9419903 0.3587757 0.9419903 0.3587757 0.9438238 0.3552777 0.9439905 0.359284 0.9398401 0.3461422 0.9418413 0.3377701 0.9420011 0.3461352 0.935788 0.3551666 0.9336321 0.3461892 0.9356575 0.3461562 0.9397365 0.3553404 0.9420011 0.3461352 0.9418682 0.3553548 0.935788 0.3551666 0.9377506 0.346156 0.9377547 0.3552214 0.9438238 0.3552777 0.9420011 0.3461352 0.9440451 0.3461903 0.943955 0.3372088 0.941857 0.3300119 0.9440302 0.3302031 0.9356575 0.3461562 0.9376307 0.3379703 0.9377506 0.346156 0.9440451 0.3461903 0.9418413 0.3377701 0.943955 0.3372088 0.9377506 0.346156 0.9396687 0.338235 0.9398401 0.3461422 0.9356575 0.3461562 0.9335961 0.3374316 0.9357128 0.3374935 0.93543 0.3303393 0.9337671 0.3174968 0.9358776 0.3174535 0.9396687 0.338235 0.9376139 0.3301856 0.9397664 0.3299949 0.9335961 0.3374316 0.93543 0.3303393 0.9357128 0.3374935 0.9418413 0.3377701 0.9397664 0.3299949 0.941857 0.3300119 0.9357128 0.3374935 0.9376139 0.3301856 0.9376307 0.3379703 0.9439755 0.3174272 0.9419822 0.2993205 0.9440419 0.2992855 0.9397664 0.3299949 0.9419564 0.3176568 0.941857 0.3300119 0.9376139 0.3301856 0.9358776 0.3174535 0.9379232 0.3176208 0.941857 0.3300119 0.9439755 0.3174272 0.9440302 0.3302031 0.9397664 0.3299949 0.9379232 0.3176208 0.9399025 0.3177511 0.9338966 0.2993146 0.9358964 0.2735087 0.9359328 0.2994583 0.9399025 0.3177511 0.9379698 0.2995717 0.9399879 0.2994889 0.9337671 0.3174968 0.9359328 0.2994583 0.9358776 0.3174535 0.9419564 0.3176568 0.9399879 0.2994889 0.9419822 0.2993205 0.9358776 0.3174535 0.9379698 0.2995717 0.9379232 0.3176208 0.4533144 0.7576874 0.4533144 0.7576874 0.4533144 0.7576874 0.9419822 0.2993205 0.9400572 0.2733246 0.9420617 0.2732028 0.9359328 0.2994583 0.9379935 0.2735124 0.9379698 0.2995717 0.9419822 0.2993205 0.9440451 0.2733061 0.9440419 0.2992855 0.9399879 0.2994889 0.9379935 0.2735124 0.9400572 0.2733246 0.4533144 0.7576874 0.4533144 0.7576875 0.4533144 0.7576874 0.4533144 0.7576874 0.4533144 0.7576874 0.4533144 0.7576874 0.4533144 0.7576874 0.4533145 0.7576875 0.4533144 0.7576874 0.4533144 0.7576874 0.4533144 0.7576874 0.4533144 0.7576874 0.4533144 0.7576874 0.4533144 0.7576874 0.4533144 0.7576874 0.4533145 0.7576875 0.453316 0.7576826 0.4533179 0.7576851 0.4533144 0.7576874 0.4533144 0.7576874 0.4533145 0.7576874 0.4533144 0.7576874 0.4533144 0.7576874 0.4533144 0.7576874 0.4533144 0.7576874 0.4533145 0.7576874 0.4533145 0.7576875 0.4533144 0.7576874 0.4533144 0.7576874 0.4533144 0.7576874 0.4533109 0.7576805 0.4531925 0.7574197 0.4532463 0.7574068 0.4533144 0.7576874 0.4533146 0.7576783 0.4533144 0.7576874 0.4533144 0.7576874 0.4533112 0.7576857 0.4533109 0.7576805 0.4533145 0.7576874 0.4533146 0.7576783 0.453316 0.7576826 0.4533144 0.7576874 0.4533122 0.7576767 0.4533144 0.7576874 0.4533146 0.7576783 0.453356 0.7573879 0.453316 0.7576826 0.4533122 0.7576767 0.4532463 0.7574068 0.4532551 0.75733 0.4533179 0.7576851 0.453356 0.7573879 0.4533793 0.757393 0.4533122 0.7576767 0.4532866 0.7573588 0.4533146 0.7576783 0.4548128 0.7486775 0.4551551 0.7442616 0.4548752 0.7487367 0.4533793 0.757393 0.4549365 0.748794 0.4549688 0.7487916 0.91791 0.3201168 0.9199386 0.2781689 0.9198271 0.3207424 0.4547452 0.7486978 0.4550922 0.7442145 0.4550954 0.7442658 0.4548752 0.7487367 0.4551573 0.7442023 0.4549365 0.748794 0.4548128 0.7486775 0.4550954 0.7442658 0.4551243 0.744293 0.4549688 0.7487916 0.4551573 0.7442023 0.4551795 0.744216 0.9199386 0.2781689 0.9218502 0.2471256 0.9219315 0.2781798 0.9161292 0.3194718 0.9138873 0.2779929 0.915928 0.2778755 0.9218019 0.3204645 0.9199386 0.2781689 0.9219315 0.2781798 0.9161292 0.3194718 0.9179142 0.2779821 0.91791 0.3201168 0.9140788 0.3196843 0.9118877 0.2781656 0.9138873 0.2779929 0.9181115 0.2396311 0.9158781 0.2459152 0.9159652 0.2396144 0.915928 0.2778755 0.9179072 0.2458401 0.9179142 0.2779821 0.9138873 0.2779929 0.9119663 0.2470598 0.9140188 0.2466839 0.9179142 0.2779821 0.9198706 0.2465916 0.9199386 0.2781689 0.915928 0.2778755 0.9140188 0.2466839 0.9158781 0.2459152 0.9201175 0.2389412 0.9218502 0.2471256 0.9198706 0.2465916 0.9139751 0.2389609 0.9158781 0.2459152 0.9140188 0.2466839 0.9139751 0.2389609 0.9119663 0.2470598 0.9119713 0.2385978 0.9280197 0.2981552 0.9261578 0.2947847 0.9279857 0.2948988 0.9261578 0.2947847 0.9281011 0.2864494 0.9279857 0.2948988 0.9224265 0.2984562 0.9243405 0.2947115 0.9242279 0.2987244 0.9260504 0.298549 0.9243405 0.2947115 0.9261578 0.2947847 0.9280197 0.2981552 0.929942 0.2949017 0.930112 0.2980653 0.930112 0.2980653 0.9317235 0.2948078 0.9319756 0.2984238 0.9281011 0.2864494 0.9299744 0.278803 0.9300773 0.2864526 0.9243405 0.2947115 0.9224171 0.2864554 0.9242736 0.2864419 0.9279857 0.2948988 0.9300773 0.2864526 0.929942 0.2949017 0.9243405 0.2947115 0.9261891 0.2864537 0.9261578 0.2947847 0.9317235 0.2948078 0.9300773 0.2864526 0.9319439 0.2865169 0.9319127 0.2783012 0.930041 0.2716873 0.9320362 0.2718893 0.9242736 0.2864419 0.9261215 0.2789503 0.9261891 0.2864537 0.9319439 0.2865169 0.9299744 0.278803 0.9319127 0.2783012 0.9261891 0.2864537 0.927985 0.2792183 0.9281011 0.2864494 0.9242736 0.2864419 0.9224281 0.2784258 0.9243677 0.2784997 0.924144 0.2719452 0.9225835 0.2601424 0.9245373 0.2599565 0.927985 0.2792183 0.9261549 0.2718087 0.9281023 0.2716504 0.9224281 0.2784258 0.924144 0.2719452 0.9243677 0.2784997 0.9299744 0.278803 0.9281023 0.2716504 0.930041 0.2716873 0.9243677 0.2784997 0.9261549 0.2718087 0.9261215 0.2789503 0.9302552 0.260255 0.9322321 0.2424572 0.9321763 0.2601287 0.9281023 0.2716504 0.9302552 0.260255 0.930041 0.2716873 0.9261549 0.2718087 0.9245373 0.2599565 0.9264602 0.2599443 0.930041 0.2716873 0.9321763 0.2601287 0.9320362 0.2718893 0.9281023 0.2716504 0.9264602 0.2599443 0.9283403 0.2601325 0.9246644 0.2422488 0.9227077 0.2249773 0.9246833 0.2248681 0.9264602 0.2599443 0.9284672 0.24217 0.9283403 0.2601325 0.9245373 0.2599565 0.9227357 0.242455 0.9246644 0.2422488 0.9283403 0.2601325 0.9303405 0.2424026 0.9302552 0.260255 0.9264602 0.2599443 0.9246644 0.2422488 0.9265635 0.2420761 0.9324508 0.2250016 0.9310011 0.2134342 0.9330329 0.2131246 0.9284672 0.24217 0.9305304 0.2249251 0.9303405 0.2424026 0.9265635 0.2420761 0.9246833 0.2248681 0.9266667 0.2247582 0.9303405 0.2424026 0.9324508 0.2250016 0.9322321 0.2424572 0.9265635 0.2420761 0.9285904 0.2247959 0.9284672 0.24217 0.9247649 0.213039 0.9227229 0.1926377 0.9249069 0.1925652 0.9266667 0.2247582 0.9288972 0.2135767 0.9285904 0.2247959 0.9246833 0.2248681 0.9227078 0.2130943 0.9247649 0.213039 0.9305304 0.2249251 0.9288972 0.2135767 0.9310011 0.2134342 0.9246833 0.2248681 0.9268065 0.2133381 0.9266667 0.2247582 0.9333367 0.1924523 0.9311481 0.1644402 0.9333367 0.1641762 0.9310011 0.2134342 0.9290928 0.1930984 0.9312072 0.1928774 0.9247649 0.213039 0.9270025 0.1928805 0.9268065 0.2133381 0.9330329 0.2131246 0.9312072 0.1928774 0.9333367 0.1924523 0.9268065 0.2133381 0.9290928 0.1930984 0.9288972 0.2135767 0.9243541 0.1638809 0.9223169 0.1264848 0.9246144 0.1260818 0.9270025 0.1928805 0.9289346 0.1641418 0.9290928 0.1930984 0.9249069 0.1925652 0.9221239 0.1643757 0.9243541 0.1638809 0.9312072 0.1928774 0.9289346 0.1641418 0.9311481 0.1644402 0.9249069 0.1925652 0.9266638 0.1637676 0.9270025 0.1928805 0.9289346 0.1641418 0.9307692 0.1271611 0.9311481 0.1644402 0.9266638 0.1637676 0.9246144 0.1260818 0.9266646 0.1265863 0.9333367 0.1641762 0.9307692 0.1271611 0.9328686 0.1263346 0.9266638 0.1637676 0.92865 0.1272712 0.9289346 0.1641418 0.904812 0.3084107 0.9057103 0.2526096 0.906471 0.3089399 0.9060342 0.3272881 0.906471 0.3089399 0.9068475 0.3275211 0.9057103 0.2526096 0.9079532 0.1805135 0.9086419 0.2527537 0.903121 0.3088372 0.896811 0.2527703 0.8996919 0.2522627 0.906471 0.3089399 0.9086419 0.2527537 0.908093 0.3096092 0.904812 0.3084107 0.8996919 0.2522627 0.9027711 0.2522465 0.9098387 0.3096401 0.9086419 0.2527537 0.9115639 0.2524667 0.9115198 0.1802449 0.9079459 0.1414008 0.9115639 0.1418944 0.8996919 0.2522627 0.9006355 0.1801632 0.9027711 0.2522465 0.9115639 0.2524667 0.9079532 0.1805135 0.9115198 0.1802449 0.9027711 0.2522465 0.9043046 0.1804491 0.9057103 0.2526096 0.8996919 0.2522627 0.8933685 0.1804757 0.8969776 0.180125 0.9043276 0.1300511 0.9079459 0.1414008 0.9041707 0.1403979 0.9006355 0.1801632 0.9041707 0.1403979 0.9043046 0.1804491 0.8969776 0.180125 0.8928647 0.1417732 0.8965561 0.1412426 0.9043046 0.1804491 0.9079459 0.1414008 0.9079532 0.1805135 0.9006355 0.1801632 0.8965561 0.1412426 0.9002205 0.1403145 0.9381216 0.267915 0.9400221 0.2644604 0.9401302 0.2682892 0.9380368 0.255834 0.9400221 0.2644604 0.9381361 0.2645756 0.9418917 0.2643972 0.9437931 0.2682824 0.9419584 0.2685146 0.9401302 0.2682892 0.9418917 0.2643972 0.9419584 0.2685146 0.9361065 0.264582 0.9381216 0.267915 0.935954 0.2678467 0.9342528 0.2644951 0.935954 0.2678467 0.9340413 0.2682801 0.9361314 0.2478993 0.9380368 0.255834 0.9359875 0.2558281 0.9418917 0.2643972 0.9439261 0.2558684 0.9437286 0.2644418 0.9359875 0.2558281 0.9381361 0.2645756 0.9361065 0.264582 0.9400182 0.2558476 0.9418917 0.2643972 0.9400221 0.2644604 0.9342528 0.2644951 0.9359875 0.2558281 0.9361065 0.264582 0.9341247 0.2473691 0.9361023 0.2405282 0.9361314 0.2478993 0.9401243 0.248071 0.9420027 0.2558447 0.9400182 0.2558476 0.9340509 0.2558873 0.9361314 0.2478993 0.9359875 0.2558281 0.9381914 0.2483398 0.9400182 0.2558476 0.9380368 0.255834 0.9420027 0.2558447 0.9439549 0.2475455 0.9439261 0.2558684 0.9422012 0.2408245 0.9438175 0.2286136 0.9441894 0.2407521 0.9381914 0.2483398 0.9401314 0.2406777 0.9401243 0.248071 0.9422012 0.2408245 0.9439549 0.2475455 0.9419442 0.2476136 0.9361314 0.2478993 0.9381052 0.2405052 0.9381914 0.2483398 0.9401314 0.2406777 0.9419442 0.2476136 0.9401243 0.248071 0.9340112 0.2285336 0.9359331 0.2112244 0.9359869 0.2287579 0.9359869 0.2287579 0.9381052 0.2405052 0.9361023 0.2405282 0.9401314 0.2406777 0.9418176 0.2284722 0.9422012 0.2408245 0.9340112 0.2285336 0.9361023 0.2405282 0.9340344 0.2407214 0.9381052 0.2405052 0.9398697 0.2285703 0.9401314 0.2406777 0.941852 0.2106577 0.9438106 0.1915444 0.9438776 0.2109915 0.9378264 0.211079 0.9398697 0.2285703 0.9379636 0.228761 0.9418176 0.2284722 0.9438776 0.2109915 0.9438175 0.2286136 0.9359331 0.2112244 0.9379636 0.228761 0.9359869 0.2287579 0.9397493 0.2107242 0.9418176 0.2284722 0.9398697 0.2285703 0.9336206 0.1742008 0.9357285 0.1913949 0.9335951 0.1914386 0.9357285 0.1913949 0.9378264 0.211079 0.9359331 0.2112244 0.9399215 0.1915404 0.941852 0.2106577 0.9397493 0.2107242 0.9340602 0.2109647 0.9357285 0.1913949 0.9359331 0.2112244 0.9379523 0.1914449 0.9397493 0.2107242 0.9378264 0.211079 0.9419837 0.1746017 0.9441894 0.153232 0.9441476 0.1743683 0.9379523 0.1914449 0.9396868 0.1747457 0.9399215 0.1915404 0.9419837 0.1746017 0.9438106 0.1915444 0.9418413 0.1915636 0.9357285 0.1913949 0.9376123 0.174545 0.9379523 0.1914449 0.9396868 0.1747457 0.9418413 0.1915636 0.9399215 0.1915404 0.9333367 0.153172 0.9358285 0.1267448 0.9354358 0.153512 0.9356428 0.1742433 0.9377234 0.1535459 0.9376123 0.174545 0.9399015 0.1532542 0.9419837 0.1746017 0.9396868 0.1747457 0.9336206 0.1742008 0.9354358 0.153512 0.9356428 0.1742433 0.9377234 0.1535459 0.9396868 0.1747457 0.9376123 0.174545 0.9378077 0.1266896 0.9399015 0.1532542 0.9377234 0.1535459 0.9420548 0.1530625 0.9440742 0.1264306 0.9441894 0.153232 0.9358285 0.1267448 0.9377234 0.1535459 0.9354358 0.153512 0.9399015 0.1532542 0.9418436 0.1260818 0.9420548 0.1530625 0.4508467 0.7598146 0.4471243 0.8034983 0.4493516 0.7598267 0.4508467 0.7598146 0.4524081 0.7436578 0.4531894 0.7439156 0.4522422 0.7592588 0.4531894 0.7439156 0.4539655 0.7439412 0.4508969 0.8720611 0.4495826 0.8043496 0.4521188 0.8037306 0.4552369 0.7591898 0.4543648 0.8026004 0.4537284 0.7589719 0.4521188 0.8037306 0.4508467 0.7598146 0.4522422 0.7592588 0.4493516 0.7598267 0.4449245 0.8022773 0.4480129 0.7591835 0.4543648 0.8026004 0.4522422 0.7592588 0.4537284 0.7589719 0.4534681 0.9565162 0.4508969 0.8720611 0.4541378 0.871582 0.4471243 0.8034983 0.4410359 0.8713492 0.4449245 0.8022773 0.4541378 0.871582 0.4521188 0.8037306 0.4543648 0.8026004 0.4495826 0.8043496 0.444221 0.8720108 0.4471243 0.8034983 0.4574095 0.8716449 0.4543648 0.8026004 0.4569019 0.8025042 0.4572428 0.9566861 0.4535168 0.9970268 0.4534681 0.9565162 0.4476357 0.8723909 0.4419516 0.95698 0.444221 0.8720108 0.4574095 0.8716449 0.4534681 0.9565162 0.4541378 0.871582 0.4496296 0.9567707 0.4476357 0.8723909 0.4508969 0.8720611 0.444221 0.8720108 0.4381514 0.9565364 0.4410359 0.8713492 0.9008652 0.1295113 0.9041707 0.1403979 0.9002205 0.1403145 0.4496158 0.997614 0.4457989 0.9570888 0.4496296 0.9567707 0.4419516 0.95698 0.4378991 0.9971793 0.4381514 0.9565364 0.4535168 0.9970268 0.4496296 0.9567707 0.4534681 0.9565162 0.4457989 0.9570888 0.4418041 0.9977072 0.4419516 0.95698 0.9079459 0.1414008 0.9106388 0.127014 0.9115639 0.1418944 0.8978706 0.1273348 0.9002205 0.1403145 0.8965561 0.1412426 0.8943502 0.1260818 0.8965561 0.1412426 0.8928647 0.1417732 0.2801589 0.7696827 0.2836728 0.7556614 0.2861011 0.7676239 0.2781123 0.7754758 0.2697561 0.7880838 0.2669143 0.7740365 0.2833867 0.7728856 0.2811583 0.7756003 0.2822951 0.7717913 0.2894099 0.7790799 0.2888946 0.775646 0.290781 0.7757107 0.2840442 0.7778869 0.2862029 0.7800897 0.2828613 0.7790012 0.2897212 0.7723951 0.2862782 0.7724819 0.2862705 0.7707445 0.7257355 0.879567 0.6839129 0.895389 0.6830764 0.8812909 0.6492229 0.857422 0.6636179 0.8687212 0.6532935 0.8711481 0.6657269 0.8829946 0.6581772 0.8968499 0.6561843 0.8845753 0.6557877 0.8267025 0.6457905 0.8432922 0.6424237 0.8290681 0.1209115 0.9242112 6.77967e-4 0.9361416 0 0.9242067 0.6795497 0.8237757 0.7279415 0.8356181 0.6806515 0.8380407 0.7281038 0.9084231 0.684097 0.9217478 0.6841413 0.9088314 0.681499 0.8522756 0.7262358 0.86487 0.6823376 0.866681 0.1565085 0.9488131 0.1504973 0.9592941 0.1508214 0.9483911 0.003746747 0.8765068 0.1226222 0.8911117 0.002846956 0.8884406 0.1220573 0.9464491 0.002844393 0.9599733 0.001683533 0.9480651 0.001685261 0.9003486 0.1214631 0.9130383 6.78818e-4 0.912272 0.1701762 0.9242126 0.1637223 0.93742 0.1628242 0.9242124 0.1508229 0.9000332 0.156374 0.9114249 0.1511008 0.9117548 0.1560109 0.9242122 0.1511 0.9366695 0.1510599 0.9242122 0.1502335 0.8787984 0.1565526 0.8887672 0.1504995 0.8891304 0.1858202 0.8797402 0.1922997 0.8913574 0.1835846 0.889598 0.1659381 0.8783434 0.1747096 0.8882875 0.1654374 0.8884947 0.1730791 0.9496875 0.1654354 0.9599308 0.1646417 0.9492361 0.1646429 0.8991891 0.1713525 0.9105151 0.163723 0.9110051 0.2028006 0.9424724 0.2003844 0.9543946 0.1955639 0.9453684 0.1886771 0.9473204 0.1835832 0.9588285 0.1810261 0.9486273 0.181027 0.8997988 0.1850607 0.9118224 0.1784141 0.9111289 0.1826739 0.9242129 0.1784136 0.9372967 0.1766659 0.9242128 0.783654 0.5272715 0.7902516 0.5225722 0.7904289 0.524258 0.1955642 0.9030582 0.19702 0.9144917 0.1907863 0.9127627 0.1933056 0.924213 0.190786 0.9356634 0.1877129 0.924213 0.2047314 0.8849086 0.2087964 0.8976334 0.200385 0.8940324 0.8002623 0.5444413 0.8050333 0.5336641 0.8025513 0.5469336 0.7813272 0.5413054 0.7889425 0.5485128 0.7792496 0.5426046 0.783612 0.5273182 0.778932 0.5333683 0.7818772 0.5254704 0.7981504 0.5256128 0.7902516 0.5225722 0.7995624 0.5236089 0.7944931 0.5346498 0.8002623 0.5444413 0.7938076 0.5375084 0.7937052 0.5316794 0.8026949 0.5339743 0.7944931 0.5346498 0.7981504 0.5256128 0.8050333 0.5336641 0.8026949 0.5339743 0.7805395 0.5335962 0.7875452 0.5307348 0.7865806 0.5340247 0.7813272 0.5413054 0.7865806 0.5340247 0.787437 0.5372543 0.8002623 0.5444413 0.7889425 0.5485128 0.7893778 0.5462291 0.7908331 0.5305626 0.7981504 0.5256128 0.7937052 0.5316794 0.7875725 0.5306675 0.7904289 0.524258 0.7908331 0.5305626 0.200385 0.8940324 0.2028006 0.9059543 0.1955642 0.9030582 0.1922997 0.8913574 0.1955642 0.9030582 0.1886779 0.9011061 0.1955615 0.8817811 0.200385 0.8940324 0.1922997 0.8913574 0.1970198 0.9339344 0.1955639 0.9453684 0.190786 0.9356634 0.190786 0.9356634 0.1886771 0.9473204 0.1850603 0.9366035 0.1877129 0.924213 0.1850603 0.9366035 0.1826739 0.9242129 0.1907863 0.9127627 0.1933056 0.924213 0.1877129 0.924213 0.1850607 0.9118224 0.1877129 0.924213 0.1826739 0.9242129 0.1886779 0.9011061 0.1907863 0.9127627 0.1850607 0.9118224 0.7813272 0.5413054 0.778932 0.5333683 0.7805395 0.5335962 0.7893778 0.5462291 0.787437 0.5372543 0.7905569 0.5384234 0.8002623 0.5444413 0.7905569 0.5384234 0.7938076 0.5375084 0.1850603 0.9366035 0.1810261 0.9486273 0.1784136 0.9372967 0.1784136 0.9372967 0.1730791 0.9496875 0.1713519 0.9379103 0.1766659 0.9242128 0.1713519 0.9379103 0.1701762 0.9242126 0.1784141 0.9111289 0.1826739 0.9242129 0.1766659 0.9242128 0.1713525 0.9105151 0.1766659 0.9242128 0.1701762 0.9242126 0.1730803 0.8987382 0.1784141 0.9111289 0.1713525 0.9105151 0.1922987 0.9570694 0.1858183 0.9686868 0.1835832 0.9588285 0.1835832 0.9588285 0.1760144 0.9701317 0.1747079 0.9601385 0.1810261 0.9486273 0.1747079 0.9601385 0.1730791 0.9496875 0.2087964 0.9507938 0.2047306 0.963519 0.2003844 0.9543946 0.2003844 0.9543946 0.1955602 0.9666463 0.1922987 0.9570694 0.1955639 0.9453684 0.1922987 0.9570694 0.1886771 0.9473204 0.163723 0.9110051 0.1701762 0.9242126 0.1628242 0.9242124 0.156374 0.9114249 0.1628242 0.9242124 0.1560109 0.9242122 0.1565099 0.8996116 0.163723 0.9110051 0.156374 0.9114249 0.1747079 0.9601385 0.1659355 0.9700825 0.1654354 0.9599308 0.1654354 0.9599308 0.1565098 0.9699051 0.1565505 0.9596577 0.1646417 0.9492361 0.1565505 0.9596577 0.1565085 0.9488131 0.1654374 0.8884947 0.1730803 0.8987382 0.1646429 0.8991891 0.1565526 0.8887672 0.1646429 0.8991891 0.1565099 0.8996116 0.1565126 0.87852 0.1654374 0.8884947 0.1565526 0.8887672 0.1835846 0.889598 0.1886779 0.9011061 0.181027 0.8997988 0.1747096 0.8882875 0.181027 0.8997988 0.1730803 0.8987382 0.1760166 0.8782948 0.1835846 0.889598 0.1747096 0.8882875 0.1504995 0.8891304 0.1565099 0.8996116 0.1508229 0.9000332 0.1226222 0.8911117 0.1508229 0.9000332 0.1220588 0.9019733 0.1563733 0.9369996 0.1508214 0.9483911 0.1511 0.9366695 0.1511 0.9366695 0.1220573 0.9464491 0.1214624 0.935384 0.1510599 0.9242122 0.1214624 0.935384 0.1209115 0.9242112 0.1511008 0.9117548 0.1560109 0.9242122 0.1510599 0.9242122 0.1214631 0.9130383 0.1510599 0.9242122 0.1209115 0.9242112 0.1220588 0.9019733 0.1511008 0.9117548 0.1214631 0.9130383 0.1713519 0.9379103 0.1646417 0.9492361 0.1637223 0.93742 0.1637223 0.93742 0.1565085 0.9488131 0.1563733 0.9369996 0.1628242 0.9242124 0.1563733 0.9369996 0.1560109 0.9242122 6.78818e-4 0.912272 0.1209115 0.9242112 0 0.9242067 0.7262358 0.86487 0.8649591 0.87742 0.7257355 0.879567 0.727064 0.8502337 0.8657863 0.8636836 0.7262358 0.86487 0.1226199 0.9573109 0.00374341 0.9719074 0.002844393 0.9599733 0.8684152 0.9182677 0.7300549 0.9369171 0.7293571 0.9226247 0.8669949 0.904697 0.7293571 0.9226247 0.7281038 0.9084231 0.002846956 0.8884406 0.1220588 0.9019733 0.001685261 0.9003486 0.7279415 0.8356181 0.8670243 0.8499172 0.727064 0.8502337 0.7283505 0.82091 0.868444 0.836108 0.7279415 0.8356181 0.1565505 0.9596577 0.1502306 0.9696263 0.1504973 0.9592941 0.1508214 0.9483911 0.1226199 0.9573109 0.1220573 0.9464491 0.6823376 0.866681 0.7257355 0.879567 0.6830764 0.8812909 0.6823376 0.866681 0.6657269 0.8829946 0.6636179 0.8687212 0.681499 0.8522756 0.6636179 0.8687212 0.6608012 0.8545864 0.7293571 0.9226247 0.6832136 0.9345133 0.684097 0.9217478 0.6655868 0.9197006 0.6832136 0.9345133 0.6633228 0.9308897 0.6806515 0.8380407 0.727064 0.8502337 0.681499 0.8522756 0.6806515 0.8380407 0.6608012 0.8545864 0.6582811 0.8405731 0.6795497 0.8237757 0.6582811 0.8405731 0.6557877 0.8267025 0.1214624 0.935384 0.001683533 0.9480651 6.77967e-4 0.9361416 0.8657695 0.8910899 0.7281038 0.9084231 0.7267994 0.8941127 0.8649591 0.87742 0.7267994 0.8941127 0.7257355 0.879567 0.6457905 0.8432922 0.6608012 0.8545864 0.6492229 0.857422 0.6362168 0.8462229 0.6492229 0.857422 0.6406693 0.8605097 0.6320499 0.8314725 0.6457905 0.8432922 0.6362168 0.8462229 0.6581772 0.8968499 0.6524513 0.9068288 0.6520031 0.8972522 0.6561843 0.8845753 0.6520031 0.8972522 0.6495364 0.8861263 0.6532935 0.8711481 0.6657269 0.8829946 0.6561843 0.8845753 0.6458516 0.8737456 0.6561843 0.8845753 0.6495364 0.8861263 0.6406693 0.8605097 0.6532935 0.8711481 0.6458516 0.8737456 0.7267994 0.8941127 0.6841413 0.9088314 0.6839129 0.895389 0.6657269 0.8829946 0.6839129 0.895389 0.666805 0.8964087 0.2862705 0.7707445 0.2833867 0.7728856 0.2822951 0.7717913 0.2861011 0.7676239 0.2822951 0.7717913 0.2801589 0.7696827 0.2919004 0.7698129 0.2862705 0.7707445 0.2861011 0.7676239 0.286298 0.7783112 0.2893206 0.7790839 0.2862029 0.7800897 0.2862029 0.7800897 0.2911361 0.7813284 0.2859708 0.7834116 0.2828613 0.7790012 0.2859708 0.7834116 0.2804275 0.7810616 0.290781 0.7757107 0.2885667 0.7736273 0.2897212 0.7723951 0.2944228 0.7755205 0.2897212 0.7723951 0.2919004 0.7698129 0.2919495 0.7817155 0.290781 0.7757107 0.2944228 0.7755205 0.6564834 0.9176209 0.6633228 0.9308897 0.6532964 0.9283919 0.6564834 0.9176209 0.6455665 0.926207 0.6497586 0.9155818 0.6587838 0.9078897 0.6497586 0.9155818 0.6524513 0.9068288 0.2828488 0.7755791 0.2828613 0.7790012 0.2811583 0.7756003 0.2811583 0.7756003 0.2804275 0.7810616 0.2781123 0.7754758 0.2822951 0.7717913 0.2781123 0.7754758 0.2801589 0.7696827 0.2801589 0.7696827 0.2669143 0.7740365 0.271427 0.7616157 0.2861011 0.7676239 0.2990067 0.7571058 0.2919004 0.7698129 0.4113799 0.7764241 0.393342 0.7610872 0.4146655 0.7611898 0.4069895 0.8080151 0.3900675 0.7916578 0.4087476 0.7919899 0.408735 0.8240509 0.3917047 0.8404765 0.390038 0.8243694 0.421958 0.8080202 0.4177277 0.823657 0.4155918 0.8080189 0.414669 0.5350888 0.4060072 0.5178036 0.4196926 0.5246757 0.4287129 0.7470253 0.4337531 0.7639124 0.4252192 0.762332 0.4288673 0.8375403 0.4252101 0.8537407 0.4211775 0.8387897 0.4211865 0.7772682 0.4246171 0.7931037 0.4177345 0.7923882 0.4577808 0.5328746 0.4496427 0.5431408 0.4482648 0.5362645 0.4822494 0.5357935 0.4682401 0.5292574 0.4791368 0.5253856 0.5727534 0.7664399 0.4999637 0.7815448 0.4987741 0.7742865 0.4864069 0.5552468 0.4771777 0.598795 0.4741757 0.5568178 0.4078325 0.5966861 0.3968474 0.5526808 0.4105459 0.5543692 0.4620715 0.557694 0.4493633 0.5964277 0.4498584 0.5579788 0.5961308 0.7791825 0.593133 0.7859855 0.5926236 0.7792933 0.4979699 0.744858 0.5716514 0.7460764 0.4981941 0.7522181 0.5748979 0.779972 0.5028364 0.7959855 0.501353 0.788775 0.4982563 0.7595794 0.5723657 0.7595679 0.4984146 0.7669402 0.6028968 0.7632433 0.5998051 0.7717432 0.5983983 0.7637203 0.5894859 0.7497048 0.5936219 0.7563148 0.5904167 0.7568588 0.5942295 0.7641624 0.5920333 0.7721033 0.5912002 0.7644836 0.5877472 0.7367497 0.5922607 0.7424395 0.5885804 0.7430546 0.6095829 0.735017 0.6143015 0.7417048 0.6088548 0.7411937 0.597327 0.7354523 0.6033394 0.7409678 0.5976793 0.7416962 0.6063264 0.7786419 0.6023144 0.7854054 0.6011345 0.7789133 0.5978873 0.7482914 0.6027277 0.754786 0.5980912 0.7555809 0.624043 0.7722984 0.6233385 0.7797496 0.6198033 0.7745398 0.6157163 0.7761812 0.6133466 0.783553 0.6111199 0.7774774 0.6079518 0.7476013 0.6112 0.7546963 0.6070883 0.7547033 0.6105437 0.7624324 0.6087861 0.7707144 0.6068676 0.7628222 0.7129049 0.4510516 0.7067346 0.4555042 0.706587 0.4538676 0.617058 0.7486522 0.6186907 0.7555536 0.6147643 0.7549001 0.6170487 0.7617426 0.6162501 0.768912 0.6136268 0.7621055 0.6214894 0.7369524 0.6248024 0.7444745 0.6194221 0.7428169 0.6969323 0.4343133 0.6923577 0.4447036 0.6947205 0.4319409 0.7153316 0.437111 0.7078045 0.4302226 0.7173517 0.435822 0.7129529 0.4510129 0.7176989 0.4448567 0.7146786 0.4527958 0.6990135 0.4525352 0.7067346 0.4555042 0.6976242 0.4544919 0.7025095 0.4437529 0.6969323 0.4343133 0.7031679 0.4409605 0.7032905 0.4466564 0.6946139 0.4444079 0.7025095 0.4437529 0.6990135 0.4525352 0.6923577 0.4447036 0.6946139 0.4444079 0.7161174 0.4446074 0.7098597 0.4470267 0.7101807 0.443907 0.7153316 0.437111 0.7101807 0.443907 0.7093424 0.441168 0.6969323 0.4343133 0.7078045 0.4302226 0.7074111 0.4324438 0.7064856 0.4477664 0.6990135 0.4525352 0.7032905 0.4466564 0.709793 0.4470492 0.706587 0.4538676 0.7064856 0.4477664 0.6194221 0.7428169 0.6216737 0.7499547 0.617058 0.7486522 0.6143015 0.7417048 0.617058 0.7486522 0.6127178 0.7479046 0.6156758 0.7356337 0.6194221 0.7428169 0.6143015 0.7417048 0.6199522 0.7674496 0.6198033 0.7745398 0.6162501 0.768912 0.6162501 0.768912 0.6157163 0.7761812 0.6128079 0.7698588 0.6136268 0.7621055 0.6128079 0.7698588 0.6105437 0.7624324 0.6147643 0.7549001 0.6170487 0.7617426 0.6136268 0.7621055 0.6112 0.7546963 0.6136268 0.7621055 0.6105437 0.7624324 0.6127178 0.7479046 0.6147643 0.7549001 0.6112 0.7546963 0.7153316 0.437111 0.7176989 0.4448567 0.7161174 0.4446074 0.7074111 0.4324438 0.7093424 0.441168 0.7063142 0.4400547 0.6969323 0.4343133 0.7063142 0.4400547 0.7031679 0.4409605 0.6128079 0.7698588 0.6111199 0.7774774 0.6087861 0.7707144 0.6087861 0.7707144 0.6063264 0.7786419 0.6045051 0.771548 0.6068676 0.7628222 0.6045051 0.771548 0.6028968 0.7632433 0.6070883 0.7547033 0.6105437 0.7624324 0.6068676 0.7628222 0.6027277 0.754786 0.6068676 0.7628222 0.6028968 0.7632433 0.6030206 0.7474679 0.6070883 0.7547033 0.6027277 0.754786 0.618565 0.781911 0.6153541 0.7894397 0.6133466 0.783553 0.6133466 0.783553 0.6094494 0.7909601 0.6080013 0.7849307 0.6111199 0.7774774 0.6080013 0.7849307 0.6063264 0.7786419 0.6282515 0.7770006 0.6265898 0.7850502 0.6233385 0.7797496 0.6233385 0.7797496 0.621182 0.7875588 0.618565 0.781911 0.6198033 0.7745398 0.618565 0.781911 0.6157163 0.7761812 0.5980912 0.7555809 0.6028968 0.7632433 0.5983983 0.7637203 0.5936219 0.7563148 0.5983983 0.7637203 0.5942295 0.7641624 0.5929383 0.7490776 0.5980912 0.7555809 0.5936219 0.7563148 0.6080013 0.7849307 0.6032795 0.7915844 0.6023144 0.7854054 0.6023144 0.7854054 0.5975007 0.7920879 0.5968604 0.7858151 0.6011345 0.7789133 0.5968604 0.7858151 0.5961308 0.7791825 0.5976793 0.7416962 0.6030206 0.7474679 0.5978873 0.7482914 0.5922607 0.7424395 0.5978873 0.7482914 0.5929383 0.7490776 0.5915712 0.736172 0.5976793 0.7416962 0.5922607 0.7424395 0.6088548 0.7411937 0.6127178 0.7479046 0.6079518 0.7476013 0.6033394 0.7409678 0.6079518 0.7476013 0.6030206 0.7474679 0.6034907 0.7347686 0.6088548 0.7411937 0.6033394 0.7409678 0.5885804 0.7430546 0.5929383 0.7490776 0.5894859 0.7497048 0.5716514 0.7460764 0.5894859 0.7497048 0.5720118 0.7527589 0.5952813 0.771963 0.5926236 0.7792933 0.5920333 0.7721033 0.5920333 0.7721033 0.5748979 0.779972 0.5738157 0.7732403 0.5912002 0.7644836 0.5738157 0.7732403 0.5727534 0.7664399 0.5904167 0.7568588 0.5942295 0.7641624 0.5912002 0.7644836 0.5723657 0.7595679 0.5912002 0.7644836 0.5727534 0.7664399 0.5720118 0.7527589 0.5904167 0.7568588 0.5723657 0.7595679 0.6045051 0.771548 0.6011345 0.7789133 0.5998051 0.7717432 0.5998051 0.7717432 0.5961308 0.7791825 0.5952813 0.771963 0.5983983 0.7637203 0.5952813 0.771963 0.5942295 0.7641624 0.4984146 0.7669402 0.5727534 0.7664399 0.4987741 0.7742865 0.4493633 0.5964277 0.434809 0.7367454 0.4353933 0.5948922 0.4632542 0.5977967 0.4487371 0.7380775 0.4493633 0.5964277 0.5759472 0.7865813 0.5041611 0.8032289 0.5028364 0.7959855 0.3931886 0.7387904 0.3791062 0.5978574 0.3935487 0.5975799 0.4069975 0.7378249 0.3935487 0.5975799 0.4078325 0.5966861 0.4981941 0.7522181 0.5720118 0.7527589 0.4982563 0.7595794 0.4771777 0.598795 0.4627673 0.7398252 0.4632542 0.5977967 0.4912793 0.5989754 0.4769325 0.7417433 0.4771777 0.598795 0.5968604 0.7858151 0.5936405 0.792325 0.593133 0.7859855 0.5926236 0.7792933 0.5759472 0.7865813 0.5748979 0.779972 0.4498584 0.5579788 0.4353933 0.5948922 0.4371876 0.5573793 0.4620715 0.557694 0.4496427 0.5431408 0.4603058 0.5412635 0.3935487 0.5975799 0.3827865 0.5509961 0.3968474 0.5526808 0.4011225 0.5305772 0.3827865 0.5509961 0.3866851 0.5266274 0.414669 0.5350888 0.3968474 0.5526808 0.4011225 0.5305772 0.4741757 0.5568178 0.4632542 0.5977967 0.4620715 0.557694 0.4741757 0.5568178 0.4603058 0.5412635 0.4712134 0.5387526 0.4864069 0.5552468 0.4712134 0.5387526 0.4822494 0.5357935 0.5738157 0.7732403 0.501353 0.788775 0.4999637 0.7815448 0.420839 0.737062 0.4078325 0.5966861 0.4220233 0.5955997 0.4682401 0.5292574 0.4603058 0.5412635 0.4577808 0.5328746 0.4651253 0.5222132 0.4577808 0.5328746 0.4549173 0.5270681 0.4762425 0.5175135 0.4682401 0.5292574 0.4651253 0.5222132 0.4269496 0.5397148 0.4196926 0.5246757 0.4308696 0.5319458 0.4308696 0.5319458 0.4252526 0.5173544 0.4349726 0.526973 0.439913 0.5371143 0.4349726 0.526973 0.4411892 0.5329908 0.4467822 0.5318571 0.439913 0.5371143 0.4411892 0.5329908 0.4549173 0.5270681 0.4482648 0.5362645 0.4467822 0.5318571 0.4220233 0.5955997 0.4105459 0.5543692 0.4239436 0.5561006 0.4269496 0.5397148 0.4105459 0.5543692 0.414669 0.5350888 0.4177345 0.7923882 0.421958 0.8080202 0.4155918 0.8080189 0.4087476 0.7919899 0.4155918 0.8080189 0.4069895 0.8080151 0.4113799 0.7764241 0.4177345 0.7923882 0.4087476 0.7919899 0.4337522 0.8521606 0.4287039 0.8690626 0.4252101 0.8537407 0.4252101 0.8537407 0.417211 0.8707203 0.4146461 0.8548815 0.4211775 0.8387897 0.4146461 0.8548815 0.4113621 0.8396316 0.4252192 0.762332 0.4288697 0.7785184 0.4211865 0.7772682 0.4146655 0.7611898 0.4211865 0.7772682 0.4113799 0.7764241 0.4172314 0.7453669 0.4252192 0.762332 0.4146655 0.7611898 0.4060072 0.5178036 0.3866851 0.5266274 0.3904557 0.5116109 0.4060072 0.5178036 0.3949881 0.4991512 0.4115972 0.507912 0.4196926 0.5246757 0.4115972 0.507912 0.4252526 0.5173544 0.4246144 0.822943 0.4211775 0.8387897 0.4177277 0.823657 0.4177277 0.823657 0.4113621 0.8396316 0.408735 0.8240509 0.4155918 0.8080189 0.408735 0.8240509 0.4069895 0.8080151 0.4113621 0.8396316 0.393301 0.8549793 0.3917047 0.8404765 0.4069895 0.8080151 0.390038 0.8243694 0.3884272 0.8079937 0.4087476 0.7919899 0.3917428 0.7755731 0.4113799 0.7764241 0.02160561 0.2723965 0.009693503 0.3227413 6.14809e-5 0.2745733 0.03038799 0.3164128 0.02851134 0.3680837 0.009693503 0.3227413 0.04756665 0.3578508 0.05578613 0.4088735 0.02851134 0.3680837 0.07247608 0.3951303 0.09047269 0.4435569 0.05578613 0.4088735 0.1041603 0.4268292 0.1312459 0.4708085 0.09047269 0.4435569 0.1414071 0.4517359 0.1765484 0.4895821 0.1312459 0.4708085 0.1827916 0.4688939 0.2246462 0.4991512 0.1765484 0.4895821 0.2267286 0.4776403 0.2736941 0.4991385 0.2246462 0.4991512 0.2715312 0.4776321 0.3218039 0.4895341 0.2736941 0.4991385 0.3154752 0.4688605 0.36712 0.4707001 0.3218039 0.4895341 0.356866 0.4516562 0.4078966 0.4433565 0.36712 0.4707001 0.3941095 0.4266778 0.4425563 0.408548 0.4078966 0.4433565 0.4257671 0.3948808 0.4697511 0.3676207 0.4425563 0.408548 0.4506126 0.3574904 0.4884452 0.3221793 0.4697511 0.3676207 0.467701 0.3159628 0.4979699 0.273985 0.4884452 0.3221793 0.47642 0.2719081 0.4979699 0.2248743 0.4979699 0.273985 0.4764353 0.2270171 0.4884362 0.1767157 0.4979699 0.2248743 0.4677373 0.1830006 0.4697214 0.1313478 0.4884362 0.1767157 0.4506498 0.1415387 0.4425343 0.09050852 0.4697214 0.1313478 0.4258207 0.104218 0.4079115 0.0557658 0.4425343 0.09050852 0.394198 0.07247 0.367178 0.02845537 0.4079115 0.0557658 0.3569923 0.04751479 0.3218942 0.00962907 0.367178 0.02845537 0.3156298 0.03031361 0.2737945 1.67569e-5 0.3218942 0.00962907 0.2716966 0.02153342 0.224723 0 0.2737945 1.67569e-5 0.226879 0.02152222 0.1765666 0.009597301 0.224723 0 0.1829009 0.03029555 0.1311853 0.02845489 0.1765666 0.009597301 0.1414575 0.04752856 0.09033662 0.055848 0.1311853 0.02845489 0.104148 0.07256203 0.0555911 0.09070408 0.09033662 0.055848 0.0724014 0.1044124 0.02830123 0.1316715 0.0555911 0.09070408 0.047459 0.1418403 0.009530425 0.1771639 0.02830123 0.1316715 0.1827916 0.4688939 0.1472385 0.440822 0.18638 0.457053 0.03029483 0.1833993 0 0.2254189 0.009530425 0.1771639 0.02156901 0.2274844 6.14809e-5 0.2745733 0 0.2254189 0.8705984 0.2046647 0.6659337 0.3726285 0.4979699 0.1679637 0.455822 0.3123889 0.4443733 0.2688013 0.4640769 0.2707024 0.47642 0.2719081 0.455822 0.3123889 0.4640769 0.2707024 0.2716966 0.02153342 0.2281017 0.03384339 0.226879 0.02152222 0.03038799 0.3164128 0.05848693 0.3520057 0.04756665 0.3578508 0.3941095 0.4266778 0.3510067 0.4407482 0.3862258 0.4171218 0.4258207 0.104218 0.3863343 0.08202409 0.394198 0.07247 0.0724014 0.1044124 0.05842024 0.147677 0.047459 0.1418403 0.2267286 0.4776403 0.18638 0.457053 0.2279346 0.4653264 0.4764353 0.2270171 0.4640769 0.2707024 0.4640993 0.2282275 0.226879 0.02152222 0.1865172 0.04214686 0.1829009 0.03029555 0.04756665 0.3578508 0.08204394 0.3872728 0.07247608 0.3951303 0.3941095 0.4266778 0.4161625 0.3870466 0.4257671 0.3948808 0.394198 0.07247 0.3511477 0.05841964 0.3569923 0.04751479 0.047459 0.1418403 0.04217863 0.1869866 0.03029483 0.1833993 0.2267286 0.4776403 0.2703065 0.4653186 0.2715312 0.4776321 0.4764353 0.2270171 0.4558783 0.1865838 0.4677373 0.1830006 0.1829009 0.03029555 0.1473308 0.05845189 0.1414575 0.04752856 0.07247608 0.3951303 0.1120103 0.4172605 0.1041603 0.4268292 0.4257671 0.3948808 0.4396586 0.3516784 0.4506126 0.3574904 0.3569923 0.04751479 0.3120302 0.04215127 0.3156298 0.03031361 0.03029483 0.1833993 0.03391772 0.2286853 0.02156901 0.2274844 0.2715312 0.4776321 0.3118646 0.4570216 0.3154752 0.4688605 0.4677373 0.1830006 0.4397208 0.1473597 0.4506498 0.1415387 0.1414575 0.04752856 0.1120508 0.08213728 0.104148 0.07256203 0.1041603 0.4268292 0.1472385 0.440822 0.1414071 0.4517359 0.467701 0.3159628 0.4396586 0.3516784 0.455822 0.3123889 0.3156298 0.03031361 0.2704829 0.03384965 0.2716966 0.02153342 0.03038799 0.3164128 0.03394436 0.2711679 0.04224401 0.3128054 0.02156901 0.2274844 0.03394436 0.2711679 0.02160561 0.2723965 0.356866 0.4516562 0.3118646 0.4570216 0.3510067 0.4407482 0.4506498 0.1415387 0.4162405 0.1120553 0.4258207 0.104218 0.104148 0.07256203 0.08201879 0.1122716 0.0724014 0.1044124 0.4369645 0.1923242 0.4072939 0.1645298 0.4222981 0.1566683 0.05848693 0.3520057 0.0611509 0.3070265 0.0758962 0.3426585 0.05842024 0.147677 0.09738188 0.1247919 0.07592064 0.1569662 0.4640769 0.2707024 0.4444159 0.2301827 0.4640993 0.2282275 0.08204394 0.3872728 0.0758962 0.3426585 0.09729063 0.3747177 0.04217863 0.1869866 0.07592064 0.1569662 0.06114435 0.192685 0.4640993 0.2282275 0.4369645 0.1923242 0.4558783 0.1865838 0.1120103 0.4172605 0.09729063 0.3747177 0.1245116 0.4019793 0.03391772 0.2286853 0.06114435 0.192685 0.0536198 0.230576 0.4397208 0.1473597 0.4369645 0.1923242 0.4222981 0.1566683 0.1120103 0.4172605 0.1565156 0.4234003 0.1472385 0.440822 0.03394436 0.2711679 0.0536198 0.230576 0.053626 0.269183 0.4397208 0.1473597 0.4009758 0.1245772 0.4162405 0.1120553 0.1472385 0.440822 0.192076 0.4381583 0.18638 0.457053 0.3863343 0.08202409 0.4009758 0.1245772 0.3738133 0.09728014 0.18638 0.457053 0.2298286 0.4456841 0.2279346 0.4653264 0.3511477 0.05841964 0.3738133 0.09728014 0.3418521 0.07582485 0.2279346 0.4653264 0.2683227 0.4456839 0.2703065 0.4653186 0.3120302 0.04215127 0.3418521 0.07582485 0.3063192 0.06103765 0.2703065 0.4653186 0.3060762 0.4381514 0.3118646 0.4570216 0.2704829 0.03384965 0.3063192 0.06103765 0.2685799 0.05349147 0.3118646 0.4570216 0.3416333 0.4233682 0.3510067 0.4407482 0.2281017 0.03384339 0.2685799 0.05349147 0.2300854 0.05348455 0.3510067 0.4407482 0.3736271 0.4019045 0.3862258 0.4171218 0.1865172 0.04214686 0.2300854 0.05348455 0.1923172 0.06102997 0.3862258 0.4171218 0.4008242 0.3745808 0.4161625 0.3870466 0.1865172 0.04214686 0.1567274 0.0758506 0.1473308 0.05845189 0.4161625 0.3870466 0.4221705 0.3424369 0.4396586 0.3516784 0.1473308 0.05845189 0.1246832 0.09739506 0.1120508 0.08213728 0.4396586 0.3516784 0.4368513 0.3067097 0.455822 0.3123889 0.03394436 0.2711679 0.0611509 0.3070265 0.04224401 0.3128054 0.08201879 0.1122716 0.1246832 0.09739506 0.09738188 0.1247919 0.3337657 0.0906834 0.3588085 0.1153246 0.3306682 0.09644877 0.1245116 0.4019793 0.1645876 0.4085249 0.1565156 0.4234003 0.0536198 0.230576 0.07051688 0.2676166 0.053626 0.269183 0.4222981 0.1566683 0.3878018 0.1352089 0.4009758 0.1245772 0.1565156 0.4234003 0.1970862 0.4219967 0.192076 0.4381583 0.3738133 0.09728014 0.3878018 0.1352089 0.3629747 0.1102745 0.2298286 0.4456841 0.1970862 0.4219967 0.2315831 0.428857 0.3738133 0.09728014 0.3337657 0.0906834 0.3418521 0.07582485 0.2683227 0.4456839 0.2315831 0.428857 0.266752 0.4288387 0.3418521 0.07582485 0.3012973 0.07718956 0.3063192 0.06103765 0.2683227 0.4456839 0.3012378 0.421938 0.3060762 0.4381514 0.3063192 0.06103765 0.2668188 0.07031548 0.2685799 0.05349147 0.3060762 0.4381514 0.3337101 0.408408 0.3416333 0.4233682 0.2685799 0.05349147 0.2316581 0.07033216 0.2300854 0.05348455 0.3736271 0.4019045 0.3337101 0.408408 0.3629236 0.3887774 0.2300854 0.05348455 0.1971691 0.07725119 0.1923172 0.06102997 0.4008242 0.3745808 0.3629236 0.3887774 0.3877534 0.3637973 0.1567274 0.0758506 0.1971691 0.07725119 0.1646771 0.09081786 0.4008242 0.3745808 0.4072316 0.3344055 0.4221705 0.3424369 0.1567274 0.0758506 0.1354292 0.110557 0.1246832 0.09739506 0.4221705 0.3424369 0.4206053 0.3017134 0.4368513 0.3067097 0.0611509 0.3070265 0.07051688 0.2676166 0.07740426 0.3022007 0.1246832 0.09739506 0.1104735 0.1356325 0.09738188 0.1247919 0.4443733 0.2688013 0.4206053 0.3017134 0.4274814 0.2670332 0.0611509 0.3070265 0.09088963 0.3347618 0.0758962 0.3426585 0.07592064 0.1569662 0.1104735 0.1356325 0.09086114 0.1650522 0.4444159 0.2301827 0.4274814 0.2670332 0.4275192 0.2317216 0.0758962 0.3426585 0.1104507 0.3640552 0.09729063 0.3747177 0.07592064 0.1569662 0.07736569 0.1977024 0.06114435 0.192685 0.4444159 0.2301827 0.420704 0.1971152 0.4369645 0.1923242 0.09729063 0.3747177 0.135335 0.3889607 0.1245116 0.4019793 0.0536198 0.230576 0.07736569 0.1977024 0.07050025 0.2323334 0.2323024 0.07684957 0.2657028 0.08171778 0.2328015 0.08173859 0.266752 0.4288387 0.2322251 0.422343 0.2661073 0.4223252 0.3012973 0.07718956 0.3306682 0.09644877 0.2993879 0.08344918 0.266752 0.4288387 0.2993298 0.4156761 0.3012378 0.421938 0.2668188 0.07031548 0.2993879 0.08344918 0.2661723 0.07682907 0.3337101 0.408408 0.2993298 0.4156761 0.3306112 0.4026377 0.2316581 0.07033216 0.2661723 0.07682907 0.2323024 0.07684957 0.3337101 0.408408 0.3587523 0.3837223 0.3629236 0.3887774 0.2316581 0.07033216 0.1990837 0.08352112 0.1971691 0.07725119 0.3877534 0.3637973 0.3587523 0.3837223 0.3826702 0.3596522 0.1646771 0.09081786 0.1990837 0.08352112 0.1677945 0.09659457 0.4072316 0.3344055 0.3826702 0.3596522 0.401426 0.3313339 0.1646771 0.09081786 0.1396433 0.1156097 0.1354292 0.110557 0.4206053 0.3017134 0.401426 0.3313339 0.414301 0.2998256 0.07740426 0.3022007 0.07705038 0.2669763 0.0836845 0.3002994 0.1354292 0.110557 0.1155623 0.1397936 0.1104735 0.1356325 0.4274814 0.2670332 0.414301 0.2998256 0.4209402 0.2663853 0.09088963 0.3347618 0.0836845 0.3002994 0.09667557 0.3316742 0.09086114 0.1650522 0.1155623 0.1397936 0.09665489 0.1681497 0.4274814 0.2670332 0.420984 0.2323513 0.4275192 0.2317216 0.09088963 0.3347618 0.1155207 0.3599008 0.1104507 0.3640552 0.07736569 0.1977024 0.09665489 0.1681497 0.08365041 0.1996119 0.4275192 0.2317216 0.4144218 0.1990019 0.420704 0.1971152 0.1104507 0.3640552 0.1394951 0.3838997 0.135335 0.3889607 0.07736569 0.1977024 0.0770353 0.2329801 0.07050025 0.2323334 0.420704 0.1971152 0.4015044 0.1676023 0.4072939 0.1645298 0.1645876 0.4085249 0.1394951 0.3838997 0.1676786 0.4027516 0.07050025 0.2323334 0.07705038 0.2669763 0.07051688 0.2676166 0.4072939 0.1645298 0.3827266 0.1393496 0.3878018 0.1352089 0.1970862 0.4219967 0.1676786 0.4027516 0.1989895 0.4157328 0.3629747 0.1102745 0.3827266 0.1393496 0.3588085 0.1153246 0.2315831 0.428857 0.1989895 0.4157328 0.2322251 0.422343 0.1428315 0.119383 0.1738991 0.1077942 0.1479085 0.1254284 0.3306112 0.4026377 0.3556094 0.3799403 0.3587523 0.3837223 0.1990837 0.08352112 0.2328015 0.08173859 0.2005363 0.08822214 0.3587523 0.3837223 0.3788455 0.356555 0.3826702 0.3596522 0.1990837 0.08352112 0.1701505 0.1009225 0.1677945 0.09659457 0.401426 0.3313339 0.3788455 0.356555 0.3970598 0.3290453 0.1677945 0.09659457 0.1428315 0.119383 0.1396433 0.1156097 0.414301 0.2998256 0.3970598 0.3290453 0.409562 0.2984289 0.07705038 0.2669763 0.08839279 0.2988577 0.0836845 0.3002994 0.1396433 0.1156097 0.1193897 0.1429023 0.1155623 0.1397936 0.414301 0.2998256 0.4160299 0.2659146 0.4209402 0.2663853 0.0836845 0.3002994 0.1010099 0.3293431 0.09667557 0.3316742 0.09665489 0.1681497 0.1193897 0.1429023 0.1010072 0.1704607 0.420984 0.2323513 0.4160299 0.2659146 0.4160818 0.2328383 0.09667557 0.3316742 0.119315 0.356771 0.1155207 0.3599008 0.08365041 0.1996119 0.1010072 0.1704607 0.08836936 0.201031 0.420984 0.2323513 0.4097124 0.2004318 0.4144218 0.1990019 0.1155207 0.3599008 0.1426042 0.3800919 0.1394951 0.3838997 0.0770353 0.2329801 0.08836936 0.201031 0.08194017 0.2334508 0.4144218 0.1990019 0.3971676 0.1699212 0.4015044 0.1676023 0.1676786 0.4027516 0.1426042 0.3800919 0.1699834 0.3984121 0.07705038 0.2669763 0.08194017 0.2334508 0.08195155 0.2664807 0.4015044 0.1676023 0.3789287 0.1424685 0.3827266 0.1393496 0.1989895 0.4157328 0.1699834 0.3984121 0.2004017 0.4110282 0.3827266 0.1393496 0.3556948 0.1191233 0.3588085 0.1153246 0.1989895 0.4157328 0.2326905 0.4174541 0.2322251 0.422343 0.3306682 0.09644877 0.3556948 0.1191233 0.3283582 0.1007817 0.2322251 0.422343 0.2656074 0.4174401 0.2661073 0.4223252 0.2993879 0.08344918 0.3283582 0.1007817 0.2979704 0.08815002 0.2993298 0.4156761 0.2656074 0.4174401 0.2978825 0.4109831 0.2661723 0.07682907 0.2979704 0.08815002 0.2657028 0.08171778 0.2993298 0.4156761 0.3282713 0.3983165 0.3306112 0.4026377 0.2699142 0.8605453 0.2303314 0.851135 0.2610647 0.8407791 0.3970598 0.3290453 0.4019913 0.2961861 0.409562 0.2984289 0.08195155 0.2664807 0.09588897 0.296567 0.08839279 0.2988577 0.1193897 0.1429023 0.1479085 0.1254284 0.1254844 0.1478669 0.409562 0.2984289 0.408209 0.2651549 0.4160299 0.2659146 0.08839279 0.2988577 0.1079117 0.3256373 0.1010099 0.3293431 0.1010072 0.1704607 0.1254844 0.1478669 0.1079402 0.1741452 0.4160818 0.2328383 0.408209 0.2651549 0.4082747 0.2336081 0.119315 0.356771 0.1079117 0.3256373 0.1253582 0.3517937 0.08836936 0.201031 0.1079402 0.1741452 0.09588426 0.2032924 0.4160818 0.2328383 0.402213 0.2027032 0.4097124 0.2004318 0.1426042 0.3800919 0.1253582 0.3517937 0.1475574 0.3740348 0.08194017 0.2334508 0.09588426 0.2032924 0.08974951 0.2342025 0.4097124 0.2004318 0.3902617 0.1736075 0.3971676 0.1699212 0.1426042 0.3800919 0.1736572 0.3915082 0.1699834 0.3984121 0.08195155 0.2664807 0.08974951 0.2342025 0.08975446 0.2656951 0.3789287 0.1424685 0.3902617 0.1736075 0.3728802 0.147428 0.1699834 0.3984121 0.2026552 0.4035428 0.2004017 0.4110282 0.3789287 0.1424685 0.3507354 0.1251654 0.3556948 0.1191233 0.2004017 0.4110282 0.233437 0.4096748 0.2326905 0.4174541 0.3283582 0.1007817 0.3507354 0.1251654 0.3246779 0.1076737 0.2326905 0.4174541 0.2648178 0.4096663 0.2656074 0.4174401 0.3283582 0.1007817 0.2957106 0.09562695 0.2979704 0.08815002 0.2656074 0.4174401 0.295588 0.4035147 0.2978825 0.4109831 0.2657028 0.08171778 0.2957106 0.09562695 0.2649511 0.08949202 0.2978825 0.4109831 0.3245604 0.391444 0.3282713 0.3983165 0.2328015 0.08173859 0.2649511 0.08949202 0.2335892 0.08951032 0.3556094 0.3799403 0.3245604 0.391444 0.3506178 0.3739257 0.2005363 0.08822214 0.2335892 0.08951032 0.2028403 0.09568935 0.3556094 0.3799403 0.372758 0.3516316 0.3788455 0.356555 0.2005363 0.08822214 0.1738991 0.1077942 0.1701505 0.1009225 0.3788455 0.356555 0.3900985 0.3254051 0.3970598 0.3290453 0.02133822 0.6708726 0.135163 0.692965 0.02140766 0.7034121 0.04366976 0.5651861 0.04035937 0.6085914 0.02092033 0.5976859 0.3791062 0.7102751 0.3576353 0.6752842 0.3791062 0.6732388 0.3027675 0.8425012 0.2610647 0.8407791 0.289699 0.8243504 0.02092033 0.5976859 0.02758973 0.6388063 0.006815612 0.6325929 0.3720772 0.6369111 0.3576353 0.6752842 0.351402 0.6429962 0.333539 0.8163232 0.289699 0.8243504 0.3160861 0.800751 0 0.6688832 0.02758973 0.6388063 0.02133822 0.6708726 0.3720772 0.6369111 0.339139 0.6125047 0.3582721 0.6025979 0 0.6688832 0.02140766 0.7034121 2.01188e-4 0.7055118 0.3582721 0.6025979 0.321293 0.5849223 0.3381888 0.5715429 0.007282137 0.741305 0.02140766 0.7034121 0.02764278 0.7352443 0.3381888 0.5715429 0.2985037 0.5612671 0.3125306 0.5448672 0.02097785 0.775044 0.02764278 0.7352443 0.03976833 0.7652373 0.2821879 0.5237051 0.2985037 0.5612671 0.2715999 0.5424535 0.04085534 0.8055022 0.03976833 0.7652373 0.05731534 0.7922847 0.2821879 0.5237051 0.2416167 0.5291408 0.2484297 0.5087394 0.04085534 0.8055022 0.07982283 0.8152361 0.06629967 0.8313555 0.2124667 0.5004629 0.2416167 0.5291408 0.2096552 0.5217885 0.09600377 0.8515114 0.07982283 0.8152361 0.1062448 0.8331918 0.2124667 0.5004629 0.1768676 0.5206534 0.1755725 0.4991512 0.09600377 0.8515114 0.1354386 0.8463459 0.1286731 0.8661354 0.1755725 0.4991512 0.1444325 0.5258035 0.1390186 0.5048654 0.1634807 0.8745786 0.1354386 0.8463459 0.1665101 0.853861 0.1390186 0.5048654 0.1135655 0.5371627 0.1040199 0.5175479 0.333539 0.8163232 0.3377026 0.7706031 0.3577397 0.782095 0.199325 0.8765068 0.1665101 0.853861 0.1984797 0.8554905 0.1040199 0.5175479 0.08567571 0.5545923 0.07178461 0.5372925 0.3577397 0.782095 0.3510599 0.7404769 0.3720479 0.7468028 0.2351238 0.8718358 0.1984797 0.8554905 0.2303314 0.851135 0.04366976 0.5651861 0.08567571 0.5545923 0.06134366 0.5800316 0.3791062 0.7102751 0.3510599 0.7404769 0.3575772 0.708191 0.1462177 0.7219345 0.1590114 0.7037459 0.1623941 0.7092282 0.339139 0.6125047 0.2307921 0.6566109 0.321293 0.5849223 0.02764278 0.7352443 0.135163 0.692965 0.1369227 0.7033015 0.321293 0.5849223 0.2235912 0.6489474 0.2985037 0.5612671 0.03976833 0.7652373 0.1369227 0.7033015 0.1406579 0.7130786 0.2985037 0.5612671 0.2150369 0.642844 0.2715999 0.5424535 0.05731534 0.7922847 0.1406579 0.7130786 0.1462177 0.7219345 0.2715999 0.5424535 0.2054535 0.6385293 0.2416167 0.5291408 0.2096552 0.5217885 0.2054535 0.6385293 0.1952031 0.6361715 0.2096552 0.5217885 0.1846741 0.6358708 0.1768676 0.5206534 0.1062448 0.8331918 0.1712976 0.7399029 0.1354386 0.8463459 0.1768676 0.5206534 0.1742689 0.6376572 0.1444325 0.5258035 0.1665101 0.853861 0.1712976 0.7399029 0.1814438 0.7423417 0.1444325 0.5258035 0.164394 0.6414915 0.1135655 0.5371627 0.1984797 0.8554905 0.1814438 0.7423417 0.1919161 0.7427792 0.1135655 0.5371627 0.1554545 0.6472686 0.08567571 0.5545923 0.3377026 0.7706031 0.2388467 0.7067433 0.3510599 0.7404769 0.2303314 0.851135 0.1919161 0.7427792 0.2023398 0.7411649 0.3575772 0.708191 0.2388467 0.7067433 0.2413553 0.6964276 0.2610647 0.8407791 0.2023398 0.7411649 0.2123352 0.7374989 0.3575772 0.708191 0.2417626 0.6858457 0.3576353 0.6752842 0.289699 0.8243504 0.2123352 0.7374989 0.2215079 0.7318116 0.04035937 0.6085914 0.1378352 0.6721763 0.02758973 0.6388063 0.351402 0.6429962 0.2417626 0.6858457 0.2400687 0.6754171 0.02133822 0.6708726 0.1378352 0.6721763 0.1354629 0.6824557 0.351402 0.6429962 0.2363591 0.6655467 0.339139 0.6125047 0.1719645 0.7177167 0.1787142 0.7176997 0.1777929 0.7204124 0.2150369 0.642844 0.1990054 0.6582091 0.2054535 0.6385293 0.1533846 0.7295188 0.1623941 0.7092282 0.1667679 0.7139411 0.1952031 0.6361715 0.1990054 0.6582091 0.192731 0.6567306 0.1618387 0.7355739 0.1667679 0.7139411 0.1719645 0.7177167 0.1952031 0.6361715 0.1862886 0.6565116 0.1846741 0.6358708 0.1618387 0.7355739 0.1777929 0.7204124 0.1712976 0.7399029 0.1742689 0.6376572 0.1862886 0.6565116 0.1799294 0.6575616 0.1814438 0.7423417 0.1777929 0.7204124 0.1840417 0.7219215 0.1742689 0.6376572 0.1739046 0.6598391 0.164394 0.6414915 0.2286756 0.7247335 0.21669 0.7059851 0.2343485 0.7163903 0.1814438 0.7423417 0.190473 0.7221922 0.1919161 0.7427792 0.164394 0.6414915 0.1684551 0.6632488 0.1554545 0.6472686 0.2343485 0.7163903 0.2193798 0.7001122 0.2388467 0.7067433 0.2023398 0.7411649 0.190473 0.7221922 0.1968387 0.721199 0.1480319 0.6542179 0.1684551 0.6632488 0.1637983 0.6676385 0.2413553 0.6964276 0.2193798 0.7001122 0.2208776 0.6938194 0.2123352 0.7374989 0.1968387 0.721199 0.2028838 0.7189686 0.1480319 0.6542179 0.160068 0.6728338 0.142209 0.6625385 0.2413553 0.6964276 0.2211281 0.6873521 0.2417626 0.6858457 0.2215079 0.7318116 0.2028838 0.7189686 0.2083484 0.715583 0.1378352 0.6721763 0.160068 0.6728338 0.1574077 0.6786808 0.2417626 0.6858457 0.2201122 0.6809633 0.2400687 0.6754171 0.2286756 0.7247335 0.2083484 0.715583 0.2129742 0.7111947 0.1354629 0.6824557 0.1574077 0.6786808 0.1559343 0.684947 0.2400687 0.6754171 0.2178691 0.6749006 0.2363591 0.6655467 0.1354629 0.6824557 0.1557123 0.69138 0.135163 0.692965 0.2307921 0.6566109 0.2178691 0.6749006 0.2144866 0.669398 0.1369227 0.7033015 0.1557123 0.69138 0.1567426 0.6977231 0.2307921 0.6566109 0.2100968 0.6646671 0.2235912 0.6489474 0.1406579 0.7130786 0.1567426 0.6977231 0.1590114 0.7037459 0.2235912 0.6489474 0.2048693 0.6608892 0.2150369 0.642844 0.16013 0.6795958 0.1715611 0.6794819 0.1699834 0.6829642 0.1862886 0.6565116 0.1806896 0.6603363 0.1799294 0.6575616 0.1840417 0.7219215 0.1787142 0.7176997 0.1844187 0.7190751 0.1799294 0.6575616 0.1751926 0.6624063 0.1739046 0.6598391 0.2129742 0.7111947 0.2142242 0.7045469 0.21669 0.7059851 0.1840417 0.7219215 0.1902867 0.7193232 0.190473 0.7221922 0.1739046 0.6598391 0.1702172 0.6655054 0.1684551 0.6632488 0.21669 0.7059851 0.2166679 0.6991928 0.2193798 0.7001122 0.190473 0.7221922 0.1960902 0.7184169 0.1968387 0.721199 0.1637983 0.6676385 0.1702172 0.6655054 0.1659612 0.669511 0.2208776 0.6938194 0.2166679 0.6991928 0.2180243 0.6934508 0.2028838 0.7189686 0.1960902 0.7184169 0.2015984 0.7163838 0.1637983 0.6676385 0.1625524 0.6742566 0.160068 0.6728338 0.2211281 0.6873521 0.2180243 0.6934508 0.2182529 0.6875478 0.2083484 0.715583 0.2015984 0.7163838 0.2065806 0.7133019 0.1574077 0.6786808 0.1625524 0.6742566 0.16013 0.6795958 0.2211281 0.6873521 0.217328 0.6817171 0.2201122 0.6809633 0.2129742 0.7111947 0.2065806 0.7133019 0.2108253 0.7093045 0.1574077 0.6786808 0.1587827 0.6853138 0.1559343 0.684947 0.2201122 0.6809633 0.2152847 0.6761833 0.2178691 0.6749006 0.1559343 0.684947 0.1585748 0.6911858 0.1557123 0.69138 0.2178691 0.6749006 0.2122023 0.6711599 0.2144866 0.669398 0.1567426 0.6977231 0.1585748 0.6911858 0.1595057 0.6969864 0.2144866 0.669398 0.2082006 0.6668398 0.2100968 0.6646671 0.1590114 0.7037459 0.1595057 0.6969864 0.1615958 0.7024757 0.2048693 0.6608892 0.2082006 0.6668398 0.2034344 0.6633892 0.1623941 0.7092282 0.1615958 0.7024757 0.1646665 0.7074797 0.2048693 0.6608892 0.1980872 0.6609403 0.1990054 0.6582091 0.1623941 0.7092282 0.1686532 0.7117856 0.1667679 0.7139411 0.1990054 0.6582091 0.1923652 0.6595876 0.192731 0.6567306 0.1719645 0.7177167 0.1686532 0.7117856 0.1733958 0.7152357 0.192731 0.6567306 0.1864897 0.6593837 0.1862886 0.6565116 0.5245581 0.8886482 0.518076 0.8831121 0.5249901 0.8846805 0.2182529 0.6875478 0.2072156 0.6843966 0.217328 0.6817171 0.2108253 0.7093045 0.2002362 0.7050108 0.2030106 0.7024052 0.1587827 0.6853138 0.1699834 0.6829642 0.1691095 0.6866921 0.217328 0.6817171 0.2058845 0.6807844 0.2152847 0.6761833 0.1587827 0.6853138 0.1689766 0.6905224 0.1585748 0.6911858 0.2122023 0.6711599 0.2058845 0.6807844 0.20388 0.6775043 0.1595057 0.6969864 0.1689766 0.6905224 0.1695912 0.6943091 0.2122023 0.6711599 0.2012788 0.6746824 0.2082006 0.6668398 0.1615958 0.7024757 0.1695912 0.6943091 0.1709342 0.6979031 0.2034344 0.6633892 0.2012788 0.6746824 0.1981806 0.6724272 0.1646665 0.7074797 0.1709342 0.6979031 0.1729423 0.7011705 0.2034344 0.6633892 0.1947047 0.6708251 0.1980872 0.6609403 0.1646665 0.7074797 0.1755449 0.7039871 0.1686532 0.7117856 0.1923652 0.6595876 0.1947047 0.6708251 0.190985 0.6699374 0.1733958 0.7152357 0.1755449 0.7039871 0.1786424 0.7062448 0.1923652 0.6595876 0.1871657 0.6697971 0.1864897 0.6593837 0.1733958 0.7152357 0.1821225 0.7078565 0.1787142 0.7176997 0.1864897 0.6593837 0.1833946 0.67041 0.1806896 0.6603363 0.1844187 0.7190751 0.1821225 0.7078565 0.1858414 0.7087601 0.1806896 0.6603363 0.1798179 0.6717509 0.1751926 0.6624063 0.2108253 0.7093045 0.2052271 0.6992934 0.2142242 0.7045469 0.1844187 0.7190751 0.1896588 0.7089216 0.1902867 0.7193232 0.1751926 0.6624063 0.1765736 0.6737663 0.1702172 0.6655054 0.2142242 0.7045469 0.2068061 0.6957945 0.2166679 0.6991928 0.1960902 0.7184169 0.1896588 0.7089216 0.193428 0.708332 0.1659612 0.669511 0.1765736 0.6737663 0.1737864 0.6763771 0.2180243 0.6934508 0.2068061 0.6957945 0.2076835 0.6920492 0.2015984 0.7163838 0.193428 0.708332 0.1970008 0.7070119 0.1659612 0.669511 0.1715611 0.6794819 0.1625524 0.6742566 0.2182529 0.6875478 0.2076835 0.6920492 0.2078233 0.6882018 0.2065806 0.7133019 0.1970008 0.7070119 0.2002362 0.7050108 0.5631982 0.9012704 0.5653302 0.909726 0.5604233 0.9043576 0.5249901 0.8846805 0.5197764 0.8780786 0.5262234 0.8809142 0.5604233 0.9043576 0.5608605 0.9130527 0.557101 0.9068449 0.5262234 0.8809142 0.5223915 0.8734587 0.5282022 0.8774656 0.557101 0.9068449 0.5558414 0.9154447 0.5533619 0.908641 0.5282022 0.8774656 0.5258978 0.8693726 0.5308601 0.8744444 0.5533619 0.908641 0.5504667 0.9168195 0.5493499 0.9096814 0.5308601 0.8744444 0.5301691 0.8659777 0.5341011 0.8719584 0.5493499 0.9096814 0.5449402 0.9171341 0.5452171 0.9099311 0.5341011 0.8719584 0.5350817 0.8634495 0.5378096 0.870106 0.5452171 0.9099311 0.5394688 0.9163848 0.5411189 0.9093857 0.5378096 0.870106 0.5404347 0.8618823 0.5418474 0.8689794 0.5411189 0.9093857 0.5342537 0.9146087 0.5372075 0.9080703 0.5613098 0.8746699 0.5701152 0.8738334 0.5639384 0.8778789 0.5418474 0.8689794 0.5460492 0.8612655 0.5460692 0.8685784 0.5336275 0.9060376 0.5342537 0.9146087 0.5294871 0.911872 0.5639384 0.8778789 0.5727046 0.8788528 0.5658467 0.8815541 0.5460692 0.8685784 0.551695 0.8617467 0.5502918 0.8689606 0.5305063 0.9033574 0.5294871 0.911872 0.5253406 0.9082846 0.5658467 0.8815541 0.5742083 0.884294 0.5669605 0.8855422 0.5502918 0.8689606 0.5571365 0.8633162 0.5543456 0.8701308 0.5279563 0.9001519 0.5253406 0.9082846 0.5219636 0.9039852 0.5669605 0.8855422 0.5745731 0.8899167 0.56724 0.8896756 0.5543456 0.8701308 0.5621544 0.8659207 0.5580683 0.8720561 0.5279563 0.9001519 0.5194789 0.8991364 0.5260733 0.8965384 0.56724 0.8896756 0.5738008 0.8954851 0.5666811 0.8937833 0.5580683 0.8720561 0.5665419 0.8694587 0.5613098 0.8746699 0.5260733 0.8965384 0.5179732 0.893913 0.524926 0.8926539 0.5666811 0.8937833 0.5719385 0.9007755 0.5653136 0.8976998 0.524926 0.8926539 0.5175004 0.8885071 0.5245581 0.8886482 0.5653136 0.8976998 0.5690739 0.9055829 0.5631982 0.9012704 0.5165386 0.8258098 0.5289384 0.8169881 0.5300283 0.8207787 0.5558414 0.9154447 0.5562025 0.9573481 0.5504667 0.9168195 0.5504667 0.9168195 0.5428276 0.9578402 0.5449402 0.9171341 0.5394688 0.9163848 0.5428276 0.9578402 0.5296508 0.9557977 0.5394688 0.9163848 0.5171177 0.9513007 0.5342537 0.9146087 0.5701152 0.8738334 0.5993307 0.8383753 0.6083053 0.8505713 0.5460492 0.8612655 0.5300283 0.8207787 0.5442442 0.8181411 0.5294871 0.911872 0.5171177 0.9513007 0.505761 0.9445329 0.5727046 0.8788528 0.6083053 0.8505713 0.61432 0.8640729 0.5460492 0.8612655 0.5589826 0.8184804 0.551695 0.8617467 0.5294871 0.911872 0.4958735 0.9357452 0.5253406 0.9082846 0.5727046 0.8788528 0.6173737 0.8783078 0.5742083 0.884294 0.551695 0.8617467 0.5736164 0.8219409 0.5571365 0.8633162 0.5219636 0.9039852 0.4958735 0.9357452 0.4878477 0.9252576 0.5745731 0.8899167 0.6173737 0.8783078 0.6175625 0.8926134 0.5571365 0.8633162 0.5873505 0.8286555 0.5621544 0.8659207 0.5219636 0.9039852 0.4819599 0.9134651 0.5194789 0.8991364 0.5738008 0.8954851 0.6175625 0.8926134 0.6149913 0.9064996 0.5621544 0.8659207 0.5993307 0.8383753 0.5665419 0.8694587 0.5194789 0.8991364 0.4784716 0.9007563 0.5179732 0.893913 0.5719385 0.9007755 0.6149913 0.9064996 0.6098295 0.9194805 0.5175004 0.8885071 0.4784716 0.9007563 0.4774515 0.8876397 0.5719385 0.9007755 0.602328 0.9311072 0.5690739 0.9055829 0.5175004 0.8885071 0.4789106 0.8745798 0.518076 0.8831121 0.5653302 0.909726 0.602328 0.9311072 0.5928106 0.940989 0.5653302 0.909726 0.5816602 0.9488048 0.5608605 0.9130527 0.5558414 0.9154447 0.5816602 0.9488048 0.5693046 0.9543113 0.6182108 0.8629666 0.6268373 0.8773332 0.6213116 0.8778945 0.5296508 0.9557977 0.5156412 0.9546424 0.5171177 0.9513007 0.6083053 0.8505713 0.6027326 0.8353312 0.6119871 0.8485023 0.5442442 0.8181411 0.5289384 0.8169881 0.5439178 0.8141508 0.5442442 0.8181411 0.5594784 0.8144189 0.5589826 0.8184804 0.505761 0.9445329 0.4932105 0.938216 0.4958735 0.9357452 0.61432 0.8640729 0.6213116 0.8778945 0.6173737 0.8783078 0.4878477 0.9252576 0.4932105 0.938216 0.4847773 0.9271836 0.6175625 0.8926134 0.6213116 0.8778945 0.6214514 0.892953 0.6175625 0.8926134 0.6187 0.9075731 0.6149913 0.9064996 0.5993307 0.8383753 0.5897113 0.8250178 0.6027326 0.8353312 0.6098295 0.9194805 0.6187 0.9075731 0.6132268 0.9212341 0.4784716 0.9007563 0.4738573 0.8875613 0.4774515 0.8876397 0.6098295 0.9194805 0.6052966 0.933462 0.602328 0.9311072 0.4774515 0.8876397 0.4754347 0.8738779 0.4789106 0.8745798 0.5928106 0.940989 0.6052966 0.933462 0.595252 0.9438469 0.4789106 0.8745798 0.4794442 0.8610126 0.4827063 0.8623018 0.5928106 0.940989 0.5834967 0.9520536 0.5816602 0.9488048 0.4827063 0.8623018 0.4854569 0.8493103 0.4883997 0.8511747 0.5816602 0.9488048 0.5704808 0.9578284 0.5693046 0.9543113 0.4959959 0.8410606 0.4854569 0.8493103 0.4934087 0.838713 0.5693046 0.9543113 0.5566866 0.9610041 0.5562025 0.9573481 0.4959959 0.8410606 0.5032547 0.829592 0.5054036 0.8324249 0.5562025 0.9573481 0.5426129 0.9615047 0.5428276 0.9578402 0.5054036 0.8324249 0.5149817 0.8223806 0.5165386 0.8258098 0.5428276 0.9578402 0.5287589 0.9593474 0.5296508 0.9557977 0.6238975 0.9090995 0.6200494 0.9247889 0.617983 0.9237106 0.4847773 0.9271836 0.4894799 0.9416758 0.4804617 0.929889 0.6214514 0.892953 0.6268373 0.8773332 0.6269066 0.8934526 0.6187 0.9075731 0.6269066 0.8934526 0.6238975 0.9090995 0.5897113 0.8250178 0.6075667 0.8310382 0.6027326 0.8353312 0.6132268 0.9212341 0.6238975 0.9090995 0.617983 0.9237106 0.4738573 0.8875613 0.4699031 0.9022111 0.4688184 0.8874463 0.6132268 0.9212341 0.6094485 0.9367768 0.6052966 0.933462 0.4754347 0.8738779 0.4688184 0.8874463 0.4705767 0.872851 0.595252 0.9438469 0.6094485 0.9367768 0.5986631 0.9478625 0.4754347 0.8738779 0.4749287 0.8591756 0.4794442 0.8610126 0.595252 0.9438469 0.5860593 0.9566128 0.5834967 0.9520536 0.4794442 0.8610126 0.4813617 0.8467374 0.4854569 0.8493103 0.5704808 0.9578284 0.5860593 0.9566128 0.5721184 0.9627597 0.4934087 0.838713 0.4813617 0.8467374 0.4897817 0.8354547 0.5704808 0.9578284 0.5573551 0.9661272 0.5566866 0.9610041 0.4934087 0.838713 0.5002071 0.8256407 0.5032547 0.829592 0.5426129 0.9615047 0.5573551 0.9661272 0.5423036 0.9666365 0.5149817 0.8223806 0.5002071 0.8256407 0.5126463 0.8176664 0.5287589 0.9593474 0.5423036 0.9666365 0.5274972 0.9643129 0.5149817 0.8223806 0.5273864 0.8116977 0.5289384 0.8169881 0.5287589 0.9593474 0.5134421 0.9592921 0.5156412 0.9546424 0.6119871 0.8485023 0.6075667 0.8310382 0.6171975 0.8456532 0.5439178 0.8141508 0.5273864 0.8116977 0.5434187 0.8085312 0.5439178 0.8141508 0.5601388 0.8086736 0.5594784 0.8144189 0.5036002 0.9474653 0.4894799 0.9416758 0.4932105 0.938216 0.5871719 0.9585941 0.6018785 0.9516468 0.5884757 0.9609082 0.4699031 0.9022111 0.4666306 0.8873942 0.4688184 0.8874463 0.6094485 0.9367768 0.6200494 0.9247889 0.6112518 0.9382188 0.4688184 0.8874463 0.4684701 0.8724008 0.4705767 0.872851 0.6094485 0.9367768 0.6001443 0.9496082 0.5986631 0.9478625 0.4749287 0.8591756 0.4684701 0.8724008 0.4729734 0.8583754 0.5860593 0.9566128 0.6001443 0.9496082 0.5871719 0.9585941 0.4813617 0.8467374 0.4729734 0.8583754 0.4795881 0.8456247 0.5860593 0.9566128 0.5728291 0.9649022 0.5721184 0.9627597 0.4897817 0.8354547 0.4795881 0.8456247 0.4882059 0.8340485 0.5573551 0.9661272 0.5728291 0.9649022 0.5576453 0.9683524 0.5002071 0.8256407 0.4882059 0.8340485 0.4988717 0.8239345 0.5573551 0.9661272 0.5421695 0.9688652 0.5423036 0.9666365 0.5002071 0.8256407 0.5116128 0.8156343 0.5126463 0.8176664 0.5423036 0.9666365 0.5269491 0.9664699 0.5274972 0.9643129 0.5126463 0.8176664 0.5266988 0.8094075 0.5273864 0.8116977 0.5274972 0.9643129 0.5124909 0.9612984 0.5134421 0.9592921 0.6075667 0.8310382 0.6194715 0.8444222 0.6171975 0.8456532 0.5273864 0.8116977 0.5431883 0.8060877 0.5434187 0.8085312 0.5134421 0.9592921 0.4992566 0.9533743 0.5005673 0.9515833 0.6171975 0.8456532 0.6260277 0.8605919 0.6236565 0.8613142 0.5434187 0.8085312 0.5604164 0.8061683 0.5601388 0.8086736 0.4894799 0.9416758 0.4992566 0.9533743 0.4878597 0.9431789 0.6268373 0.8773332 0.6260277 0.8605919 0.6292411 0.8770948 0.5601388 0.8086736 0.577716 0.8098328 0.5768799 0.8122895 0.4894799 0.9416758 0.4785839 0.9310596 0.4804617 0.929889 0.6269066 0.8934526 0.6292411 0.8770948 0.6292774 0.8936733 0.5768799 0.8122895 0.5944317 0.8175314 0.5930057 0.8198111 0.4737721 0.9165547 0.4785839 0.9310596 0.4717106 0.9173431 0.6269066 0.8934526 0.6261562 0.9097654 0.6238975 0.9090995 0.6075667 0.8310382 0.5944317 0.8175314 0.6094483 0.8292475 0.4699031 0.9022111 0.4717106 0.9173431 0.4677288 0.9025819 0.924088 0.7421324 0.9106236 0.7421324 0.9173558 0.6737793 0.4795881 0.8456247 0.4706959 0.8574399 0.4775197 0.8443352 0.5871719 0.9585941 0.5736637 0.9674052 0.5728291 0.9649022 0.4795881 0.8456247 0.4863613 0.8324176 0.4882059 0.8340485 0.5576453 0.9683524 0.5736637 0.9674052 0.5579885 0.9709528 0.4988717 0.8239345 0.4863613 0.8324176 0.4973006 0.8219534 0.5421695 0.9688652 0.5579885 0.9709528 0.5420171 0.97147 0.4988717 0.8239345 0.5103783 0.8132762 0.5116128 0.8156343 0.5421695 0.9688652 0.5263136 0.9689908 0.5269491 0.9664699 0.5266988 0.8094075 0.5103783 0.8132762 0.5258788 0.8067351 0.5269491 0.9664699 0.5113855 0.9636487 0.5124909 0.9612984 0.6094483 0.8292475 0.6221357 0.842992 0.6194715 0.8444222 0.5266988 0.8094075 0.5429032 0.8032289 0.5431883 0.8060877 0.5124909 0.9612984 0.4977269 0.9554693 0.4992566 0.9533743 0.6194715 0.8444222 0.628802 0.8597545 0.6260277 0.8605919 0.5604164 0.8061683 0.5429032 0.8032289 0.5607244 0.8032341 0.4878597 0.9431789 0.4977269 0.9554693 0.4859705 0.944939 0.6292411 0.8770948 0.628802 0.8597545 0.6320499 0.8768144 0.577716 0.8098328 0.5607244 0.8032341 0.5786742 0.8069428 0.4878597 0.9431789 0.4763941 0.9324343 0.4785839 0.9310596 0.6292411 0.8770948 0.6320499 0.8939286 0.6292774 0.8936733 0.5944317 0.8175314 0.5786742 0.8069428 0.5960847 0.8148404 0.4717106 0.9173431 0.4763941 0.9324343 0.4692993 0.9182705 0.6292774 0.8936733 0.6287983 0.9105416 0.6261562 0.9097654 0.6094483 0.8292475 0.5960847 0.8148404 0.611699 0.827122 0.4677288 0.9025819 0.4692993 0.9182705 0.4651882 0.90302 0.6261562 0.9097654 0.6224671 0.9260472 0.6200494 0.9247889 0.4677288 0.9025819 0.4640718 0.887337 0.4666306 0.8873942 0.6112518 0.9382188 0.6224671 0.9260472 0.6133623 0.9399022 0.4666306 0.8873942 0.4660084 0.871872 0.4684701 0.8724008 0.6112518 0.9382188 0.6018785 0.9516468 0.6001443 0.9496082 0.4729734 0.8583754 0.4660084 0.871872 0.4706959 0.8574399 0.9372937 0.6080529 0.9497332 0.6132055 0.9173558 0.6737793 0.9372937 0.7395057 0.924088 0.7421324 0.9173558 0.6737793 0.924088 0.6054261 0.9372937 0.6080529 0.9173558 0.6737793 0.9497332 0.7343531 0.9372937 0.7395057 0.9173558 0.6737793 0.856782 0.6414018 0.8642625 0.6302066 0.9173558 0.6737793 0.9106236 0.6054261 0.924088 0.6054261 0.9173558 0.6737793 0.9609285 0.7268726 0.9497332 0.7343531 0.9173558 0.6737793 0.8516294 0.6538413 0.856782 0.6414018 0.9173558 0.6737793 0.8974179 0.6080529 0.9106236 0.6054261 0.9173558 0.6737793 0.9704492 0.7173519 0.9609285 0.7268726 0.9173558 0.6737793 0.8490027 0.667047 0.8516294 0.6538413 0.9173558 0.6737793 0.8849784 0.6132055 0.8974179 0.6080529 0.9173558 0.6737793 0.9779297 0.7061567 0.9704492 0.7173519 0.9173558 0.6737793 0.8490027 0.6805114 0.8490027 0.667047 0.9173558 0.6737793 0.8737832 0.6206859 0.8849784 0.6132055 0.9173558 0.6737793 0.9830822 0.6937172 0.9779297 0.7061567 0.9173558 0.6737793 0.8516294 0.6937171 0.8490027 0.6805114 0.9173558 0.6737793 0.8642625 0.6302066 0.8737832 0.6206859 0.9173558 0.6737793 0.985709 0.6805115 0.9830822 0.6937172 0.9173558 0.6737793 0.856782 0.7061566 0.8516294 0.6937171 0.9173558 0.6737793 0.985709 0.6670471 0.985709 0.6805115 0.9173558 0.6737793 0.8642624 0.7173519 0.856782 0.7061566 0.9173558 0.6737793 0.9830823 0.6538414 0.985709 0.6670471 0.9173558 0.6737793 0.8737832 0.7268726 0.8642624 0.7173519 0.9173558 0.6737793 0.9779297 0.6414019 0.9830823 0.6538414 0.9173558 0.6737793 0.8849784 0.734353 0.8737832 0.7268726 0.9173558 0.6737793 0.9704492 0.6302067 0.9779297 0.6414019 0.9173558 0.6737793 0.8974179 0.7395057 0.8849784 0.734353 0.9173558 0.6737793 0.9609285 0.6206859 0.9704492 0.6302067 0.9173558 0.6737793 0.9106236 0.7421324 0.8974179 0.7395057 0.9173558 0.6737793 0.9497332 0.6132055 0.9609285 0.6206859 0.9173558 0.6737793 0.6661329 0.5674955 0.7170609 0.5081564 0.7213909 0.5138895 0.6865893 0.7801567 0.70262 0.7860211 0.7008845 0.7894718 0.8490027 0.7240619 0.8224581 0.7382725 0.8257147 0.7219581 0.6746196 0.659485 0.6686295 0.6751487 0.6652778 0.6733789 0.8448495 0.7448815 0.816081 0.7536128 0.8224581 0.7382725 0.7576671 0.3737829 0.7426864 0.452481 0.7364616 0.3726285 0.7949862 0.6477186 0.7793107 0.6417834 0.7810693 0.6384298 0.816081 0.7536128 0.8249117 0.7820156 0.806842 0.7673906 0.6321038 0.4920648 0.7119997 0.4947292 0.6357131 0.5130507 0.7333384 0.7986264 0.7495071 0.794422 0.7499771 0.7981451 0.8249117 0.7820156 0.7951173 0.7790872 0.806842 0.7673906 0.7395142 0.604373 0.7543419 0.5259416 0.7606377 0.6054261 0.6555333 0.7052617 0.6592775 0.7216443 0.6554956 0.7220377 0.7951173 0.7790872 0.7924366 0.8085071 0.7813711 0.7882844 0.749175 0.6288021 0.7328223 0.6325814 0.7324231 0.628807 0.7813711 0.7882844 0.7731195 0.8164769 0.766139 0.7946859 0.7813711 0.7882844 0.7927187 0.776209 0.7951173 0.7790872 0.766139 0.7946859 0.7528149 0.8205873 0.7499771 0.7981451 0.8154006 0.3972201 0.7641295 0.4560032 0.7976422 0.3862323 0.8257147 0.7219581 0.8219678 0.7056957 0.8257206 0.7052958 0.7528149 0.8205873 0.7333384 0.7986264 0.7499771 0.7981451 0.6651479 0.7541239 0.6774787 0.7657282 0.6745371 0.7681893 0.7333384 0.7986264 0.7103585 0.8200916 0.716782 0.7955833 0.6995911 0.5921347 0.7267276 0.5187115 0.7328964 0.5224586 0.7004674 0.6384246 0.6889197 0.650606 0.686502 0.6476843 0.716782 0.7955833 0.6896303 0.8113173 0.7008845 0.7894718 0.8542932 0.4456577 0.7799263 0.470323 0.8441213 0.4273229 0.8160927 0.6734679 0.8039007 0.6619719 0.8068112 0.6595519 0.7008845 0.7894718 0.6714336 0.7989372 0.6865893 0.7801567 0.816081 0.7536128 0.8188505 0.7372062 0.8224581 0.7382725 0.6865893 0.7801567 0.6561668 0.7834497 0.6745371 0.7681893 0.6529873 0.5512604 0.7138886 0.5017005 0.7170609 0.5081564 0.7008845 0.7894718 0.7177857 0.7918991 0.716782 0.7955833 0.6745371 0.7681893 0.6442787 0.7654221 0.6651479 0.7541239 0.6652778 0.6733789 0.6624696 0.6899154 0.6588349 0.6888348 0.6651479 0.7541239 0.6361517 0.7455218 0.658732 0.7385364 0.8648034 0.5080397 0.7854434 0.4909741 0.8648034 0.4865362 0.7810693 0.6384298 0.7645308 0.635681 0.7655994 0.6320458 0.6361517 0.7455218 0.6554956 0.7220377 0.658732 0.7385364 0.778231 0.3783539 0.7501036 0.4522484 0.7576671 0.3737829 0.7499771 0.7981451 0.7649931 0.7911239 0.766139 0.7946859 0.6554956 0.7220377 0.6321008 0.7031093 0.6555333 0.7052617 0.6320499 0.4705293 0.7114955 0.4874758 0.6321038 0.4920648 0.6554956 0.7220377 0.6623725 0.7374101 0.658732 0.7385364 0.6321008 0.7031093 0.6588349 0.6888348 0.6555333 0.7052617 0.7189937 0.5999096 0.7469295 0.526189 0.7395142 0.604373 0.7324231 0.628807 0.7170969 0.6356804 0.7159749 0.6320536 0.6362959 0.6821658 0.6652778 0.6733789 0.6588349 0.6888348 0.8310354 0.4110361 0.7702884 0.4597594 0.8154006 0.3972201 0.8257206 0.7052958 0.8188658 0.6900427 0.8224753 0.688919 0.6444859 0.6624464 0.6746196 0.659485 0.6652778 0.6733789 0.7951173 0.7790872 0.803926 0.7650296 0.806842 0.7673906 0.6563682 0.6447063 0.686502 0.6476843 0.6746196 0.659485 0.6661329 0.5674955 0.7267276 0.5187115 0.6818118 0.5812382 0.6745371 0.7681893 0.6889879 0.7771421 0.6865893 0.7801567 0.6714873 0.6296305 0.7004674 0.6384246 0.686502 0.6476843 0.686502 0.6476843 0.6775602 0.6618766 0.6746196 0.659485 0.7004674 0.6384246 0.7089788 0.6096423 0.7159749 0.6320536 0.861258 0.4655659 0.7830808 0.4767773 0.8542932 0.4456577 0.8068112 0.6595519 0.7926049 0.6506613 0.7949862 0.6477186 0.7089788 0.6096423 0.7324231 0.628807 0.7159749 0.6320536 0.7364616 0.3726285 0.7353677 0.454284 0.7151212 0.3749007 0.716782 0.7955833 0.7336021 0.7948279 0.7333384 0.7986264 0.7299015 0.605469 0.749175 0.6288021 0.7324231 0.628807 0.6357131 0.5130507 0.7138886 0.5017005 0.6427471 0.5329537 0.6588349 0.6888348 0.659313 0.7056126 0.6555333 0.7052617 0.749175 0.6288021 0.7721629 0.6095234 0.7655994 0.6320458 0.7606377 0.6054261 0.7616424 0.5241178 0.7818568 0.6030699 0.7655994 0.6320458 0.7488349 0.632579 0.749175 0.6288021 0.7721629 0.6095234 0.7810693 0.6384298 0.7655994 0.6320458 0.86122 0.5295498 0.7844815 0.4982203 0.8648034 0.5080397 0.766139 0.7946859 0.7795727 0.7850022 0.7813711 0.7882844 0.7919036 0.6176256 0.7949862 0.6477186 0.7810693 0.6384298 0.778231 0.3783539 0.7641295 0.4560032 0.7573301 0.4534594 0.8224581 0.7382725 0.8219627 0.7216179 0.8257147 0.7219581 0.7949862 0.6477186 0.8248026 0.6445036 0.8068112 0.6595519 0.6320499 0.4705293 0.7149375 0.4732572 0.7124547 0.4802057 0.658732 0.7385364 0.668506 0.7523003 0.6651479 0.7541239 0.8248026 0.6445036 0.8160927 0.6734679 0.8068112 0.6595519 0.7616424 0.5241178 0.7538471 0.5225405 0.7604233 0.5209447 0.7159749 0.6320536 0.702271 0.6417635 0.7004674 0.6384246 0.8160927 0.6734679 0.8448434 0.6819226 0.8224753 0.688919 0.7189937 0.5999096 0.7328964 0.5224586 0.7397017 0.524991 0.7177857 0.7918991 0.7139403 0.764138 0.7244587 0.7682816 0.8448434 0.6819226 0.8257206 0.7052958 0.8224753 0.688919 0.8648034 0.4865362 0.7849522 0.4837388 0.861258 0.4655659 0.806842 0.7673906 0.8127558 0.7518635 0.816081 0.7536128 0.8257206 0.7052958 0.8490027 0.7240619 0.8257147 0.7219581 0.8224753 0.688919 0.8127677 0.6752735 0.8160927 0.6734679 0.8441213 0.4273229 0.7756121 0.4645875 0.8310354 0.4110361 0.7405467 0.5217123 0.7379852 0.5117993 0.7426866 0.5135086 0.7229249 0.4617369 0.7211182 0.4690734 0.7184028 0.4671697 0.7844815 0.4982203 0.7820746 0.4908961 0.7854434 0.4909741 0.7681049 0.5209884 0.7604233 0.5209447 0.7663472 0.518122 0.7184028 0.4671697 0.7179449 0.4746657 0.7149375 0.4732572 0.7854434 0.4909741 0.781649 0.4843169 0.7849522 0.4837388 0.7681049 0.5209884 0.7716383 0.5142282 0.7739989 0.516696 0.7124547 0.4802057 0.7179449 0.4746657 0.7157552 0.48096 0.7849522 0.4837388 0.7799612 0.4779745 0.7830808 0.4767773 0.7124547 0.4802057 0.7148727 0.4875503 0.7114955 0.4874758 0.7830808 0.4767773 0.7770952 0.4720884 0.7799263 0.470323 0.7119997 0.4947292 0.7148727 0.4875503 0.7153086 0.4941446 0.7756121 0.4645875 0.7770952 0.4720884 0.7731634 0.4668567 0.7119997 0.4947292 0.7170107 0.5004956 0.7138886 0.5017005 0.7756121 0.4645875 0.768305 0.4624558 0.7702884 0.4597594 0.7170609 0.5081564 0.7170107 0.5004956 0.7198919 0.5063835 0.7702884 0.4597594 0.7626824 0.4590392 0.7641295 0.4560032 0.7213909 0.5138895 0.7198919 0.5063835 0.7238375 0.5116139 0.7573301 0.4534594 0.7626824 0.4590392 0.7564797 0.456737 0.7213909 0.5138895 0.7287075 0.5160101 0.7267276 0.5187115 0.7501036 0.4522484 0.7564797 0.456737 0.749901 0.4556577 0.7328964 0.5224586 0.7287075 0.5160101 0.7343387 0.5194193 0.7501036 0.4522484 0.7431752 0.4558886 0.7426864 0.452481 0.7397017 0.524991 0.7343387 0.5194193 0.7405467 0.5217123 0.7426864 0.452481 0.7365815 0.4574783 0.7353677 0.454284 0.7785398 0.5112571 0.7716383 0.5142282 0.7758225 0.509349 0.7397017 0.524991 0.7471263 0.5227814 0.7469295 0.526189 0.7288484 0.4574088 0.7365815 0.4574783 0.7306106 0.460289 0.7820141 0.5051493 0.7758225 0.509349 0.7790037 0.5037468 0.7543419 0.5259416 0.7471263 0.5227814 0.7538471 0.5225405 0.7288484 0.4574088 0.7252953 0.4641987 0.7229249 0.4617369 0.7820141 0.5051493 0.7811886 0.4974671 0.7844815 0.4982203 0.9545537 0.8226326 0.9576359 0.8508277 0.9481692 0.8488991 0.7431752 0.4558886 0.7395079 0.4654574 0.7365815 0.4574783 0.7758225 0.509349 0.7658022 0.508013 0.7689976 0.5043979 0.7405467 0.5217123 0.7476418 0.5142981 0.7471263 0.5227814 0.7365815 0.4574783 0.7350481 0.4675192 0.7306106 0.460289 0.7790037 0.5037468 0.7689976 0.5043979 0.7714418 0.5001977 0.7538471 0.5225405 0.7476418 0.5142981 0.7526558 0.5141273 0.7306106 0.460289 0.7311378 0.4704081 0.7252953 0.4641987 0.7790037 0.5037468 0.7730451 0.4955343 0.7811886 0.4974671 0.7604233 0.5209447 0.7526558 0.5141273 0.7575073 0.5129933 0.7252953 0.4641987 0.7279392 0.4740104 0.7211182 0.4690734 0.7811886 0.4974671 0.7737063 0.490631 0.7820746 0.4908961 0.7663472 0.518122 0.7575073 0.5129933 0.7619577 0.510937 0.7179449 0.4746657 0.7279392 0.4740104 0.7254979 0.4782138 0.781649 0.4843169 0.7737063 0.490631 0.773396 0.4856954 0.7663472 0.518122 0.7658022 0.508013 0.7716383 0.5142282 0.7157552 0.48096 0.7254979 0.4782138 0.7239056 0.4828922 0.781649 0.4843169 0.772132 0.4809193 0.7799612 0.4779745 0.7157552 0.48096 0.7232543 0.4878112 0.7148727 0.4875503 0.7799612 0.4779745 0.7699679 0.4764779 0.7770952 0.4720884 0.7153086 0.4941446 0.7232543 0.4878112 0.723571 0.492756 0.7770952 0.4720884 0.7669865 0.47253 0.7731634 0.4668567 0.7153086 0.4941446 0.724844 0.4975363 0.7170107 0.5004956 0.7731634 0.4668567 0.763296 0.4692151 0.768305 0.4624558 0.7198919 0.5063835 0.724844 0.4975363 0.7270228 0.5019755 0.768305 0.4624558 0.7590267 0.4666528 0.7626824 0.4590392 0.7238375 0.5116139 0.7270228 0.5019755 0.7300121 0.5059262 0.7564797 0.456737 0.7590267 0.4666528 0.75433 0.4649397 0.7238375 0.5116139 0.7337098 0.5092401 0.7287075 0.5160101 0.7564797 0.456737 0.7493777 0.4641474 0.749901 0.4556577 0.7343387 0.5194193 0.7337098 0.5092401 0.7379852 0.5117993 0.749901 0.4556577 0.7443637 0.4643183 0.7431752 0.4558886 0.9308596 0.8486998 0.9232205 0.855874 0.9211672 0.850556 0.9984506 0.8651629 0.9725184 0.8792219 0.9712085 0.869277 0.8804336 0.9300276 0.903285 0.9189543 0.8901739 0.938946 0.9409776 0.82091 0.9481692 0.8488991 0.9395947 0.848092 0.9947546 0.8523754 0.9712085 0.869277 0.9716293 0.8614636 0.8901739 0.938946 0.911615 0.9201977 0.9008781 0.9447371 0.9275442 0.8214413 0.9395947 0.848092 0.9308596 0.8486998 0.987998 0.8413019 0.9716293 0.8614636 0.9695304 0.8563819 0.9008781 0.9447371 0.9211649 0.9225066 0.9142712 0.9494242 0.9157738 0.8234773 0.9308596 0.8486998 0.9211672 0.850556 0.9142712 0.9494242 0.9300532 0.9236304 0.9280933 0.9515753 0.9031147 0.8277058 0.9211672 0.850556 0.9132876 0.8503922 0.9280933 0.9515753 0.9391493 0.9232628 0.9419526 0.951439 0.9031147 0.8277058 0.907706 0.853057 0.8922196 0.8348753 0.9419526 0.951439 0.9492204 0.9216178 0.9542055 0.949642 0.8922196 0.8348753 0.9035964 0.8576363 0.8838015 0.8445201 0.9542055 0.949642 0.957239 0.9219545 0.9674294 0.9455137 0.8838015 0.8445201 0.90213 0.8661458 0.8781598 0.8547129 0.9674294 0.9455137 0.9629273 0.9193891 0.9788461 0.9381744 0.8781598 0.8547129 0.8991323 0.8754177 0.8731887 0.8673055 0.9876046 0.928089 0.9629273 0.9193891 0.9671818 0.9148169 0.8731887 0.8673055 0.8972957 0.8838347 0.8703477 0.8803133 0.9932838 0.9172841 0.9671818 0.9148169 0.968658 0.9062278 0.8703477 0.8803133 0.8968327 0.8924145 0.8695358 0.8935449 0.9978544 0.9039949 0.968658 0.9062278 0.9712228 0.8967664 0.8695358 0.8935449 0.8974993 0.9020411 0.8704602 0.9054564 0.9784814 0.8327004 0.9695304 0.8563819 0.9658308 0.8526859 1 0.8904785 0.9712228 0.8967664 0.9725866 0.8880859 0.8704602 0.9054564 0.8968017 0.9095656 0.8737177 0.9185262 0.9678769 0.826998 0.9658308 0.8526859 0.9576359 0.8508277 1 0.8770275 0.9725866 0.8880859 0.9725184 0.8792219 0.8737177 0.9185262 0.8990238 0.9149609 0.8804336 0.9300276 0.9553323 0.8556212 0.9638449 0.9038311 0.9137023 0.9153133 0.9211649 0.9225066 0.9302268 0.9186773 0.9300532 0.9236304 0.9626898 0.8649145 0.9658673 0.8642231 0.9658192 0.8712638 0.9391493 0.9232628 0.9302268 0.9186773 0.9384908 0.9181059 0.9629273 0.9193891 0.9622515 0.9125806 0.9671818 0.9148169 0.9391493 0.9232628 0.947276 0.9160965 0.9492204 0.9216178 0.959623 0.8599084 0.9641633 0.8611859 0.9615041 0.8625522 0.9094517 0.9115229 0.9046217 0.9110401 0.9074921 0.9090588 0.957239 0.9219545 0.9596266 0.914965 0.9629273 0.9193891 0.90213 0.8661458 0.9080212 0.8623074 0.9069493 0.8688092 0.8991323 0.8754177 0.9069493 0.8688092 0.9036458 0.8768153 0.9074921 0.9090588 0.9032752 0.9086482 0.9060075 0.9064186 0.8972957 0.8838347 0.9036458 0.8768153 0.9020025 0.8844552 0.9035964 0.8576363 0.9074113 0.8617187 0.90213 0.8661458 0.8972957 0.8838347 0.9017399 0.8922491 0.8968327 0.8924145 0.9712228 0.8967664 0.9638449 0.9038311 0.9665977 0.895628 0.8974993 0.9020411 0.9017399 0.8922491 0.902788 0.9004161 0.9576359 0.8508277 0.9614434 0.8568 0.9553323 0.8556212 0.9712228 0.8967664 0.9677414 0.887755 0.9725866 0.8880859 0.9492204 0.9216178 0.9564976 0.9165834 0.957239 0.9219545 0.9060075 0.9064186 0.9026006 0.9069889 0.902788 0.9004161 0.9725866 0.8880859 0.9674721 0.8797122 0.9725184 0.8792219 0.907706 0.853057 0.9084919 0.8598446 0.9035964 0.8576363 0.9576359 0.8508277 0.9473177 0.853497 0.9481692 0.8488991 0.9725184 0.8792219 0.9658192 0.8712638 0.9712085 0.869277 0.9132876 0.8503922 0.9110216 0.8573674 0.907706 0.853057 0.9481692 0.8488991 0.9395622 0.8528817 0.9395947 0.848092 0.947276 0.9160965 0.9541874 0.9167813 0.9492204 0.9216178 0.9211672 0.850556 0.9141416 0.8556126 0.9132876 0.8503922 0.9308596 0.8486998 0.9395622 0.8528817 0.9316396 0.8536678 0.9638449 0.9038311 0.9610902 0.9113059 0.9592671 0.9077026 0.9211649 0.9225066 0.9137023 0.9153133 0.9221523 0.917805 0.9137023 0.9153133 0.9063953 0.9132803 0.9094517 0.9115229 0.9553323 0.8556212 0.9622318 0.8586635 0.959623 0.8599084 0.9671818 0.9148169 0.963499 0.9106844 0.968658 0.9062278 0.9615041 0.8625522 0.9651706 0.8629171 0.9626898 0.8649145 0.9658192 0.8712638 0.9665151 0.8640117 0.9712085 0.869277 0.9695304 0.8563819 0.9637646 0.8568288 0.9658308 0.8526859 0.9176492 0.8598281 0.9165727 0.8562065 0.9232205 0.855874 0.9232205 0.855874 0.916454 0.855368 0.9211672 0.850556 0.8974993 0.9020411 0.9018394 0.9091045 0.8968017 0.9095656 0.968658 0.9062278 0.9627627 0.9101638 0.9638449 0.9038311 0.9658308 0.8526859 0.9624133 0.8557078 0.9576359 0.8508277 0.9149441 0.8625313 0.914856 0.8571825 0.9176492 0.8598281 0.8968017 0.9095656 0.903143 0.912001 0.8990238 0.9149609 0.9116143 0.8646161 0.9122636 0.8589727 0.9149441 0.8625313 0.8990238 0.9149609 0.9052895 0.9143376 0.903285 0.9189543 0.9531061 0.9122681 0.9540888 0.9159445 0.947276 0.9160965 0.9712085 0.869277 0.9664794 0.8617282 0.9716293 0.8614636 0.9069493 0.8688092 0.9097198 0.8610447 0.9116143 0.8646161 0.911615 0.9201977 0.9074753 0.9146965 0.9137023 0.9153133 0.903285 0.9189543 0.907035 0.9153884 0.911615 0.9201977 0.9559179 0.9096569 0.9558165 0.9150215 0.9531061 0.9122681 0.902788 0.9004161 0.9018994 0.9071418 0.8974993 0.9020411 0.9716293 0.8614636 0.9653541 0.8589558 0.9695304 0.8563819 0.9592671 0.9077026 0.9584879 0.9132956 0.9559179 0.9096569 0.9952677 0.4575079 0.9884862 0.4689002 0.9926532 0.4568742 0.9909135 0.4700518 0.9819801 0.4797909 0.9884862 0.4689002 0.9841139 0.4814117 0.9733743 0.4890988 0.9819801 0.4797909 0.9733743 0.4890988 0.964492 0.4988747 0.9631657 0.4965576 0.964492 0.4988747 0.9516556 0.5017428 0.9631657 0.4965576 0.9524769 0.5042841 0.9393096 0.5044524 0.9516556 0.5017428 0.9393096 0.5044524 0.9263935 0.5072695 0.9265889 0.5045932 0.9265889 0.5045932 0.913303 0.5053479 0.9139767 0.5027564 0.9139767 0.5027564 0.9009056 0.5008181 0.9020925 0.4984243 0.9009056 0.5008181 0.8913744 0.4917529 0.9020925 0.4984243 0.889722 0.4938488 0.8822558 0.4830082 0.8913744 0.4917529 0.8822558 0.4830082 0.8726248 0.4739462 0.8749682 0.4726583 0.8749682 0.4726583 0.8674128 0.4618124 0.8699741 0.4610338 0.8699741 0.4610338 0.8648034 0.448849 0.8674737 0.4486085 0.8674737 0.4486085 0.8648509 0.435618 0.8675402 0.4358087 0.8675402 0.4358087 0.866539 0.4224513 0.8691536 0.4230847 0.866539 0.4224513 0.8733223 0.4110527 0.8691536 0.4230847 0.8733223 0.4110527 0.8776975 0.3985287 0.8798339 0.4001511 0.8776975 0.3985287 0.8884496 0.3908311 0.8798339 0.4001511 0.8884496 0.3908311 0.8973489 0.3810349 0.8986779 0.3833563 0.8973489 0.3810349 0.9102097 0.3781597 0.8986779 0.3833563 0.9093852 0.375616 0.9225584 0.3754252 0.9102097 0.3781597 0.9222728 0.3727703 0.9352376 0.3752935 0.9225584 0.3754252 0.9352376 0.3752935 0.9484462 0.374481 0.9477831 0.3770622 0.9484462 0.374481 0.9596374 0.3813572 0.9477831 0.3770622 0.9608169 0.3789654 0.9703646 0.388002 0.9596374 0.3813572 0.9720116 0.3859009 0.9795193 0.3967204 0.9703646 0.388002 0.9815623 0.3949953 0.9867342 0.4071209 0.9795193 0.3967204 0.9890891 0.405847 0.9916601 0.4188114 0.9867342 0.4071209 0.9916601 0.4188114 0.996961 0.4310594 0.9942787 0.4313177 0.9182908 0.001608967 0.9094457 0.01125967 0.9067423 0.005581915 0.996961 0.4310594 0.9942665 0.4441505 0.9942787 0.4313177 0.9942665 0.4441505 0.9952677 0.4575079 0.9926532 0.4568742 0.8675402 0.4358087 0.9352376 0.3752935 0.9942665 0.4441505 0.9593999 0.114809 0.936818 0.069485 0.96912 0.108842 0.8954855 0.1136381 0.8910154 0.1007654 0.899327 0.1086356 0.9825792 0.1052544 0.9844413 0.09131574 0.9902145 0.09459769 0.9518112 0.002218067 0.9601253 0.01156228 0.9502717 0.007828354 0.8705984 0.05638343 0.8772217 0.06886363 0.870599 0.06955027 0.873321 0.04349541 0.8772194 0.05707275 0.8705984 0.05638343 0.939046 0.1260818 0.949061 0.1186187 0.9505527 0.1244672 0.9902833 0.03158169 0.989211 0.04563492 0.984528 0.03482693 0.9067423 0.005581915 0.8997271 0.0172227 0.8958316 0.01204633 0.8954855 0.1136381 0.9086765 0.1145091 0.9060121 0.1199423 0.9955204 0.08255386 0.9844413 0.09131574 0.9891838 0.08051532 0.9408708 2.95594e-4 0.9502717 0.007828354 0.9402965 0.00595802 0.870599 0.06955027 0.8796284 0.08041971 0.8732953 0.08243906 0.9621058 0.1204887 0.949061 0.1186187 0.9593999 0.114809 0.9902833 0.03158169 0.9778221 0.02527272 0.9827176 0.02099186 0.8862718 0.02080494 0.8997271 0.0172227 0.8912147 0.02515971 0.9060121 0.1199423 0.9185371 0.1182619 0.9169783 0.1238605 0.9982419 0.06967079 0.9891838 0.08051532 0.9916234 0.0689817 0.9297855 0 0.9402965 0.00595802 0.9301734 0.005779743 0.8732953 0.08243906 0.8843128 0.09122103 0.8785632 0.09446638 0.9621058 0.1204887 0.96912 0.108842 0.9730185 0.1140191 0.9733114 0.01238751 0.9778221 0.02527272 0.9695076 0.01742273 0.8786356 0.03145188 0.8912147 0.02515971 0.8844016 0.03473734 0.9169783 0.1238605 0.9285173 0.1200979 0.9279297 0.1257866 0.9982419 0.06967079 0.9916226 0.05719232 0.9982419 0.05650812 0.9182908 0.001608967 0.9301734 0.005779743 0.9197802 0.007452666 0.8861315 0.1050446 0.8843128 0.09122103 0.8910154 0.1007654 0.9730185 0.1140191 0.9776322 0.1009 0.9825792 0.1052544 0.9627921 0.006135821 0.9695076 0.01742273 0.9601253 0.01156228 0.873321 0.04349541 0.8844016 0.03473734 0.879662 0.04553753 0.9279297 0.1257866 0.9386586 0.1202903 0.939046 0.1260818 0.9955506 0.04361766 0.9916226 0.05719232 0.989211 0.04563492 0.9386777 0.06522214 0.9357028 0.06316423 0.9389534 0.06350612 0.9301734 0.005779743 0.9336712 0.05493706 0.9197802 0.007452666 0.96912 0.108842 0.937573 0.06827312 0.9776322 0.1009 0.9197802 0.007452666 0.9328392 0.05561846 0.9094457 0.01125967 0.9776322 0.1009 0.938207 0.06683534 0.9844413 0.09131574 0.8772217 0.06886363 0.9298817 0.06255203 0.9297949 0.0642879 0.9094457 0.01125967 0.9320169 0.05657368 0.8997271 0.0172227 0.9844413 0.09131574 0.9386777 0.06522214 0.9891838 0.08051532 0.8796284 0.08041971 0.9297949 0.0642879 0.9299197 0.06596481 0.8997271 0.0172227 0.9312621 0.05778539 0.8912147 0.02515971 0.9891838 0.08051532 0.9389534 0.06350612 0.9916234 0.0689817 0.8843128 0.09122103 0.9299197 0.06596481 0.9302406 0.06750947 0.8912147 0.02515971 0.9306282 0.05922299 0.8844016 0.03473734 0.9916226 0.05719232 0.9389534 0.06350612 0.9390403 0.0617702 0.8910154 0.1007654 0.9302406 0.06750947 0.9307284 0.06885766 0.8844016 0.03473734 0.9301575 0.06083613 0.879662 0.04553753 0.989211 0.04563492 0.9390403 0.0617702 0.9389154 0.06009316 0.899327 0.1086356 0.9307284 0.06885766 0.9313381 0.06996566 0.879662 0.04553753 0.9298817 0.06255203 0.8772194 0.05707275 0.984528 0.03482693 0.9389154 0.06009316 0.9385942 0.05854833 0.9086765 0.1145091 0.9313381 0.06996566 0.9320155 0.07080388 0.9778221 0.02527272 0.9385942 0.05854833 0.9381059 0.05720013 0.9185371 0.1182619 0.9320155 0.07080388 0.9327614 0.07135486 0.9695076 0.01742273 0.9381059 0.05720013 0.9374963 0.05609232 0.9285173 0.1200979 0.9327614 0.07135486 0.9335291 0.07158714 0.9601253 0.01156228 0.9374963 0.05609232 0.9368187 0.05525445 0.9285173 0.1200979 0.9343238 0.07151138 0.9386586 0.1202903 0.9502717 0.007828354 0.9368187 0.05525445 0.936073 0.05470371 0.9386586 0.1202903 0.9351637 0.07112181 0.949061 0.1186187 0.9402965 0.00595802 0.936073 0.05470371 0.9353054 0.05447167 0.949061 0.1186187 0.9359958 0.07044029 0.9593999 0.114809 0.9402965 0.00595802 0.9345107 0.05454754 0.9301734 0.005779743 0.9332154 0.06763935 0.9330853 0.0667482 0.9346272 0.06777602 0.9302406 0.06750947 0.9330233 0.06560933 0.9330853 0.0667482 0.9312621 0.05778539 0.9335801 0.0601992 0.9306282 0.05922299 0.9390403 0.0617702 0.9357028 0.06316423 0.9358 0.06175893 0.9307284 0.06885766 0.9330853 0.0667482 0.9332154 0.06763935 0.9306282 0.05922299 0.9333243 0.06149446 0.9301575 0.06083613 0.9389154 0.06009316 0.9358 0.06175893 0.9358116 0.06044882 0.9313381 0.06996566 0.9332154 0.06763935 0.9333838 0.06826275 0.9301575 0.06083613 0.9331322 0.06289398 0.9298817 0.06255203 0.9385942 0.05854833 0.9358116 0.06044882 0.9357497 0.05930995 0.9320155 0.07080388 0.9333838 0.06826275 0.9335499 0.06863909 0.9381059 0.05720013 0.9357497 0.05930995 0.9356194 0.05841886 0.9327614 0.07135486 0.9335499 0.06863909 0.9336822 0.06882554 0.9374963 0.05609232 0.9356194 0.05841886 0.9354509 0.05779552 0.9335291 0.07158714 0.9336822 0.06882554 0.9337822 0.06887799 0.9368187 0.05525445 0.9354509 0.05779552 0.9352849 0.05741918 0.9335291 0.07158714 0.9338918 0.06882661 0.9343238 0.07151138 0.936073 0.05470371 0.9352849 0.05741918 0.9351526 0.05723279 0.9343238 0.07151138 0.9340722 0.06866872 0.9351637 0.07112181 0.9353054 0.05447167 0.9351526 0.05723279 0.9350525 0.05718034 0.9351637 0.07112181 0.9343231 0.06834018 0.9359958 0.07044029 0.9353054 0.05447167 0.934943 0.05723172 0.9345107 0.05454754 0.9359958 0.07044029 0.9346272 0.06777602 0.936818 0.069485 0.9345107 0.05454754 0.9347626 0.05738961 0.9336712 0.05493706 0.936818 0.069485 0.9349491 0.06694358 0.937573 0.06827312 0.9336712 0.05493706 0.9345117 0.05771815 0.9328392 0.05561846 0.937573 0.06827312 0.9352549 0.06585907 0.938207 0.06683534 0.9297949 0.0642879 0.9331322 0.06289398 0.933035 0.06429928 0.9328392 0.05561846 0.9342077 0.05828237 0.9320169 0.05657368 0.938207 0.06683534 0.9355106 0.06456381 0.9386777 0.06522214 0.9299197 0.06596481 0.933035 0.06429928 0.9330233 0.06560933 0.9320169 0.05657368 0.9338859 0.05911469 0.9312621 0.05778539 0.7241311 0.6591678 0.7169712 0.6697903 0.7136942 0.6634011 0.6686295 0.6751487 0.68581 0.6970326 0.6624696 0.6899154 0.8219678 0.7056957 0.797813 0.7192624 0.7977451 0.7081155 0.7793107 0.6417834 0.7574877 0.6590446 0.7645308 0.635681 0.8219678 0.7056957 0.795552 0.6971253 0.8188658 0.6900427 0.7649931 0.7911239 0.7468435 0.7701293 0.7578494 0.7679175 0.6592775 0.7216443 0.6858672 0.7303071 0.6623725 0.7374101 0.7328223 0.6325814 0.7241311 0.6591678 0.7170969 0.6356804 0.803926 0.7650296 0.7774168 0.7575198 0.7852628 0.7496736 0.6889879 0.7771421 0.6964363 0.7500629 0.7044692 0.7579791 0.6775602 0.6618766 0.7043093 0.6695561 0.696342 0.6774199 0.8039007 0.6619719 0.7771404 0.6694941 0.7926049 0.6506613 0.8188505 0.7372062 0.797813 0.7192624 0.8219627 0.7216179 0.7336021 0.7948279 0.7244587 0.7682816 0.7355788 0.7702904 0.6624696 0.6899154 0.6836593 0.7080314 0.659313 0.7056126 0.7488349 0.632579 0.7574877 0.6590446 0.7464702 0.6569448 0.7649931 0.7911239 0.7681664 0.7636737 0.7795727 0.7850022 0.668506 0.7523003 0.6858672 0.7303071 0.6901581 0.740714 0.702271 0.6417635 0.7241311 0.6591678 0.7136942 0.6634011 0.8127677 0.6752735 0.795552 0.6971253 0.7912737 0.6867517 0.8127558 0.7518635 0.7852628 0.7496736 0.7914454 0.740444 0.70262 0.7860211 0.7044692 0.7579791 0.7139403 0.764138 0.6775602 0.6618766 0.6900922 0.6866962 0.6686295 0.6751487 0.7926049 0.6506613 0.7678412 0.6632785 0.7793107 0.6417834 0.7336021 0.7948279 0.7468435 0.7701293 0.7495071 0.794422 0.6592775 0.7216443 0.6836593 0.7080314 0.6836974 0.7192599 0.7488349 0.632579 0.7352133 0.6570122 0.7328223 0.6325814 0.7927187 0.776209 0.7681664 0.7636737 0.7774168 0.7575198 0.6774787 0.7657282 0.6901581 0.740714 0.6964363 0.7500629 0.702271 0.6417635 0.7043093 0.6695561 0.6889197 0.650606 0.8127677 0.6752735 0.7850539 0.6774189 0.8039007 0.6619719 0.8127558 0.7518635 0.7956882 0.7301772 0.8188505 0.7372062 0.6963433 0.6901145 0.7062057 0.6856217 0.7013737 0.692763 0.7355788 0.7702904 0.7461467 0.7629328 0.7468435 0.7701293 0.7136942 0.6634011 0.7087539 0.6751511 0.7043093 0.6695561 0.7468435 0.7701293 0.755846 0.7610531 0.7578494 0.7679175 0.7043093 0.6695561 0.7017955 0.6820153 0.696342 0.6774199 0.7578494 0.7679175 0.7648924 0.7573799 0.7681664 0.7636737 0.696342 0.6774199 0.6963433 0.6901145 0.6900922 0.6866962 0.7977451 0.7081155 0.790756 0.7185629 0.7906343 0.7088168 0.7774168 0.7575198 0.7648924 0.7573799 0.7729768 0.7520132 0.6900922 0.6866962 0.6926245 0.6991415 0.68581 0.6970326 0.795552 0.6971253 0.7906343 0.7088168 0.7886937 0.6991553 0.7852628 0.7496736 0.7729768 0.7520132 0.7798152 0.7451403 0.68581 0.6970326 0.690785 0.7087601 0.6836593 0.7080314 0.7912737 0.6867517 0.7886937 0.6991553 0.7849401 0.6900547 0.7914454 0.740444 0.7798152 0.7451403 0.7852277 0.7370632 0.6836593 0.7080314 0.6908767 0.7186009 0.6836974 0.7192599 0.7850539 0.6774189 0.7849401 0.6900547 0.7794837 0.6818917 0.7956882 0.7301772 0.7852277 0.7370632 0.7889267 0.7280941 0.6836974 0.7192599 0.6927612 0.7282885 0.6858672 0.7303071 0.7771404 0.6694941 0.7794837 0.6818917 0.7725446 0.6749579 0.797813 0.7192624 0.7889267 0.7280941 0.790756 0.7185629 0.6858672 0.7303071 0.6965063 0.7373787 0.6901581 0.740714 0.7771404 0.6694941 0.7644406 0.6695326 0.7678412 0.6632785 0.6901581 0.740714 0.701994 0.7455242 0.6964363 0.7500629 0.7678412 0.6632785 0.7554082 0.665869 0.7574877 0.6590446 0.6964363 0.7500629 0.7090156 0.7524108 0.7044692 0.7579791 0.7574877 0.6590446 0.74577 0.6640927 0.7464702 0.6569448 0.7044692 0.7579791 0.7172855 0.7577647 0.7139403 0.764138 0.7464702 0.6569448 0.7358804 0.6642273 0.7352133 0.6570122 0.7139403 0.764138 0.7264789 0.7613576 0.7244587 0.7682816 0.7352133 0.6570122 0.7261253 0.6660925 0.7241311 0.6591678 0.7244587 0.7682816 0.736231 0.763105 0.7355788 0.7702904 0.7455147 0.7570971 0.6966606 0.7179781 0.7365182 0.67007 0.790756 0.7185629 0.7849377 0.7095044 0.7906343 0.7088168 0.7648924 0.7573799 0.769366 0.747672 0.7729768 0.7520132 0.6926245 0.6991415 0.7013737 0.692763 0.698091 0.7007254 0.7886937 0.6991553 0.7849377 0.7095044 0.7832229 0.7008695 0.7729768 0.7520132 0.7753902 0.7415798 0.7798152 0.7451403 0.6926245 0.6991415 0.6964902 0.7092243 0.690785 0.7087601 0.7849401 0.6900547 0.7832229 0.7008695 0.7799089 0.6927646 0.7852277 0.7370632 0.7753902 0.7415798 0.7802222 0.7344345 0.690785 0.7087601 0.6966606 0.7179781 0.6908767 0.7186009 0.7794837 0.6818917 0.7799089 0.6927646 0.7750871 0.6855396 0.7889267 0.7280941 0.7802222 0.7344345 0.7835056 0.7265225 0.6927612 0.7282885 0.6966606 0.7179781 0.6982485 0.7266026 0.7794837 0.6818917 0.7689009 0.6793714 0.7725446 0.6749579 0.790756 0.7185629 0.7835056 0.7265225 0.785113 0.7181115 0.6927612 0.7282885 0.7015289 0.7346417 0.6965063 0.7373787 0.7644406 0.6695326 0.7689009 0.6793714 0.7618077 0.6745553 0.6965063 0.7373787 0.7063648 0.7418311 0.701994 0.7455242 0.7554082 0.665869 0.7618077 0.6745553 0.7538568 0.6713433 0.7090156 0.7524108 0.7063648 0.7418311 0.7125697 0.7479064 0.7554082 0.665869 0.7453441 0.6698254 0.74577 0.6640927 0.7172855 0.7577647 0.7125697 0.7479064 0.7198651 0.7526346 0.7358804 0.6642273 0.7453441 0.6698254 0.7365182 0.67007 0.7172855 0.7577647 0.7280008 0.7557841 0.7264789 0.7613576 0.7261253 0.6660925 0.7365182 0.67007 0.7277938 0.6716189 0.7264789 0.7613576 0.7366446 0.7573425 0.736231 0.763105 0.7169712 0.6697903 0.7277938 0.6716189 0.7196586 0.6748834 0.7461467 0.7629328 0.7366446 0.7573425 0.7455147 0.7570971 0.7087539 0.6751511 0.7196586 0.6748834 0.7123625 0.6795702 0.7461467 0.7629328 0.7541952 0.7555639 0.755846 0.7610531 0.7087539 0.6751511 0.7062057 0.6856217 0.7017955 0.6820153 0.7648924 0.7573799 0.7541952 0.7555639 0.7622179 0.752384 0.3933633 0.8554214 0.4146461 0.8548815 0.3981116 0.8724504 0.393212 0.8549806 0.393301 0.8549793 0.3933633 0.8554214 0.3917047 0.8404765 0.393212 0.8549806 0.3881392 0.8404261 0.390038 0.8243694 0.3881392 0.8404261 0.3829363 0.8244487 0.3884272 0.8079937 0.3829363 0.8244487 0.3791062 0.8080669 0.3884272 0.8079937 0.3791062 0.8080669 0.3791534 0.8079054 0.3900675 0.7916578 0.3881818 0.775622 0.3917428 0.7755731 0.3917428 0.7755731 0.3932532 0.761086 0.393342 0.7610872 0.393342 0.7610872 0.3932532 0.761086 0.3934044 0.7606456 0.4146655 0.7611898 0.3934044 0.7606456 0.3981514 0.7436348 0.6947205 0.4319409 0.6903327 0.426927 0.6904876 0.4268612 0.7067346 0.4555042 0.7071969 0.4600169 0.7054719 0.4601097 0.6976242 0.4544919 0.6945711 0.4605952 0.6879448 0.4497124 0.7067346 0.4555042 0.7177261 0.4559482 0.7071969 0.4600169 0.7078045 0.4302226 0.7097021 0.4245698 0.7131481 0.425924 0.7177671 0.4558513 0.7146786 0.4527958 0.7225174 0.445761 0.6923577 0.4447036 0.6903327 0.426927 0.6947205 0.4319409 0.7173517 0.435822 0.7235777 0.43308 0.7227249 0.4438669 0.08567571 0.5545923 0.109906 0.5885136 0.08973109 0.5855259 0.04035937 0.6085914 0.07145911 0.6074916 0.0777685 0.627026 0.6880002 0.3834779 0.7131481 0.425924 0.7097021 0.4245698 0.7288484 0.4574088 0.7177671 0.4558513 0.7225174 0.445761 0.6945711 0.4605952 0.6355915 0.448976 0.6879448 0.4497124 0.7353677 0.454284 0.7227249 0.4438669 0.7235777 0.43308 0.6903327 0.426927 0.686816 0.4463921 0.6468666 0.423174 0.7071969 0.4600169 0.7177261 0.4559482 0.7184028 0.4671697 0.2919004 0.7698129 0.2990067 0.7571058 0.3114691 0.7698038 0.2859708 0.7834116 0.306221 0.7892338 0.2838254 0.7983128 0.2659851 0.7899332 0.2697561 0.7880838 0.2834205 0.7981454 0.2859708 0.7834116 0.2838254 0.7983128 0.2834205 0.7981454 0.2669143 0.7740365 0.2659851 0.7899332 0.260479 0.7727457 0.271427 0.7616157 0.260479 0.7727457 0.2641901 0.7553355 0.2816319 0.7491191 0.271427 0.7616157 0.2641901 0.7553355 0.3007258 0.7530766 0.2836728 0.7556614 0.2816319 0.7491191 0.3114691 0.7698038 0.2990067 0.7571058 0.3007258 0.7530766 0.2944228 0.7755205 0.3116096 0.7701361 0.3052133 0.7881864 0.8025513 0.5469336 0.8062735 0.5512671 0.8061419 0.5513222 0.7902516 0.5225722 0.7897993 0.518393 0.7915412 0.5182954 0.7995624 0.5236089 0.8024459 0.517862 0.8089282 0.5287913 0.7902516 0.5225722 0.7791116 0.5224984 0.7897993 0.518393 0.7889425 0.5485128 0.7872123 0.5536077 0.7837745 0.5522364 0.7790722 0.5225886 0.7818772 0.5254704 0.774464 0.5325784 0.8050333 0.5336641 0.8062735 0.5512671 0.8025513 0.5469336 0.7792496 0.5426046 0.7733952 0.5451821 0.774268 0.5344723 0.3377026 0.7706031 0.3116115 0.7696785 0.3010722 0.7528207 0.289699 0.8243504 0.2656219 0.79003 0.2834205 0.7981454 0.774464 0.5325784 0.7681049 0.5209884 0.7790722 0.5225886 0.8087121 0.59454 0.7872123 0.5536077 0.8061419 0.5513222 0.8024459 0.517862 0.7915412 0.5182954 0.7820141 0.5051493 0.7818568 0.6030699 0.7616424 0.5241178 0.7733952 0.5451821 0.7785398 0.5112571 0.7897993 0.518393 0.7791116 0.5224984 0.8316831 0.5754091 0.8061419 0.5513222 0.8062735 0.5512671 0.9242279 0.2987244 0.9262742 0.3058777 0.9243407 0.306681 0.9260504 0.298549 0.9280197 0.2981552 0.9280466 0.3037846 0.9280466 0.3037846 0.930112 0.2980653 0.9298089 0.3044667 0.9305517 0.3059399 0.9298089 0.3044667 0.9319756 0.2984238 0.9242279 0.2987244 0.9243407 0.306681 0.9233293 0.3068667 0.9397202 0.2723268 0.9419584 0.2685146 0.9416425 0.2730073 0.9397202 0.2723268 0.9391602 0.2721998 0.9380815 0.2700827 0.935954 0.2678467 0.9380815 0.2700827 0.9363098 0.2705561 0.9340413 0.2682801 0.935954 0.2678467 0.9363098 0.2705561 0.9419584 0.2685146 0.9436193 0.2732028 0.9416425 0.2730073 0.61432 0.8640729 0.6154063 0.8615741 0.6174209 0.8629574 0.5594784 0.8144189 0.5742647 0.8177444 0.5736614 0.8183279 0.5752439 0.8204653 0.5779097 0.8200182 0.5736164 0.8219409 0.5742647 0.8177444 0.5594784 0.8144189 0.5601388 0.8086736 0.5768799 0.8122895 0.5796806 0.816409 0.5771511 0.8152693 0.6236565 0.8613142 0.6205243 0.860404 0.6195804 0.858042 0.948628 0.2747465 0.9463943 0.282553 0.9465547 0.2738343 0.948628 0.2747465 0.9491872 0.2747998 0.9505228 0.2770094 0.9527168 0.2833018 0.9505228 0.2770094 0.9524223 0.2762392 0.9547244 0.2829311 0.9524223 0.2762392 0.95312 0.2748618 0.9444537 0.282826 0.944529 0.2732028 0.9456668 0.2736489 0.9089596 0.3270688 0.9071462 0.3167341 0.9076689 0.3201763 0.909119 0.3270087 0.9083274 0.3231093 0.9080994 0.3223955 0.9071841 0.3188399 0.9073064 0.3166364 0.9072322 0.320792 0.9086328 0.3232381 0.9089733 0.3270586 0.9081662 0.3218912 0.9073325 0.316581 0.9079847 0.3224046 0.907427 0.3208619 0.9089986 0.3270124 0.9086328 0.3232381 0.9087566 0.3238756 0.9357602 0.3594955 0.9381457 0.3626289 0.9361389 0.3633774 0.9376651 0.3592222 0.9397442 0.358818 0.9397838 0.3601829 0.9419903 0.3587757 0.9397838 0.3601829 0.9397442 0.358818 0.9416589 0.3606762 0.9419903 0.3587757 0.9439905 0.359284 0.9357602 0.3594955 0.934054 0.3635948 0.9338249 0.3592818 0.4547452 0.7486978 0.4538053 0.7548391 0.4534472 0.7557523 0.4532551 0.75733 0.4531378 0.757445 0.4527291 0.7567117 0.4548128 0.7486775 0.4540277 0.754329 0.4538053 0.7548391 0.4532866 0.7573588 0.4527291 0.7567117 0.4531654 0.7554867 0.4531925 0.7574197 0.453552 0.7558939 0.4533486 0.7573493 0.453356 0.7573879 0.4532788 0.7555889 0.4538945 0.7545418 0.9060342 0.3272881 0.9049752 0.3248707 0.9054465 0.3238369 0.9076641 0.3274735 0.907427 0.3208619 0.9079847 0.3224046 0.9098387 0.3096401 0.9073505 0.3187812 0.908093 0.3096092 0.9084779 0.327078 0.9080994 0.3223955 0.9083274 0.3231093 0.903121 0.3088372 0.9036574 0.3193252 0.9016401 0.3096842 0.9072322 0.320792 0.907427 0.3208619 0.9068475 0.3275211 0.4524081 0.7436578 0.4493516 0.7598267 0.450319 0.7543287 0.4531378 0.757445 0.4537284 0.7589719 0.4522422 0.7592588 0.4552369 0.7591898 0.4533486 0.7573493 0.453552 0.7558939 0.4547735 0.7439439 0.4538945 0.7545418 0.4532788 0.7555889 0.505761 0.9445329 0.5171177 0.9513007 0.5147174 0.9519627 0.4803178 0.9170767 0.4806525 0.9147557 0.4819599 0.9134651 0.4819599 0.9134651 0.4798591 0.9142391 0.4787741 0.9134082 0.4737721 0.9165547 0.4762619 0.9165834 0.4773071 0.9187176 0.4699031 0.9022111 0.4749083 0.9013605 0.4783081 0.9139264 0.5134421 0.9592921 0.5111102 0.9552646 0.5130754 0.9564002 0.5116367 0.8557779 0.5053277 0.8626149 0.5022314 0.8646342 0.4999475 0.8616836 0.499973 0.8586584 0.5069314 0.8511173 0.5189877 0.8388037 0.5194091 0.8389601 0.5146104 0.8426579 0.4993091 0.8597615 0.4990391 0.8613094 0.4987133 0.8609477 0.5194091 0.8389601 0.5189877 0.8388037 0.5213229 0.8377849 0.5236619 0.8365366 0.5237639 0.8365156 0.5231787 0.8411769 0.5227579 0.838934 0.523611 0.8364313 0.5221459 0.8379271 0.6672209 0.9083741 0.6670243 0.9071857 0.6669376 0.9074421 0.6670819 0.9108304 0.6673914 0.9099375 0.6670505 0.9107063 0.667415 0.9099228 0.6670505 0.9107063 0.6673973 0.9099324 0.6673144 0.9098272 0.6673914 0.9099375 0.666258 0.9097868 0.6667926 0.9093222 0.6662093 0.9094419 0.6662749 0.9085894 0.6670243 0.9071857 0.6670705 0.9084516 0.6661233 0.9079745 0.4977535 0.8672284 0.4921547 0.8756809 0.4985278 0.8673583 0.5022314 0.8646342 0.5032232 0.865202 0.5010135 0.8671059 0.4913309 0.8759939 0.4991126 0.8681814 0.4985278 0.8673583 0.6670243 0.9071857 0.6661233 0.9079745 0.6581772 0.8968499 0.5000581 0.8586475 0.4959959 0.8410606 0.5069645 0.851137 0.5223915 0.8734587 0.511659 0.855776 0.5258978 0.8693726 0.4959959 0.8410606 0.513778 0.8435873 0.5069645 0.851137 0.5301691 0.8659777 0.511659 0.855776 0.5179909 0.8488832 0.5165386 0.8258098 0.5213229 0.8377849 0.5187808 0.8390341 0.5350817 0.8634495 0.5179909 0.8488832 0.5232173 0.8426771 0.5300283 0.8207787 0.5227428 0.8386722 0.5221459 0.8379271 0.4984443 0.8685133 0.4988746 0.8683523 0.518076 0.8831121 0.4993343 0.8596133 0.4985045 0.8605823 0.4883997 0.8511747 0.5197764 0.8780786 0.4988746 0.8683523 0.5013768 0.8673784 0.4393997 0.5422508 0.4417771 0.5392994 0.44264 0.5434028 0.4373092 0.562485 0.4375591 0.5618854 0.4373642 0.5571713 0.4341383 0.5764261 0.4329678 0.5928927 0.4359673 0.5635211 0.4391943 0.5422178 0.4367634 0.5426389 0.4360401 0.5425262 0.4392237 0.5409006 0.4383012 0.538739 0.4395444 0.5391228 0.4393997 0.5422508 0.439673 0.5433772 0.4388153 0.5430151 0.438552 0.552711 0.4370733 0.5529037 0.4374948 0.5526927 0.4389982 0.5426551 0.4385383 0.5496297 0.4384075 0.5506269 0.4334679 0.5927353 0.4384193 0.5514252 0.4376661 0.5519077 0.4392403 0.5426376 0.4388521 0.5497872 0.4384582 0.5494344 0.4330796 0.5938125 0.4342407 0.5921634 0.4349622 0.5947247 0.4307523 0.5978615 0.4329793 0.5947159 0.4342887 0.5976516 0.4327385 0.5944824 0.4307523 0.5978615 0.430025 0.5949001 0.4330796 0.5938125 0.4304488 0.591926 0.4342407 0.5921634 0.4375591 0.5618854 0.4376029 0.5614358 0.4373642 0.5571713 0.4387057 0.5508624 0.438552 0.552711 0.4378693 0.5564156 0.4383552 0.5499103 0.4384075 0.5506269 0.4385383 0.5496297 0.4387057 0.5508624 0.439273 0.5516435 0.4390709 0.5519027 0.4376661 0.5519077 0.4383364 0.549929 0.4377022 0.5527408 0.4388521 0.5497872 0.4384052 0.5499002 0.4384582 0.5494344 0.4383326 0.5498815 0.4376661 0.5519077 0.4384193 0.5514252 0.4390709 0.5519027 0.4374948 0.5526927 0.4374895 0.5528146 0.4360149 0.5620458 0.4363788 0.5686211 0.4359673 0.5635211 0.4370733 0.5529037 0.4377022 0.5527408 0.4360493 0.5629929 0.4383828 0.5507162 0.4378693 0.5564156 0.4378927 0.5568802 0.4374895 0.5528146 0.438552 0.552711 0.4390709 0.5519027 0.4363316 0.5676969 0.4376029 0.5614358 0.4373092 0.562485 0.4360486 0.568308 0.4367511 0.5668932 0.4361817 0.568588 0.4355772 0.5628906 0.4356155 0.5631119 0.4360493 0.5629929 0.4361847 0.567948 0.4371835 0.5651775 0.4360486 0.568308 0.4345598 0.5759261 0.4352396 0.5754368 0.435238 0.5761065 0.4356026 0.5710977 0.43568 0.5710348 0.4356324 0.5740907 0.4350814 0.5740833 0.434859 0.5739769 0.4351343 0.5738179 0.4345881 0.5755784 0.4344665 0.5758425 0.4343435 0.5746473 0.4344665 0.5758425 0.4341383 0.5764261 0.4343435 0.5746473 0.4354195 0.5752191 0.4356678 0.5748134 0.4354005 0.5758631 0.4304488 0.591926 0.4371876 0.5573793 0.4342407 0.5921634 0.4387541 0.5431357 0.4378325 0.5428943 0.4388153 0.5430151 0.439913 0.5371143 0.4395444 0.5391228 0.4383012 0.538739 0.4371876 0.5573793 0.439673 0.5433772 0.4419024 0.5438015 0.4220233 0.5955997 0.430025 0.5949001 0.4307523 0.5978615 0.4496427 0.5431408 0.44264 0.5434028 0.4417771 0.5392994 0.439673 0.5433772 0.4387541 0.5431357 0.4388153 0.5430151 0.4269496 0.5397148 0.4360401 0.5425262 0.4367634 0.5426389 0.6691392 0.9089701 0.671651 0.9080635 0.6696793 0.9090318 0.6696793 0.9090318 0.671651 0.9080635 0.6717039 0.9086946 0.6693158 0.9095451 0.6722941 0.9100681 0.6717146 0.9117625 0.668646 0.9094873 0.6717146 0.9117625 0.6700552 0.9117546 0.6681775 0.9094448 0.668646 0.9094873 0.6683039 0.9097361 0.6684496 0.9090639 0.6683102 0.9092984 0.6682081 0.9089852 0.6691392 0.9089701 0.6688406 0.9081105 0.6705273 0.9072669 0.6641794 0.9096506 0.6625459 0.9086247 0.6638516 0.9090226 0.6640489 0.9098193 0.6639941 0.9108537 0.6627219 0.9121752 0.6634424 0.9100056 0.660575 0.9111581 0.6630178 0.909985 0.6630475 0.9097549 0.6625459 0.9086247 0.6635633 0.9095618 0.664427 0.9096723 0.6641794 0.9096506 0.6638516 0.9090226 0.6634424 0.9100056 0.6627219 0.9121752 0.6613064 0.9123629 0.6630178 0.909985 0.6611419 0.909564 0.6630475 0.9097549 0.6677666 0.9094083 0.6682263 0.9095501 0.6683039 0.9097361 0.6682081 0.9089852 0.6681775 0.9094448 0.6677666 0.9094083 0.6683039 0.9097361 0.6683104 0.9095398 0.6680738 0.9101272 0.6682952 0.9088348 0.6683656 0.9094771 0.6684234 0.9092488 0.6638516 0.9090226 0.6625459 0.9086247 0.6662749 0.9085894 0.6564834 0.9176209 0.660575 0.9111581 0.6613064 0.9123629 0.6700552 0.9117546 0.6717146 0.9117625 0.6655868 0.9197006 0.6688406 0.9081105 0.6680346 0.9080867 0.6705273 0.9072669 0.9158559 0.5427294 0.9134461 0.5514322 0.9116913 0.5505141 0.9194658 0.546132 0.9147563 0.5529524 0.9134461 0.5514322 0.9215763 0.5505076 0.9153144 0.554937 0.9147563 0.5529524 0.9219689 0.5552147 0.9149408 0.5570929 0.9153144 0.554937 0.9207133 0.5596322 0.913712 0.5589979 0.9149408 0.5570929 0.9145122 0.5657328 0.9117232 0.5604225 0.912164 0.5601206 0.9117232 0.5604225 0.9102867 0.5672122 0.9097195 0.5607442 0.9097195 0.5607442 0.905822 0.5670995 0.9078497 0.5602254 0.9078497 0.5602254 0.901598 0.5654698 0.9063411 0.5590697 0.9063411 0.5590697 0.898158 0.5624327 0.9052872 0.5575488 0.9052872 0.5575488 0.8958637 0.5584009 0.9046857 0.5559174 0.9046857 0.5559174 0.8950265 0.5537864 0.9045077 0.5543592 0.8956981 0.5492388 0.9048627 0.5527605 0.9045857 0.5539928 0.9048627 0.5527605 0.8978988 0.5450364 0.9055594 0.5516133 0.8978988 0.5450364 0.906641 0.5507945 0.9055594 0.5516133 0.9016685 0.5420545 0.9080809 0.5503028 0.906641 0.5507945 0.9063093 0.5405532 0.9098172 0.5501747 0.9080809 0.5503028 0.9112591 0.54077 0.9116913 0.5505141 0.9098172 0.5501747 0.05731534 0.7922847 0.08643889 0.7931281 0.08338505 0.7981823 0.1062448 0.8331918 0.1114544 0.8141859 0.1144967 0.8091108 0.2188763 0.8805575 0.2142518 0.8810361 0.2155429 0.8781618 0.2142518 0.8810361 0.2192141 0.8833961 0.2141498 0.8837849 0.2192141 0.8833961 0.2155042 0.886406 0.2141498 0.8837849 0.2193994 0.8892285 0.215478 0.8890725 0.2164412 0.8877429 0.2191759 0.8921427 0.215478 0.8890725 0.2193994 0.8892285 0.2191759 0.8921427 0.2141521 0.8944779 0.2140792 0.8917006 0.218816 0.8950041 0.2154292 0.897395 0.2141521 0.8944779 0.5828039 0.7331673 0.5816249 0.7378845 0.5815799 0.737692 0.5720958 0.7302545 0.5755681 0.739374 0.5701572 0.7387669 0.5720958 0.7302545 0.5654249 0.7353622 0.5665192 0.7290522 0.5665192 0.7290522 0.5654249 0.7353622 0.5630864 0.733173 0.5550685 0.7280308 0.5602575 0.7347193 0.5547575 0.7368316 0.5550685 0.7280308 0.5493084 0.7360247 0.5493799 0.7280228 0.5493799 0.7280228 0.5438659 0.7328132 0.5438497 0.7280673 0.1463099 0.8808477 0.1502335 0.8787984 0.1504995 0.8891304 0.1504973 0.9592941 0.1463071 0.9675765 0.1442379 0.9652725 0.5844367 0.73979 0.5855523 0.7382456 0.5885804 0.7430546 0.5880387 0.790566 0.5759472 0.7865813 0.593133 0.7859855 0.2193994 0.8892285 0.2255813 0.8895682 0.2248805 0.8929015 0.2255275 0.8859977 0.2305057 0.8857938 0.2306252 0.8898388 0.2185283 0.8778139 0.2235819 0.8770642 0.2240819 0.8797728 0.2194219 0.8862908 0.2192141 0.8833961 0.2248616 0.8826856 0.2191759 0.8921427 0.2248805 0.8929015 0.2240738 0.8958337 0.2194219 0.8862908 0.2255275 0.8859977 0.2255813 0.8895682 0.2184436 0.8977737 0.218816 0.8950041 0.2240738 0.8958337 0.2192141 0.8833961 0.2188763 0.8805575 0.2240819 0.8797728 0.2295871 0.8792219 0.2293369 0.8765068 0.2362267 0.8767473 0.2248616 0.8826856 0.2240819 0.8797728 0.2295871 0.8792219 0.2240738 0.8958337 0.2296232 0.8964167 0.2293608 0.8991445 0.2255813 0.8895682 0.2306252 0.8898388 0.2301326 0.8934529 0.2255275 0.8859977 0.2248616 0.8826856 0.230072 0.8821788 0.2240819 0.8797728 0.2235819 0.8770642 0.2293369 0.8765068 0.2248805 0.8929015 0.2301326 0.8934529 0.2296232 0.8964167 0.2362639 0.8989099 0.2361598 0.896138 0.2402122 0.8959876 0.2301326 0.8934529 0.2359999 0.8931691 0.2361598 0.896138 0.2305057 0.8857938 0.2358349 0.8859392 0.2358892 0.8897224 0.230072 0.8821788 0.2295871 0.8792219 0.2361185 0.8795179 0.2296232 0.8964167 0.2361598 0.896138 0.2362639 0.8989099 0.2306252 0.8898388 0.2358892 0.8897224 0.2359999 0.8931691 0.2305057 0.8857938 0.230072 0.8821788 0.2359519 0.8824878 0.2402122 0.8959876 0.2397605 0.8929647 0.2544454 0.8924036 0.2359999 0.8931691 0.2358892 0.8897224 0.2393276 0.8896121 0.2359519 0.8824878 0.2397206 0.8826995 0.2392838 0.8860582 0.2362267 0.8767473 0.2404143 0.876855 0.2401753 0.8796728 0.2361598 0.896138 0.2359999 0.8931691 0.2397605 0.8929647 0.2358349 0.8859392 0.2392838 0.8860582 0.2393276 0.8896121 0.2361185 0.8795179 0.2401753 0.8796728 0.2397206 0.8826995 0.2542042 0.886316 0.3205969 0.8863412 0.3205971 0.889325 0.2392838 0.8860582 0.2542042 0.886316 0.2542064 0.8893572 0.2401753 0.8796728 0.2547401 0.880231 0.2544412 0.8832656 0.2404498 0.8988027 0.2402122 0.8959876 0.2547448 0.8954344 0.2397605 0.8929647 0.2393276 0.8896121 0.2542064 0.8893572 0.2397206 0.8826995 0.2544412 0.8832656 0.2542042 0.886316 0.2404143 0.876855 0.2548978 0.8772649 0.2547401 0.880231 0.320656 0.8773233 0.3993915 0.8773785 0.3992111 0.8803743 0.2547401 0.880231 0.3206429 0.8803237 0.320617 0.883342 0.2549023 0.8983973 0.2547448 0.8954344 0.3206428 0.8953422 0.2544454 0.8924036 0.2542064 0.8893572 0.3205971 0.889325 0.2544412 0.8832656 0.320617 0.883342 0.3205969 0.8863412 0.2548978 0.8772649 0.320656 0.8773233 0.3206429 0.8803237 0.2547448 0.8954344 0.2544454 0.8924036 0.320617 0.892324 0.7239434 0.97147 0.7239434 0.9747129 0.6274061 0.9746707 0.3206428 0.8953422 0.320617 0.892324 0.3988071 0.8923128 0.3205969 0.8863412 0.3984835 0.886335 0.3984833 0.8893303 0.3206429 0.8803237 0.3992111 0.8803743 0.3988072 0.8833525 0.3206558 0.8983426 0.3206428 0.8953422 0.3992109 0.895291 0.320617 0.892324 0.3205971 0.889325 0.3984833 0.8893303 0.320617 0.883342 0.3988072 0.8833525 0.3984835 0.886335 0.6274061 0.9746707 0.6275011 0.9778513 0.5953428 0.9779151 0.7239428 0.9779345 0.7239429 0.981139 0.6275762 0.9810214 0.723924 0.9875456 0.6275249 0.9873661 0.6276096 0.9841997 0.7239065 0.9940067 0.62737 0.9937377 0.627428 0.9905426 0.7239434 0.9747129 0.7239428 0.9779345 0.6275011 0.9778513 0.7239329 0.9843431 0.6276096 0.9841997 0.6275762 0.9810214 0.7239155 0.9907657 0.627428 0.9905426 0.6275249 0.9873661 0.5954284 0.9872684 0.5672435 0.9871267 0.567444 0.9841126 0.6276096 0.9841997 0.5956165 0.9841613 0.5955327 0.9810249 0.627428 0.9905426 0.5951961 0.9903635 0.5954284 0.9872684 0.6273551 0.971471 0.6274061 0.9746707 0.5951086 0.9748156 0.6275011 0.9778513 0.6275762 0.9810214 0.5955327 0.9810249 0.6275249 0.9873661 0.5954284 0.9872684 0.5956165 0.9841613 0.62737 0.9937377 0.5950624 0.9934585 0.5951961 0.9903635 0.5667322 0.9720926 0.5668814 0.9750662 0.544068 0.975413 0.5950624 0.9934585 0.5668414 0.9930932 0.5669916 0.9901213 0.5951086 0.9748156 0.5953428 0.9779151 0.5671419 0.9780637 0.5956165 0.9841613 0.567444 0.9841126 0.567351 0.9810758 0.5951961 0.9903635 0.5669916 0.9901213 0.5672435 0.9871267 0.594981 0.9717164 0.5951086 0.9748156 0.5668814 0.9750662 0.5953428 0.9779151 0.5955327 0.9810249 0.567351 0.9810758 0.544068 0.975413 0.5442545 0.9782943 0.5304788 0.9784416 0.5671419 0.9780637 0.567351 0.9810758 0.5444018 0.9811823 0.5672435 0.9871267 0.5443624 0.9869719 0.5444731 0.9840843 0.5668414 0.9930932 0.5440624 0.9926908 0.5441892 0.9898471 0.5668814 0.9750662 0.5671419 0.9780637 0.5442545 0.9782943 0.567444 0.9841126 0.5444731 0.9840843 0.5444018 0.9811823 0.5669916 0.9901213 0.5441892 0.9898471 0.5443624 0.9869719 0.5304788 0.9784416 0.5306778 0.9812656 0.5179094 0.9812999 0.5444731 0.9840843 0.5307757 0.9841327 0.5306778 0.9812656 0.5441892 0.9898471 0.5304265 0.9897235 0.5306368 0.9869461 0.5439328 0.9725592 0.544068 0.975413 0.5302441 0.9756533 0.5442545 0.9782943 0.5444018 0.9811823 0.5306778 0.9812656 0.5443624 0.9869719 0.5306368 0.9869461 0.5307757 0.9841327 0.5440624 0.9926908 0.530293 0.9924637 0.5304265 0.9897235 0.5173956 0.9897974 0.5066509 0.9897382 0.507021 0.9870342 0.5306368 0.9869461 0.5177721 0.9870957 0.518087 0.9842591 0.530293 0.9924637 0.5172099 0.9924395 0.5173956 0.9897974 0.5302441 0.9756533 0.5304788 0.9784416 0.517542 0.9784662 0.5307757 0.9841327 0.518087 0.9842591 0.5179094 0.9812999 0.5304265 0.9897235 0.5173956 0.9897974 0.5177721 0.9870957 0.5300881 0.9728926 0.5302441 0.9756533 0.517119 0.9757561 0.5063619 0.9760059 0.5067757 0.9787055 0.4843291 0.9790101 0.5169003 0.9731063 0.517119 0.9757561 0.5063619 0.9760059 0.517542 0.9784662 0.5179094 0.9812999 0.5071527 0.9814583 0.5177721 0.9870957 0.507021 0.9870342 0.5072968 0.9842694 0.5172099 0.9924395 0.5064655 0.9923812 0.5066509 0.9897382 0.517119 0.9757561 0.517542 0.9784662 0.5067757 0.9787055 0.5179094 0.9812999 0.518087 0.9842591 0.5072968 0.9842694 0.4647325 0.9902005 0.4650748 0.9875764 0.4844713 0.9872768 0.5072968 0.9842694 0.4842551 0.9845219 0.4841921 0.9817624 0.5066509 0.9897382 0.4846287 0.9900023 0.4844713 0.9872768 0.5061357 0.9733572 0.5063619 0.9760059 0.4843742 0.976286 0.5067757 0.9787055 0.5071527 0.9814583 0.4841921 0.9817624 0.507021 0.9870342 0.4844713 0.9872768 0.4842551 0.9845219 0.5064655 0.9923812 0.4846934 0.9926666 0.4846287 0.9900023 0.5550468 0.7166749 0.5617567 0.7161723 0.5608098 0.7283259 0.5625584 0.7062223 0.5704546 0.7075328 0.5687255 0.7172248 0.5805135 0.7217422 0.5856827 0.7234688 0.5828039 0.7331673 0.5665192 0.7290522 0.5687255 0.7172248 0.5750248 0.7194202 0.5490892 0.7175 0.5550468 0.7166749 0.5550685 0.7280308 0.5617567 0.7161723 0.5687255 0.7172248 0.5665192 0.7290522 0.5438497 0.7280673 0.5435922 0.7178175 0.5490892 0.7175 0.5720958 0.7302545 0.5750248 0.7194202 0.5805135 0.7217422 0.5830897 0.7111017 0.5842671 0.6982076 0.5897345 0.6987396 0.5750248 0.7194202 0.5774233 0.7093524 0.5830897 0.7111017 0.5439647 0.7062571 0.549391 0.7064563 0.5490892 0.7175 0.5553411 0.7062346 0.5625584 0.7062223 0.5617567 0.7161723 0.5687255 0.7172248 0.5704546 0.7075328 0.5774233 0.7093524 0.5805135 0.7217422 0.5830897 0.7111017 0.5883486 0.7123287 0.549391 0.7064563 0.5553411 0.7062346 0.5550468 0.7166749 0.5462475 0.6927577 0.5475705 0.6845641 0.5530352 0.6857794 0.5516639 0.6936966 0.5574499 0.6947973 0.5553411 0.7062346 0.5641844 0.6959301 0.5715921 0.6970448 0.5704546 0.7075328 0.5774233 0.7093524 0.5783945 0.6977382 0.5842671 0.6982076 0.5462475 0.6927577 0.5516639 0.6936966 0.549391 0.7064563 0.5574499 0.6947973 0.5641844 0.6959301 0.5625584 0.7062223 0.5704546 0.7075328 0.5715921 0.6970448 0.5783945 0.6977382 0.5530352 0.6857794 0.5579954 0.6573939 0.5638665 0.6587902 0.5574499 0.6947973 0.5588501 0.68747 0.5653159 0.6892118 0.5722792 0.6902457 0.578988 0.690286 0.5783945 0.6977382 0.5850504 0.6902032 0.5906461 0.6904884 0.5897345 0.6987396 0.5516639 0.6936966 0.5530352 0.6857794 0.5588501 0.68747 0.5653159 0.6892118 0.5722792 0.6902457 0.5715921 0.6970448 0.578988 0.690286 0.5850504 0.6902032 0.5842671 0.6982076 0.587565 0.5297306 0.5934232 0.530527 0.5757544 0.660888 0.5697841 0.6600721 0.5757544 0.660888 0.5722792 0.6902457 0.5818066 0.661237 0.5878443 0.6614603 0.5850504 0.6902032 0.5475705 0.6845641 0.5522202 0.6562944 0.5579954 0.6573939 0.5588501 0.68747 0.5638665 0.6587902 0.5697841 0.6600721 0.5757544 0.660888 0.5818066 0.661237 0.578988 0.690286 0.5878443 0.6614603 0.5937101 0.6619427 0.5906461 0.6904884 0.6261197 0.3777633 0.6320499 0.3782083 0.6111448 0.5328179 0.5993171 0.5312879 0.6052502 0.5320428 0.5878443 0.6614603 0.5522202 0.6562944 0.5698754 0.5272086 0.5757629 0.5280349 0.5638665 0.6587902 0.581682 0.5288909 0.587565 0.5297306 0.5934232 0.530527 0.5993171 0.5312879 0.5818066 0.661237 0.6052502 0.5320428 0.6111448 0.5328179 0.5937101 0.6619427 0.5579954 0.6573939 0.5757629 0.5280349 0.581682 0.5288909 0.8705984 0.363673 0.8708512 0.2682527 0.8740131 0.2683097 0.5757629 0.5280349 0.5968308 0.3737825 0.6025707 0.3753703 0.6083403 0.3768019 0.6142219 0.3776011 0.5934232 0.530527 0.6201642 0.3777615 0.6261197 0.3777633 0.6052502 0.5320428 0.5698754 0.5272086 0.5909969 0.3726285 0.5968308 0.3737825 0.581682 0.5288909 0.6025707 0.3753703 0.6083403 0.3768019 0.6142219 0.3776011 0.6201642 0.3777615 0.5993171 0.5312879 0.8740131 0.2683097 0.8741828 0.2363772 0.87725 0.2366062 0.8769848 0.3636895 0.8771564 0.2684051 0.8802897 0.2684893 0.8834319 0.2685284 0.8865628 0.2684553 0.8864806 0.3636969 0.8897045 0.2683625 0.8928647 0.2683131 0.8928647 0.3636975 0.8738022 0.3636815 0.8740131 0.2683097 0.8771564 0.2684051 0.8802897 0.2684893 0.8834319 0.2685284 0.8833162 0.3636969 0.8865628 0.2684553 0.8897045 0.2683625 0.889662 0.3636974 0.8833865 0.2089524 0.8863769 0.2087466 0.886511 0.2366895 0.8803291 0.2367916 0.8834346 0.2368766 0.8834319 0.2685284 0.886511 0.2366895 0.8895773 0.2364594 0.8897045 0.2683625 0.8708512 0.2682527 0.8711155 0.2362458 0.8741828 0.2363772 0.8771564 0.2684051 0.87725 0.2366062 0.8803291 0.2367916 0.8834346 0.2368766 0.886511 0.2366895 0.8865628 0.2684553 0.8895773 0.2364594 0.8926432 0.2363358 0.8928647 0.2683131 0.8714651 0.2082695 0.8718513 0.1856582 0.8746818 0.1857817 0.8893526 0.2084913 0.8923045 0.2083474 0.8926432 0.2363358 0.8741828 0.2363772 0.8744131 0.2084171 0.8773837 0.208666 0.8803731 0.2088644 0.8833865 0.2089524 0.8834346 0.2368766 0.8863769 0.2087466 0.8893526 0.2084913 0.8895773 0.2364594 0.8711155 0.2362458 0.8714651 0.2082695 0.8744131 0.2084171 0.87725 0.2366062 0.8773837 0.208666 0.8803731 0.2088644 0.8746818 0.1857817 0.8747934 0.1720446 0.8775747 0.1722531 0.8773837 0.208666 0.8775435 0.1859542 0.8804174 0.1860669 0.8833058 0.1861227 0.8861801 0.1859822 0.8863769 0.2087466 0.889047 0.1858032 0.8918865 0.1856753 0.8923045 0.2083474 0.8744131 0.2084171 0.8746818 0.1857817 0.8775435 0.1859542 0.8804174 0.1860669 0.8833058 0.1861227 0.8833865 0.2089524 0.8861801 0.1859822 0.889047 0.1858032 0.8893526 0.2084913 0.8775747 0.1722531 0.877398 0.159335 0.880243 0.1596401 0.8803927 0.172394 0.8832562 0.1724639 0.8833058 0.1861227 0.8860665 0.1722722 0.8888429 0.1720445 0.889047 0.1858032 0.8718513 0.1856582 0.8720503 0.1719161 0.8747934 0.1720446 0.8775435 0.1859542 0.8775747 0.1722531 0.8803927 0.172394 0.8832562 0.1724639 0.8860665 0.1722722 0.8861801 0.1859822 0.8888429 0.1720445 0.8915931 0.1718958 0.8918865 0.1856753 0.8858073 0.1485804 0.8885179 0.1481599 0.8887575 0.1589645 0.883209 0.1597663 0.8860446 0.1593906 0.8860665 0.1722722 0.8887575 0.1589645 0.8914101 0.1587466 0.8915931 0.1718958 0.8747934 0.1720446 0.8746888 0.1589641 0.877398 0.159335 0.880243 0.1596401 0.883209 0.1597663 0.8832562 0.1724639 0.8860446 0.1593906 0.8887575 0.1589645 0.8888429 0.1720445 0.8720503 0.1719161 0.8720397 0.1587813 0.8746888 0.1589641 0.8747246 0.1482199 0.8747186 0.1263654 0.8774169 0.1264539 0.8720397 0.1587813 0.8721047 0.1480233 0.8747246 0.1482199 0.877398 0.159335 0.8774262 0.1485968 0.8802005 0.1488777 0.883028 0.1489636 0.8858073 0.1485804 0.8860446 0.1593906 0.8885179 0.1481599 0.8911552 0.1479244 0.8914101 0.1587466 0.8746888 0.1589641 0.8747246 0.1482199 0.8774262 0.1485968 0.880243 0.1596401 0.8802005 0.1488777 0.883028 0.1489636 0.4650748 0.9875764 0.4653285 0.9849904 0.4842551 0.9845219 0.8800613 0.1265123 0.8826637 0.1264809 0.883028 0.1489636 0.8853161 0.1263499 0.8880274 0.1261892 0.8885179 0.1481599 0.8721047 0.1480233 0.8720674 0.1263302 0.8747186 0.1263654 0.8774262 0.1485968 0.8774169 0.1264539 0.8800613 0.1265123 0.8826637 0.1264809 0.8853161 0.1263499 0.8858073 0.1485804 0.8880274 0.1261892 0.890695 0.1260818 0.8911552 0.1479244 0.4645986 0.9928908 0.4647325 0.9902005 0.4846287 0.9900023 0.4653285 0.9849904 0.465252 0.9823824 0.4841921 0.9817624 0.465252 0.9823824 0.4648446 0.9797423 0.4843291 0.9790101 0.4648446 0.9797423 0.4643527 0.9770668 0.4843742 0.976286 0.4643527 0.9770668 0.4640718 0.9744054 0.4843249 0.9736108 0.9180789 0.5632454 0.9234768 0.5686641 0.9177618 0.5726047 0.9205122 0.535664 0.9267436 0.5252847 0.9357244 0.5340719 0.8958637 0.5584009 0.898158 0.5624327 0.892396 0.5672938 0.9063093 0.5405532 0.9016685 0.5420545 0.8976948 0.5349514 0.9219689 0.5552147 0.9298137 0.5559318 0.9277013 0.5629411 0.905822 0.5670995 0.9042889 0.5742712 0.8978325 0.5717614 0.8978988 0.5450364 0.8956981 0.5492388 0.8882014 0.5466587 0.9194658 0.546132 0.9261685 0.5412874 0.9293576 0.5483921 0.9145122 0.5657328 0.9177618 0.5726047 0.9111649 0.5745364 0.8950265 0.5537864 0.8958637 0.5584009 0.8886667 0.5611517 0.9112591 0.54077 0.9063093 0.5405532 0.9050998 0.5323314 0.9207133 0.5596322 0.9277013 0.5629411 0.9234768 0.5686641 0.898158 0.5624327 0.901598 0.5654698 0.8978325 0.5717614 0.9016685 0.5420545 0.8978988 0.5450364 0.891822 0.5399615 0.9215763 0.5505076 0.9293576 0.5483921 0.9298137 0.5559318 0.9102867 0.5672122 0.9111649 0.5745364 0.9042889 0.5742712 0.8956981 0.5492388 0.8950265 0.5537864 0.8871752 0.5539928 0.9158559 0.5427294 0.9205122 0.535664 0.9261685 0.5412874 0.9158559 0.5427294 0.9112591 0.54077 0.9130774 0.5325496 0.940478 0.5451751 0.9357244 0.5340719 0.9413071 0.5302015 0.8976948 0.5349514 0.8912124 0.5251455 0.9025252 0.5205733 0.9042889 0.5742712 0.9026763 0.584228 0.8932187 0.5807868 0.9261685 0.5412874 0.9357244 0.5340719 0.940478 0.5451751 0.9050998 0.5323314 0.9025252 0.5205733 0.914993 0.5204721 0.8978325 0.5717614 0.8932187 0.5807868 0.8849577 0.5745058 0.9293576 0.5483921 0.940478 0.5451751 0.9409418 0.5567537 0.9130774 0.5325496 0.914993 0.5204721 0.9267436 0.5252847 0.892396 0.5672938 0.8849577 0.5745058 0.8789955 0.5656249 0.9298137 0.5559318 0.9409418 0.5567537 0.937552 0.5673489 0.8886667 0.5611517 0.8789955 0.5656249 0.8762732 0.5549612 0.9277013 0.5629411 0.937552 0.5673489 0.9310756 0.5758929 0.8871752 0.5539928 0.8762732 0.5549612 0.8773937 0.5437155 0.9234768 0.5686641 0.9310756 0.5758929 0.9224563 0.5816996 0.8882014 0.5466587 0.8773937 0.5437155 0.8825114 0.5332833 0.9177618 0.5726047 0.9224563 0.5816996 0.9126776 0.5844503 0.891822 0.5399615 0.8825114 0.5332833 0.8912124 0.5251455 0.9111649 0.5745364 0.9126776 0.5844503 0.9026763 0.584228 0.8715148 0.5419486 0.8660013 0.5404067 0.8727259 0.5259657 0.9025252 0.5205733 0.9012983 0.5139989 0.9163529 0.5136581 0.8932187 0.5807868 0.8906567 0.5854409 0.8808666 0.5782762 0.9409418 0.5567537 0.940478 0.5451751 0.9466981 0.5436981 0.914993 0.5204721 0.9163529 0.5136581 0.9308931 0.5189628 0.8849577 0.5745058 0.8808666 0.5782762 0.8736999 0.5679134 0.937552 0.5673489 0.9409418 0.5567537 0.9469815 0.5574945 0.8789955 0.5656249 0.8736999 0.5679134 0.8703271 0.5553299 0.9310756 0.5758929 0.937552 0.5673489 0.9427579 0.5699642 0.8762732 0.5549612 0.8703271 0.5553299 0.8715148 0.5419486 0.9224563 0.5816996 0.9310756 0.5758929 0.9349839 0.5799153 0.8773937 0.5437155 0.8715148 0.5419486 0.8774871 0.5294567 0.9126776 0.5844503 0.9224563 0.5816996 0.9247905 0.5865939 0.8825114 0.5332833 0.8774871 0.5294567 0.887789 0.5196267 0.9026763 0.584228 0.9126776 0.5844503 0.9133544 0.5896371 0.9357244 0.5340719 0.9267436 0.5252847 0.9308931 0.5189628 0.8912124 0.5251455 0.887789 0.5196267 0.9012983 0.5139989 0.8932187 0.5807868 0.9026763 0.584228 0.9017932 0.5889385 0.8490027 0.759923 0.8515599 0.752897 0.856366 0.7471693 0.856366 0.7471693 0.8628413 0.7434307 0.8702045 0.7421324 0.8702045 0.7421324 0.8775679 0.7434308 0.8840432 0.7471693 0.8840432 0.7471693 0.8888492 0.752897 0.8914065 0.759923 0.8914065 0.759923 0.8914065 0.7673999 0.877568 0.7838921 0.8914065 0.7673999 0.8888492 0.7744259 0.877568 0.7838921 0.8888492 0.7744259 0.8840432 0.7801536 0.877568 0.7838921 0.877568 0.7838921 0.8702046 0.7851905 0.8628412 0.7838921 0.8628412 0.7838921 0.856366 0.7801536 0.8515599 0.774426 0.8515599 0.774426 0.8490027 0.7674 0.8490027 0.759923 0.8490027 0.759923 0.856366 0.7471693 0.8702045 0.7421324 0.8702045 0.7421324 0.8840432 0.7471693 0.8914065 0.759923 0.877568 0.7838921 0.8628412 0.7838921 0.8515599 0.774426 0.8515599 0.774426 0.8490027 0.759923 0.8702045 0.7421324 0.8702045 0.7421324 0.8914065 0.759923 0.8515599 0.774426 0.9247905 0.5865939 0.9267679 0.5911656 0.9138094 0.5944457 0.8774871 0.5294567 0.8727259 0.5259657 0.8844909 0.5145177 0.9133544 0.5896371 0.9138094 0.5944457 0.9008697 0.5936738 0.9308931 0.5189628 0.9345313 0.5135523 0.9466617 0.526854 0.887789 0.5196267 0.8844909 0.5145177 0.9000318 0.5078564 0.9017932 0.5889385 0.9008697 0.5936738 0.8883928 0.5898115 0.9413071 0.5302015 0.9466617 0.526854 0.9525387 0.5425888 0.9012983 0.5139989 0.9000318 0.5078564 0.9174947 0.5072695 0.8906567 0.5854409 0.8883928 0.5898115 0.8771623 0.5818492 0.9466981 0.5436981 0.9525387 0.5425888 0.9525387 0.5584231 0.9163529 0.5136581 0.9174947 0.5072695 0.9345313 0.5135523 0.8808666 0.5782762 0.8771623 0.5818492 0.8688313 0.5701382 0.9469815 0.5574945 0.9525387 0.5584231 0.9474558 0.5725744 0.8736999 0.5679134 0.8688313 0.5701382 0.8648034 0.5557813 0.9427579 0.5699642 0.9474558 0.5725744 0.9384308 0.5837535 0.8703271 0.5553299 0.8648034 0.5557813 0.8660013 0.5404067 0.9349839 0.5799153 0.9384308 0.5837535 0.9267679 0.5911656 0.6697307 0.9093295 0.6684368 0.9092999 0.6684381 0.9093354 0.6683371 0.9093354 0.6668833 0.9095869 0.6668388 0.9095669 0.668024 0.9093192 0.6681784 0.9093158 0.668646 0.9094873 0.6696793 0.9090318 0.6684381 0.9093354 0.6683371 0.9093354 0.6683527 0.9092908 0.6684368 0.9092999 0.6697307 0.9093295 0.6684496 0.9090639 0.6681213 0.9092766 0.668024 0.9093192 0.6681784 0.9093158 0.6683527 0.9092908 0.6693158 0.9095451 0.6691392 0.9089701 0.6683371 0.9093354 0.6681213 0.9092766 0.66683 0.9092823 0.6652618 0.9094582 0.66528 0.9095131 0.6668008 0.9094123 0.66683 0.9092823 0.6681784 0.9093158 0.6668696 0.9093435 0.6668905 0.9094246 0.6684368 0.9092999 0.6684381 0.9093354 0.6668947 0.9094977 0.6668833 0.9095869 0.6681213 0.9092766 0.6668388 0.9095669 0.6668008 0.9094123 0.66683 0.9092823 0.6668696 0.9093435 0.6683527 0.9092908 0.6684368 0.9092999 0.6668905 0.9094246 0.6668947 0.9094977 0.66528 0.9095131 0.6634424 0.9100056 0.6630178 0.909985 0.6652984 0.9095916 0.6652888 0.9096508 0.6668947 0.9094977 0.6652656 0.9097337 0.665265 0.909705 0.6668388 0.9095669 0.6668008 0.9094123 0.6652892 0.9095668 0.6652618 0.9094582 0.6668696 0.9093435 0.66528 0.9095131 0.6652984 0.9095916 0.6652888 0.9096508 0.6652656 0.9097337 0.6668833 0.9095869 0.665265 0.909705 0.6652892 0.9095668 0.6668008 0.9094123 0.6630475 0.9097549 0.6635633 0.9095618 0.6652656 0.9097337 0.6641794 0.9096506 0.664427 0.9096723 0.6652892 0.9095668 0.6652618 0.9094582 0.6640489 0.9098193 0.6634424 0.9100056 0.6630178 0.909985 0.6630475 0.9097549 0.6652888 0.9096508 0.6635633 0.9095618 0.6641794 0.9096506 0.665265 0.909705 0.6652892 0.9095668 0.664427 0.9096723 0.6640489 0.9098193 0.4392352 0.5428078 0.4389982 0.5426551 0.4392427 0.5418866 0.4392403 0.5426376 0.4392352 0.5428078 0.4393694 0.5419394 0.4392721 0.5415703 0.4392427 0.5418866 0.4389982 0.5426551 0.4394792 0.5416527 0.4393694 0.5419394 0.4392427 0.5418866 0.4397353 0.5410869 0.4394792 0.5416527 0.4392721 0.5415703 0.4392237 0.5409006 0.4392721 0.5415703 0.4393159 0.5425481 0.4393997 0.5422508 0.4392403 0.5426376 0.4394792 0.5416527 0.4391943 0.5422178 0.4393159 0.5425481 0.4392403 0.5426376 0.433067 0.5927438 0.4330207 0.5933506 0.4329828 0.5935322 0.4329828 0.5935322 0.4330207 0.5933506 0.4330874 0.5933712 0.4329998 0.5929255 0.4329864 0.5935725 0.4330874 0.5933712 0.4334679 0.5927353 0.4330874 0.5933712 0.4330207 0.5933506 0.4329828 0.5935322 0.4327385 0.5944824 0.432688 0.5937588 0.4329864 0.5935725 0.4329793 0.5947159 0.4327385 0.5944824 0.4329678 0.5928927 0.432688 0.5937588 0.4330796 0.5938125 0.4329998 0.5929255 0.4330796 0.5938125 0.4329793 0.5947159 0.5022314 0.8646342 0.5014125 0.863694 0.5214121 0.8414185 0.5014125 0.863694 0.5007175 0.8626626 0.5206419 0.840709 0.5007175 0.8626626 0.4999475 0.8616836 0.5199565 0.8399274 0.5022314 0.8646342 0.4911559 0.8760967 0.4913293 0.8759847 0.6674124 0.9098245 0.6674124 0.9098245 0.6674125 0.9098249 0.5199565 0.8399274 0.5236795 0.8363944 0.5236574 0.8364194 0.5214121 0.8414185 0.5236304 0.8364625 0.5236619 0.8365366 0.5199565 0.8399274 0.5194091 0.8389601 0.5236899 0.8363969 0.5206419 0.840709 0.5236574 0.8364194 0.5236304 0.8364625 0.6674125 0.9098249 0.6674126 0.9098248 0.6674141 0.9098253 0.6674124 0.9098245 0.6674123 0.9098249 0.6674123 0.9098248 0.6674125 0.9098245 0.6674124 0.9098247 0.6674125 0.9098247 0.6674124 0.9098245 0.6674125 0.9098245 0.6674126 0.9098248 0.6674124 0.9098245 0.6674124 0.9098249 0.6674123 0.9098249 0.6674124 0.9098245 0.6674123 0.9098248 0.6674124 0.9098247 0.6674125 0.9098245 0.6674124 0.9098245 0.6674125 0.9098247 0.6674115 0.909826 0.6674058 0.9098409 0.6673991 0.9098311 0.6674124 0.9098249 0.6674124 0.9098262 0.6674115 0.909826 0.6674123 0.9098248 0.667411 0.9098251 0.6674115 0.9098236 0.6674126 0.9098248 0.6674125 0.9098247 0.6674136 0.909824 0.6674124 0.9098249 0.6674125 0.9098249 0.6674134 0.9098259 0.6674123 0.9098249 0.6674115 0.909826 0.667411 0.9098251 0.6674125 0.9098247 0.6674124 0.9098247 0.6674115 0.9098236 0.6674254 0.909818 0.6674945 0.9097584 0.6674906 0.9098645 0.6674136 0.909824 0.6674115 0.9098236 0.6674052 0.9098126 0.6674134 0.9098259 0.6674141 0.9098253 0.667424 0.9098342 0.6674124 0.9098262 0.6674112 0.909843 0.6674058 0.9098409 0.667411 0.9098251 0.6673991 0.9098311 0.6674052 0.9098126 0.6674141 0.9098253 0.6674136 0.909824 0.6674254 0.909818 0.6674124 0.9098262 0.6674134 0.9098259 0.6674169 0.9098411 0.6674169 0.9098411 0.667415 0.9099228 0.6673973 0.9099324 0.6673991 0.9098311 0.6674058 0.9098409 0.6673914 0.9099375 0.6674254 0.909818 0.6674052 0.9098126 0.6673747 0.9097261 0.667424 0.9098342 0.6674906 0.9098645 0.667415 0.9099228 0.6674058 0.9098409 0.6674112 0.909843 0.6673973 0.9099324 0.6674052 0.9098126 0.6673991 0.9098311 0.6673144 0.9098272 0.6673747 0.9097261 0.6673144 0.9098272 0.6667926 0.9093222 0.6674945 0.9097584 0.6673747 0.9097261 0.6672972 0.909371 0.6673623 0.9084692 0.6674333 0.9086149 0.6672209 0.9083741 0.6674333 0.9086149 0.6673657 0.9086991 0.6672209 0.9083741 0.6673657 0.9086991 0.6672132 0.908694 0.6670473 0.9086128 0.6670473 0.9086128 0.6670705 0.9084516 0.6672209 0.9083741 0.6672972 0.909371 0.6672132 0.908694 0.6673657 0.9086991 0.6672972 0.909371 0.6667926 0.9093222 0.6670473 0.9086128 0.4921399 0.8756009 0.4752396 0.8824461 0.4756739 0.8821792 0.4999475 0.8616836 0.4921399 0.8756009 0.4921547 0.8756809 0.5014125 0.863694 0.4913293 0.8759847 0.4917807 0.8757759 0.5007175 0.8626626 0.4917807 0.8757759 0.4921399 0.8756009 0.4383423 0.5499175 0.4383423 0.5499175 0.4383423 0.5499173 0.4913293 0.8759847 0.474662 0.882314 0.4746253 0.8825171 0.4911559 0.8760967 0.4913309 0.8759939 0.4753187 0.8819217 0.4917353 0.875732 0.4921547 0.8756809 0.4756739 0.8821792 0.4917807 0.8757759 0.4746253 0.8825171 0.4752396 0.8824461 0.4911559 0.8760967 0.4749234 0.8820914 0.474662 0.882314 0.4913309 0.8759939 0.4917353 0.875732 0.4756518 0.8819528 0.4383423 0.5499176 0.4383454 0.5499238 0.4383479 0.5499286 0.4383423 0.5499175 0.4383423 0.5499175 0.4383423 0.5499176 0.4383423 0.5499175 0.4383424 0.5499176 0.4383423 0.5499176 0.4383423 0.5499175 0.4383423 0.5499174 0.4383424 0.5499175 0.4383423 0.5499175 0.4383423 0.5499175 0.4383422 0.5499174 0.4383423 0.5499175 0.4383423 0.5499176 0.4383423 0.5499176 0.4383423 0.5499175 0.4383424 0.5499175 0.4383424 0.5499176 0.4383447 0.5499231 0.4383364 0.549929 0.4383326 0.5498815 0.4383424 0.5499176 0.4383424 0.5499175 0.4383437 0.5499181 0.4383423 0.5499173 0.4383454 0.5499311 0.4383447 0.5499231 0.4383423 0.5499176 0.4383479 0.5499286 0.4383462 0.5499345 0.4383423 0.5499176 0.4383424 0.5499176 0.4383435 0.5499201 0.4383424 0.5499175 0.4383423 0.5499174 0.4383447 0.5499231 0.4383422 0.5499174 0.4383462 0.5499345 0.4383454 0.5499311 0.4383178 0.5500173 0.4380251 0.5522397 0.4377022 0.5527408 0.4383462 0.5499345 0.4383477 0.5500156 0.4383178 0.5500173 0.4383479 0.5499286 0.4383454 0.5499238 0.4383552 0.5499103 0.4383437 0.5499181 0.4383326 0.5498815 0.4383359 0.5499091 0.4383454 0.5499311 0.4383178 0.5500173 0.4383364 0.549929 0.4383479 0.5499286 0.4384052 0.5499002 0.4383477 0.5500156 0.4383454 0.5499238 0.4383435 0.5499201 0.4383359 0.5499091 0.4383477 0.5500156 0.4384052 0.5499002 0.4383828 0.5507162 0.4383477 0.5500156 0.4380959 0.5513665 0.4380251 0.5522397 0.4380251 0.5522397 0.4380959 0.5513665 0.4364798 0.5611824 0.4377022 0.5527408 0.4380251 0.5522397 0.4360149 0.5620458 0.4380959 0.5513665 0.4383828 0.5507162 0.436998 0.5608978 0.4363788 0.5686211 0.4364053 0.5681486 0.436134 0.5707263 0.436998 0.5608978 0.4363719 0.5677391 0.4364053 0.5681486 0.4360149 0.5620458 0.4364798 0.5611824 0.4364053 0.5681486 0.4376029 0.5614358 0.4363316 0.5676969 0.4363719 0.5677391 0.436134 0.5707263 0.43603 0.5706652 0.4352656 0.5747371 0.4363719 0.5677391 0.4363316 0.5676969 0.4359046 0.5707532 0.4361847 0.567948 0.4360486 0.568308 0.4356026 0.5710977 0.4361817 0.568588 0.4363788 0.5686211 0.4359847 0.5708899 0.4364053 0.5681486 0.4363719 0.5677391 0.43603 0.5706652 0.4361847 0.567948 0.4357749 0.570935 0.4359046 0.5707532 0.4360486 0.568308 0.4361817 0.568588 0.43568 0.5710348 0.4357749 0.570935 0.4352396 0.5754368 0.4352262 0.5751076 0.4359847 0.5708899 0.436134 0.5707263 0.4352651 0.5743401 0.4359046 0.5707532 0.4352262 0.5751076 0.4352656 0.5747371 0.4356026 0.5710977 0.4354195 0.5752191 0.4352396 0.5754368 0.4345598 0.5759261 0.4344333 0.5760547 0.4344665 0.5758425 0.4344665 0.5758425 0.4345881 0.5755784 0.4346453 0.5755305 0.4346453 0.5755305 0.4346736 0.5755785 0.4346467 0.5757324 0.4346467 0.5757324 0.4345598 0.5759261 0.4346453 0.5755305 0.4352656 0.5747371 0.4346736 0.5755785 0.4346453 0.5755305 0.4352262 0.5751076 0.4352396 0.5754368 0.4345598 0.5759261 0.4352651 0.5743401 0.4346453 0.5755305 0.4345881 0.5755784 0.4352262 0.5751076 0.4346467 0.5757324 0.4346736 0.5755785 0.9504659 0.2831904 0.9504104 0.2866944 0.9484425 0.286804 0.9504752 0.2957803 0.9484188 0.2957641 0.9484425 0.286804 0.9464874 0.2868692 0.9445695 0.2868363 0.9444537 0.282826 0.9483518 0.282755 0.9484425 0.286804 0.9464874 0.2868692 0.9525139 0.2867051 0.9504104 0.2866944 0.9504659 0.2831904 0.9544295 0.286818 0.9525139 0.2867051 0.9527168 0.2833018 0.9524322 0.3040212 0.9502954 0.3035619 0.9504752 0.2957803 0.9464874 0.2868692 0.9463579 0.2957627 0.9443642 0.29573 0.9526005 0.2957918 0.9504752 0.2957803 0.9504104 0.2866944 0.9484188 0.2957641 0.9463579 0.2957627 0.9464874 0.2868692 0.9544295 0.286818 0.9546098 0.295743 0.9526005 0.2957918 0.9545112 0.304574 0.954592 0.3114641 0.9524473 0.3116617 0.9482905 0.3038198 0.9464028 0.3042862 0.9463579 0.2957627 0.9546098 0.295743 0.9545112 0.304574 0.9524322 0.3040212 0.9502954 0.3035619 0.9482905 0.3038198 0.9484188 0.2957641 0.9463579 0.2957627 0.9464028 0.3042862 0.9443203 0.3043435 0.9461099 0.311331 0.9464327 0.3242119 0.9443364 0.323992 0.9502954 0.3035619 0.9503651 0.3116838 0.9482722 0.3114928 0.9461099 0.311331 0.9440451 0.3113946 0.9443203 0.3043435 0.9524322 0.3040212 0.9524473 0.3116617 0.9503651 0.3116838 0.9482722 0.3114928 0.9461099 0.311331 0.9464028 0.3042862 0.9545667 0.3430685 0.9525351 0.3431143 0.9525803 0.3239435 0.9525803 0.3239435 0.9505227 0.3240603 0.9503651 0.3116838 0.9482722 0.3114928 0.9485008 0.324243 0.9464327 0.3242119 0.9546426 0.3240923 0.9525803 0.3239435 0.9524473 0.3116617 0.9503651 0.3116838 0.9505227 0.3240603 0.9485008 0.324243 0.9464351 0.3432371 0.9462713 0.3619996 0.9441856 0.3617775 0.9505096 0.3433521 0.9484764 0.3434396 0.9485008 0.324243 0.9464327 0.3242119 0.9464351 0.3432371 0.9443644 0.3429988 0.9525351 0.3431143 0.9505096 0.3433521 0.9505227 0.3240603 0.9485008 0.324243 0.9484764 0.3434396 0.9464351 0.3432371 0.9072664 0.3161288 0.9072664 0.3161288 0.9072664 0.3161288 0.9527089 0.3619184 0.9505853 0.3621903 0.9505096 0.3433521 0.9484764 0.3434396 0.9484293 0.3622459 0.9462713 0.3619996 0.9547244 0.361808 0.9527089 0.3619184 0.9525351 0.3431143 0.9505853 0.3621903 0.9484293 0.3622459 0.9484764 0.3434396 0.9072664 0.3161288 0.9072664 0.3161289 0.9072664 0.3161287 0.9072664 0.3161288 0.9072664 0.3161288 0.9072664 0.3161288 0.9072664 0.3161288 0.9072664 0.3161288 0.9072664 0.3161288 0.9072664 0.3161288 0.9072664 0.3161288 0.9072664 0.3161288 0.9072664 0.3161288 0.9072664 0.3161288 0.9072664 0.3161288 0.9072666 0.3161287 0.9072725 0.316134 0.9072698 0.3161381 0.9072664 0.3161288 0.9072666 0.3161289 0.9072664 0.316129 0.9072664 0.316129 0.9072664 0.3161289 0.9072664 0.3161288 0.9072664 0.3161288 0.9072666 0.3161287 0.9072666 0.3161289 0.9072664 0.316129 0.9072664 0.316129 0.9072664 0.3161288 0.9072618 0.3161421 0.9071462 0.3167341 0.90714 0.3166559 0.9072681 0.316145 0.9072648 0.316148 0.9072664 0.316129 0.9072664 0.3161289 0.9072618 0.3161421 0.9072603 0.316134 0.9072666 0.3161289 0.9072698 0.3161381 0.9072681 0.316145 0.9072648 0.316148 0.9072618 0.3161421 0.9072664 0.3161289 0.9073325 0.316581 0.9073064 0.3166364 0.9072681 0.316145 0.9072648 0.316148 0.9072474 0.3167492 0.9071462 0.3167341 0.9072725 0.316134 0.9073907 0.316645 0.9073325 0.316581 0.9073064 0.3166364 0.9072474 0.3167492 0.9072648 0.316148 0.9177417 0.1732926 0.9157125 0.1735483 0.9158759 0.1279194 0.9071462 0.3167341 0.9089596 0.3270688 0.9088925 0.3270204 0.9199324 0.2176088 0.917832 0.2176716 0.9177417 0.1732926 0.9139882 0.1273998 0.913602 0.1736563 0.9115639 0.1734747 0.9198194 0.1732455 0.9177417 0.1732926 0.9178102 0.1271846 0.9158759 0.1279194 0.9157125 0.1735483 0.913602 0.1736563 0.9221239 0.1261955 0.9218994 0.173429 0.9198194 0.1732455 0.9219798 0.217751 0.9221239 0.2385426 0.9201175 0.2389412 0.9158887 0.217872 0.913791 0.2179646 0.913602 0.1736563 0.9218994 0.173429 0.9219798 0.217751 0.9199324 0.2176088 0.917832 0.2176716 0.9158887 0.217872 0.9157125 0.1735483 0.913602 0.1736563 0.913791 0.2179646 0.9117794 0.2178422 0.9181115 0.2396311 0.9201175 0.2389412 0.9198706 0.2465916 0.9181115 0.2396311 0.9159652 0.2396144 0.9158887 0.217872 0.913791 0.2179646 0.9139751 0.2389609 0.9119713 0.2385978 0.9201175 0.2389412 0.9181115 0.2396311 0.917832 0.2176716 0.9158887 0.217872 0.9159652 0.2396144 0.9139751 0.2389609 0.9397442 0.358818 0.9376651 0.3592222 0.9377547 0.3552214 0.9377547 0.3552214 0.9377506 0.346156 0.9398401 0.3461422 0.9338249 0.3592818 0.933854 0.3552237 0.935788 0.3551666 0.9376651 0.3592222 0.9357602 0.3594955 0.935788 0.3551666 0.9397442 0.358818 0.9397365 0.3553404 0.9418682 0.3553548 0.9419903 0.3587757 0.9418682 0.3553548 0.9438238 0.3552777 0.9398401 0.3461422 0.9396687 0.338235 0.9418413 0.3377701 0.935788 0.3551666 0.933854 0.3552237 0.9336321 0.3461892 0.9397365 0.3553404 0.9398401 0.3461422 0.9420011 0.3461352 0.935788 0.3551666 0.9356575 0.3461562 0.9377506 0.346156 0.9438238 0.3552777 0.9418682 0.3553548 0.9420011 0.3461352 0.943955 0.3372088 0.9418413 0.3377701 0.941857 0.3300119 0.9356575 0.3461562 0.9357128 0.3374935 0.9376307 0.3379703 0.9440451 0.3461903 0.9420011 0.3461352 0.9418413 0.3377701 0.9377506 0.346156 0.9376307 0.3379703 0.9396687 0.338235 0.9356575 0.3461562 0.9336321 0.3461892 0.9335961 0.3374316 0.93543 0.3303393 0.9333367 0.3302617 0.9337671 0.3174968 0.9396687 0.338235 0.9376307 0.3379703 0.9376139 0.3301856 0.9335961 0.3374316 0.9333367 0.3302617 0.93543 0.3303393 0.9418413 0.3377701 0.9396687 0.338235 0.9397664 0.3299949 0.9357128 0.3374935 0.93543 0.3303393 0.9376139 0.3301856 0.9439755 0.3174272 0.9419564 0.3176568 0.9419822 0.2993205 0.9397664 0.3299949 0.9399025 0.3177511 0.9419564 0.3176568 0.9376139 0.3301856 0.93543 0.3303393 0.9358776 0.3174535 0.941857 0.3300119 0.9419564 0.3176568 0.9439755 0.3174272 0.9397664 0.3299949 0.9376139 0.3301856 0.9379232 0.3176208 0.9338966 0.2993146 0.9338361 0.2733228 0.9358964 0.2735087 0.9399025 0.3177511 0.9379232 0.3176208 0.9379698 0.2995717 0.9337671 0.3174968 0.9338966 0.2993146 0.9359328 0.2994583 0.9419564 0.3176568 0.9399025 0.3177511 0.9399879 0.2994889 0.9358776 0.3174535 0.9359328 0.2994583 0.9379698 0.2995717 0.4533144 0.7576874 0.4533144 0.7576874 0.4533144 0.7576874 0.9419822 0.2993205 0.9399879 0.2994889 0.9400572 0.2733246 0.9359328 0.2994583 0.9358964 0.2735087 0.9379935 0.2735124 0.9419822 0.2993205 0.9420617 0.2732028 0.9440451 0.2733061 0.9399879 0.2994889 0.9379698 0.2995717 0.9379935 0.2735124 0.4533144 0.7576874 0.4533145 0.7576875 0.4533144 0.7576875 0.4533144 0.7576874 0.4533144 0.7576874 0.4533144 0.7576874 0.4533144 0.7576874 0.4533144 0.7576874 0.4533145 0.7576875 0.4533144 0.7576874 0.4533144 0.7576874 0.4533144 0.7576874 0.4533144 0.7576874 0.4533144 0.7576874 0.4533144 0.7576874 0.4533145 0.7576875 0.4533145 0.7576874 0.453316 0.7576826 0.4533144 0.7576874 0.4533144 0.7576874 0.4533144 0.7576874 0.4533144 0.7576874 0.4533144 0.7576874 0.4533144 0.7576874 0.4533144 0.7576874 0.4533144 0.7576874 0.4533145 0.7576874 0.4533144 0.7576874 0.4533144 0.7576874 0.4533144 0.7576874 0.4533109 0.7576805 0.4533112 0.7576857 0.4531925 0.7574197 0.4533144 0.7576874 0.4533122 0.7576767 0.4533146 0.7576783 0.4533144 0.7576874 0.4533144 0.7576875 0.4533112 0.7576857 0.4533145 0.7576874 0.4533144 0.7576874 0.4533146 0.7576783 0.4533144 0.7576874 0.4533109 0.7576805 0.4533122 0.7576767 0.4533146 0.7576783 0.4532866 0.7573588 0.453356 0.7573879 0.4533122 0.7576767 0.4533109 0.7576805 0.4532463 0.7574068 0.4533179 0.7576851 0.453316 0.7576826 0.453356 0.7573879 0.4533122 0.7576767 0.4532551 0.75733 0.4532866 0.7573588 0.4548128 0.7486775 0.4551243 0.744293 0.4551551 0.7442616 0.4533793 0.757393 0.453356 0.7573879 0.4549365 0.748794 0.91791 0.3201168 0.9179142 0.2779821 0.9199386 0.2781689 0.4547452 0.7486978 0.4547023 0.7487545 0.4550922 0.7442145 0.4548752 0.7487367 0.4551551 0.7442616 0.4551573 0.7442023 0.4548128 0.7486775 0.4547452 0.7486978 0.4550954 0.7442658 0.4549688 0.7487916 0.4549365 0.748794 0.4551573 0.7442023 0.9199386 0.2781689 0.9198706 0.2465916 0.9218502 0.2471256 0.9161292 0.3194718 0.9140788 0.3196843 0.9138873 0.2779929 0.9218019 0.3204645 0.9198271 0.3207424 0.9199386 0.2781689 0.9161292 0.3194718 0.915928 0.2778755 0.9179142 0.2779821 0.9140788 0.3196843 0.9122462 0.320486 0.9118877 0.2781656 0.9181115 0.2396311 0.9179072 0.2458401 0.9158781 0.2459152 0.915928 0.2778755 0.9158781 0.2459152 0.9179072 0.2458401 0.9138873 0.2779929 0.9118877 0.2781656 0.9119663 0.2470598 0.9179142 0.2779821 0.9179072 0.2458401 0.9198706 0.2465916 0.915928 0.2778755 0.9138873 0.2779929 0.9140188 0.2466839 0.9201175 0.2389412 0.9221239 0.2385426 0.9218502 0.2471256 0.9139751 0.2389609 0.9159652 0.2396144 0.9158781 0.2459152 0.9139751 0.2389609 0.9140188 0.2466839 0.9119663 0.2470598 0.9280197 0.2981552 0.9260504 0.298549 0.9261578 0.2947847 0.9261578 0.2947847 0.9261891 0.2864537 0.9281011 0.2864494 0.9224265 0.2984562 0.9225572 0.294732 0.9243405 0.2947115 0.9260504 0.298549 0.9242279 0.2987244 0.9243405 0.2947115 0.9280197 0.2981552 0.9279857 0.2948988 0.929942 0.2949017 0.930112 0.2980653 0.929942 0.2949017 0.9317235 0.2948078 0.9281011 0.2864494 0.927985 0.2792183 0.9299744 0.278803 0.9243405 0.2947115 0.9225572 0.294732 0.9224171 0.2864554 0.9279857 0.2948988 0.9281011 0.2864494 0.9300773 0.2864526 0.9243405 0.2947115 0.9242736 0.2864419 0.9261891 0.2864537 0.9317235 0.2948078 0.929942 0.2949017 0.9300773 0.2864526 0.9319127 0.2783012 0.9299744 0.278803 0.930041 0.2716873 0.9242736 0.2864419 0.9243677 0.2784997 0.9261215 0.2789503 0.9319439 0.2865169 0.9300773 0.2864526 0.9299744 0.278803 0.9261891 0.2864537 0.9261215 0.2789503 0.927985 0.2792183 0.9242736 0.2864419 0.9224171 0.2864554 0.9224281 0.2784258 0.924144 0.2719452 0.9222237 0.2718721 0.9225835 0.2601424 0.927985 0.2792183 0.9261215 0.2789503 0.9261549 0.2718087 0.9224281 0.2784258 0.9222237 0.2718721 0.924144 0.2719452 0.9299744 0.278803 0.927985 0.2792183 0.9281023 0.2716504 0.9243677 0.2784997 0.924144 0.2719452 0.9261549 0.2718087 0.9302552 0.260255 0.9303405 0.2424026 0.9322321 0.2424572 0.9281023 0.2716504 0.9283403 0.2601325 0.9302552 0.260255 0.9261549 0.2718087 0.924144 0.2719452 0.9245373 0.2599565 0.930041 0.2716873 0.9302552 0.260255 0.9321763 0.2601287 0.9281023 0.2716504 0.9261549 0.2718087 0.9264602 0.2599443 0.9246644 0.2422488 0.9227357 0.242455 0.9227077 0.2249773 0.9264602 0.2599443 0.9265635 0.2420761 0.9284672 0.24217 0.9245373 0.2599565 0.9225835 0.2601424 0.9227357 0.242455 0.9283403 0.2601325 0.9284672 0.24217 0.9303405 0.2424026 0.9264602 0.2599443 0.9245373 0.2599565 0.9246644 0.2422488 0.9324508 0.2250016 0.9305304 0.2249251 0.9310011 0.2134342 0.9284672 0.24217 0.9285904 0.2247959 0.9305304 0.2249251 0.9265635 0.2420761 0.9246644 0.2422488 0.9246833 0.2248681 0.9303405 0.2424026 0.9305304 0.2249251 0.9324508 0.2250016 0.9265635 0.2420761 0.9266667 0.2247582 0.9285904 0.2247959 0.9247649 0.213039 0.9227078 0.2130943 0.9227229 0.1926377 0.9266667 0.2247582 0.9268065 0.2133381 0.9288972 0.2135767 0.9246833 0.2248681 0.9227077 0.2249773 0.9227078 0.2130943 0.9305304 0.2249251 0.9285904 0.2247959 0.9288972 0.2135767 0.9246833 0.2248681 0.9247649 0.213039 0.9268065 0.2133381 0.9333367 0.1924523 0.9312072 0.1928774 0.9311481 0.1644402 0.9310011 0.2134342 0.9288972 0.2135767 0.9290928 0.1930984 0.9247649 0.213039 0.9249069 0.1925652 0.9270025 0.1928805 0.9330329 0.2131246 0.9310011 0.2134342 0.9312072 0.1928774 0.9268065 0.2133381 0.9270025 0.1928805 0.9290928 0.1930984 0.9243541 0.1638809 0.9221239 0.1643757 0.9223169 0.1264848 0.9270025 0.1928805 0.9266638 0.1637676 0.9289346 0.1641418 0.9249069 0.1925652 0.9227229 0.1926377 0.9221239 0.1643757 0.9312072 0.1928774 0.9290928 0.1930984 0.9289346 0.1641418 0.9249069 0.1925652 0.9243541 0.1638809 0.9266638 0.1637676 0.9289346 0.1641418 0.92865 0.1272712 0.9307692 0.1271611 0.9266638 0.1637676 0.9243541 0.1638809 0.9246144 0.1260818 0.9333367 0.1641762 0.9311481 0.1644402 0.9307692 0.1271611 0.9266638 0.1637676 0.9266646 0.1265863 0.92865 0.1272712 0.904812 0.3084107 0.9027711 0.2522465 0.9057103 0.2526096 0.9060342 0.3272881 0.904812 0.3084107 0.906471 0.3089399 0.9057103 0.2526096 0.9043046 0.1804491 0.9079532 0.1805135 0.903121 0.3088372 0.9016401 0.3096842 0.896811 0.2527703 0.906471 0.3089399 0.9057103 0.2526096 0.9086419 0.2527537 0.904812 0.3084107 0.903121 0.3088372 0.8996919 0.2522627 0.9098387 0.3096401 0.908093 0.3096092 0.9086419 0.2527537 0.9115198 0.1802449 0.9079532 0.1805135 0.9079459 0.1414008 0.8996919 0.2522627 0.8969776 0.180125 0.9006355 0.1801632 0.9115639 0.2524667 0.9086419 0.2527537 0.9079532 0.1805135 0.9027711 0.2522465 0.9006355 0.1801632 0.9043046 0.1804491 0.8996919 0.2522627 0.896811 0.2527703 0.8933685 0.1804757 0.9043276 0.1300511 0.9074411 0.1284183 0.9079459 0.1414008 0.9006355 0.1801632 0.9002205 0.1403145 0.9041707 0.1403979 0.8969776 0.180125 0.8933685 0.1804757 0.8928647 0.1417732 0.9043046 0.1804491 0.9041707 0.1403979 0.9079459 0.1414008 0.9006355 0.1801632 0.8969776 0.180125 0.8965561 0.1412426 0.9381216 0.267915 0.9381361 0.2645756 0.9400221 0.2644604 0.9380368 0.255834 0.9400182 0.2558476 0.9400221 0.2644604 0.9418917 0.2643972 0.9437286 0.2644418 0.9437931 0.2682824 0.9401302 0.2682892 0.9400221 0.2644604 0.9418917 0.2643972 0.9361065 0.264582 0.9381361 0.2645756 0.9381216 0.267915 0.9342528 0.2644951 0.9361065 0.264582 0.935954 0.2678467 0.9361314 0.2478993 0.9381914 0.2483398 0.9380368 0.255834 0.9418917 0.2643972 0.9420027 0.2558447 0.9439261 0.2558684 0.9359875 0.2558281 0.9380368 0.255834 0.9381361 0.2645756 0.9400182 0.2558476 0.9420027 0.2558447 0.9418917 0.2643972 0.9342528 0.2644951 0.9340509 0.2558873 0.9359875 0.2558281 0.9341247 0.2473691 0.9340344 0.2407214 0.9361023 0.2405282 0.9401243 0.248071 0.9419442 0.2476136 0.9420027 0.2558447 0.9340509 0.2558873 0.9341247 0.2473691 0.9361314 0.2478993 0.9381914 0.2483398 0.9401243 0.248071 0.9400182 0.2558476 0.9420027 0.2558447 0.9419442 0.2476136 0.9439549 0.2475455 0.9422012 0.2408245 0.9418176 0.2284722 0.9438175 0.2286136 0.9381914 0.2483398 0.9381052 0.2405052 0.9401314 0.2406777 0.9422012 0.2408245 0.9441894 0.2407521 0.9439549 0.2475455 0.9361314 0.2478993 0.9361023 0.2405282 0.9381052 0.2405052 0.9401314 0.2406777 0.9422012 0.2408245 0.9419442 0.2476136 0.9340112 0.2285336 0.9340602 0.2109647 0.9359331 0.2112244 0.9359869 0.2287579 0.9379636 0.228761 0.9381052 0.2405052 0.9401314 0.2406777 0.9398697 0.2285703 0.9418176 0.2284722 0.9340112 0.2285336 0.9359869 0.2287579 0.9361023 0.2405282 0.9381052 0.2405052 0.9379636 0.228761 0.9398697 0.2285703 0.941852 0.2106577 0.9418413 0.1915636 0.9438106 0.1915444 0.9378264 0.211079 0.9397493 0.2107242 0.9398697 0.2285703 0.9418176 0.2284722 0.941852 0.2106577 0.9438776 0.2109915 0.9359331 0.2112244 0.9378264 0.211079 0.9379636 0.228761 0.9397493 0.2107242 0.941852 0.2106577 0.9418176 0.2284722 0.9336206 0.1742008 0.9356428 0.1742433 0.9357285 0.1913949 0.9357285 0.1913949 0.9379523 0.1914449 0.9378264 0.211079 0.9399215 0.1915404 0.9418413 0.1915636 0.941852 0.2106577 0.9340602 0.2109647 0.9335951 0.1914386 0.9357285 0.1913949 0.9379523 0.1914449 0.9399215 0.1915404 0.9397493 0.2107242 0.9419837 0.1746017 0.9420548 0.1530625 0.9441894 0.153232 0.9379523 0.1914449 0.9376123 0.174545 0.9396868 0.1747457 0.9419837 0.1746017 0.9441476 0.1743683 0.9438106 0.1915444 0.9357285 0.1913949 0.9356428 0.1742433 0.9376123 0.174545 0.9396868 0.1747457 0.9419837 0.1746017 0.9418413 0.1915636 0.9333367 0.153172 0.9337573 0.1263037 0.9358285 0.1267448 0.9356428 0.1742433 0.9354358 0.153512 0.9377234 0.1535459 0.9399015 0.1532542 0.9420548 0.1530625 0.9419837 0.1746017 0.9336206 0.1742008 0.9333367 0.153172 0.9354358 0.153512 0.9377234 0.1535459 0.9399015 0.1532542 0.9396868 0.1747457 0.9378077 0.1266896 0.9398008 0.1262636 0.9399015 0.1532542 0.9420548 0.1530625 0.9418436 0.1260818 0.9440742 0.1264306 0.9358285 0.1267448 0.9378077 0.1266896 0.9377234 0.1535459 0.9399015 0.1532542 0.9398008 0.1262636 0.9418436 0.1260818 0.4508467 0.7598146 0.4495826 0.8043496 0.4471243 0.8034983 0.4508467 0.7598146 0.4493516 0.7598267 0.4524081 0.7436578 0.4522422 0.7592588 0.4508467 0.7598146 0.4531894 0.7439156 0.4508969 0.8720611 0.4476357 0.8723909 0.4495826 0.8043496 0.4552369 0.7591898 0.4569019 0.8025042 0.4543648 0.8026004 0.4521188 0.8037306 0.4495826 0.8043496 0.4508467 0.7598146 0.4493516 0.7598267 0.4471243 0.8034983 0.4449245 0.8022773 0.4543648 0.8026004 0.4521188 0.8037306 0.4522422 0.7592588 0.4534681 0.9565162 0.4496296 0.9567707 0.4508969 0.8720611 0.4471243 0.8034983 0.444221 0.8720108 0.4410359 0.8713492 0.4541378 0.871582 0.4508969 0.8720611 0.4521188 0.8037306 0.4495826 0.8043496 0.4476357 0.8723909 0.444221 0.8720108 0.4574095 0.8716449 0.4541378 0.871582 0.4543648 0.8026004 0.4572428 0.9566861 0.4574095 0.9970251 0.4535168 0.9970268 0.4476357 0.8723909 0.4457989 0.9570888 0.4419516 0.95698 0.4574095 0.8716449 0.4572428 0.9566861 0.4534681 0.9565162 0.4496296 0.9567707 0.4457989 0.9570888 0.4476357 0.8723909 0.444221 0.8720108 0.4419516 0.95698 0.4381514 0.9565364 0.9008652 0.1295113 0.9043276 0.1300511 0.9041707 0.1403979 0.4496158 0.997614 0.4457283 0.9980089 0.4457989 0.9570888 0.4419516 0.95698 0.4418041 0.9977072 0.4378991 0.9971793 0.4535168 0.9970268 0.4496158 0.997614 0.4496296 0.9567707 0.4457989 0.9570888 0.4457283 0.9980089 0.4418041 0.9977072 0.9079459 0.1414008 0.9074411 0.1284183 0.9106388 0.127014 0.8978706 0.1273348 0.9008652 0.1295113 0.9002205 0.1403145 0.8943502 0.1260818 0.8978706 0.1273348 0.8965561 0.1412426 0.2801589 0.7696827 0.271427 0.7616157 0.2836728 0.7556614 0.2781123 0.7754758 0.2804275 0.7810616 0.2697561 0.7880838 0.2833867 0.7728856 0.2828488 0.7755791 0.2811583 0.7756003 0.2894099 0.7790799 0.2883315 0.7775566 0.2888946 0.775646 0.2840442 0.7778869 0.286298 0.7783112 0.2862029 0.7800897 0.2897212 0.7723951 0.2885667 0.7736273 0.2862782 0.7724819 0.7257355 0.879567 0.7267994 0.8941127 0.6839129 0.895389 0.6492229 0.857422 0.6608012 0.8545864 0.6636179 0.8687212 0.6657269 0.8829946 0.666805 0.8964087 0.6581772 0.8968499 0.6557877 0.8267025 0.6582811 0.8405731 0.6457905 0.8432922 0.1209115 0.9242112 0.1214624 0.935384 6.77967e-4 0.9361416 0.6795497 0.8237757 0.7283505 0.82091 0.7279415 0.8356181 0.7281038 0.9084231 0.7293571 0.9226247 0.684097 0.9217478 0.681499 0.8522756 0.727064 0.8502337 0.7262358 0.86487 0.1565085 0.9488131 0.1565505 0.9596577 0.1504973 0.9592941 0.003746747 0.8765068 0.1229193 0.8803379 0.1226222 0.8911117 0.1220573 0.9464491 0.1226199 0.9573109 0.002844393 0.9599733 0.001685261 0.9003486 0.1220588 0.9019733 0.1214631 0.9130383 0.1701762 0.9242126 0.1713519 0.9379103 0.1637223 0.93742 0.1508229 0.9000332 0.1565099 0.8996116 0.156374 0.9114249 0.1560109 0.9242122 0.1563733 0.9369996 0.1511 0.9366695 0.1502335 0.8787984 0.1565126 0.87852 0.1565526 0.8887672 0.1858202 0.8797402 0.1955615 0.8817811 0.1922997 0.8913574 0.1659381 0.8783434 0.1760166 0.8782948 0.1747096 0.8882875 0.1730791 0.9496875 0.1747079 0.9601385 0.1654354 0.9599308 0.1646429 0.8991891 0.1730803 0.8987382 0.1713525 0.9105151 0.2028006 0.9424724 0.2087964 0.9507938 0.2003844 0.9543946 0.1886771 0.9473204 0.1922987 0.9570694 0.1835832 0.9588285 0.181027 0.8997988 0.1886779 0.9011061 0.1850607 0.9118224 0.1826739 0.9242129 0.1850603 0.9366035 0.1784136 0.9372967 0.783654 0.5272715 0.7819107 0.525439 0.7902516 0.5225722 0.1955642 0.9030582 0.2028006 0.9059543 0.19702 0.9144917 0.1933056 0.924213 0.1970198 0.9339344 0.190786 0.9356634 0.2047314 0.8849086 0.2140792 0.8889098 0.2087964 0.8976334 0.8002623 0.5444413 0.8026949 0.5339743 0.8050333 0.5336641 0.7813272 0.5413054 0.7893778 0.5462291 0.7889425 0.5485128 0.783612 0.5273182 0.7805395 0.5335962 0.778932 0.5333683 0.7981504 0.5256128 0.7904289 0.524258 0.7902516 0.5225722 0.7944931 0.5346498 0.8026949 0.5339743 0.8002623 0.5444413 0.7937052 0.5316794 0.7981504 0.5256128 0.8026949 0.5339743 0.7981504 0.5256128 0.7995624 0.5236089 0.8050333 0.5336641 0.7805395 0.5335962 0.783612 0.5273182 0.7875452 0.5307348 0.7813272 0.5413054 0.7805395 0.5335962 0.7865806 0.5340247 0.8002623 0.5444413 0.8025513 0.5469336 0.7889425 0.5485128 0.7908331 0.5305626 0.7904289 0.524258 0.7981504 0.5256128 0.7875725 0.5306675 0.783654 0.5272715 0.7904289 0.524258 0.200385 0.8940324 0.2087964 0.8976334 0.2028006 0.9059543 0.1922997 0.8913574 0.200385 0.8940324 0.1955642 0.9030582 0.1955615 0.8817811 0.2047314 0.8849086 0.200385 0.8940324 0.1970198 0.9339344 0.2028006 0.9424724 0.1955639 0.9453684 0.190786 0.9356634 0.1955639 0.9453684 0.1886771 0.9473204 0.1877129 0.924213 0.190786 0.9356634 0.1850603 0.9366035 0.1907863 0.9127627 0.19702 0.9144917 0.1933056 0.924213 0.1850607 0.9118224 0.1907863 0.9127627 0.1877129 0.924213 0.1886779 0.9011061 0.1955642 0.9030582 0.1907863 0.9127627 0.7813272 0.5413054 0.7792496 0.5426046 0.778932 0.5333683 0.7893778 0.5462291 0.7813272 0.5413054 0.787437 0.5372543 0.8002623 0.5444413 0.7893778 0.5462291 0.7905569 0.5384234 0.1850603 0.9366035 0.1886771 0.9473204 0.1810261 0.9486273 0.1784136 0.9372967 0.1810261 0.9486273 0.1730791 0.9496875 0.1766659 0.9242128 0.1784136 0.9372967 0.1713519 0.9379103 0.1784141 0.9111289 0.1850607 0.9118224 0.1826739 0.9242129 0.1713525 0.9105151 0.1784141 0.9111289 0.1766659 0.9242128 0.1730803 0.8987382 0.181027 0.8997988 0.1784141 0.9111289 0.1922987 0.9570694 0.1955602 0.9666463 0.1858183 0.9686868 0.1835832 0.9588285 0.1858183 0.9686868 0.1760144 0.9701317 0.1810261 0.9486273 0.1835832 0.9588285 0.1747079 0.9601385 0.2087964 0.9507938 0.2140792 0.959518 0.2047306 0.963519 0.2003844 0.9543946 0.2047306 0.963519 0.1955602 0.9666463 0.1955639 0.9453684 0.2003844 0.9543946 0.1922987 0.9570694 0.163723 0.9110051 0.1713525 0.9105151 0.1701762 0.9242126 0.156374 0.9114249 0.163723 0.9110051 0.1628242 0.9242124 0.1565099 0.8996116 0.1646429 0.8991891 0.163723 0.9110051 0.1747079 0.9601385 0.1760144 0.9701317 0.1659355 0.9700825 0.1654354 0.9599308 0.1659355 0.9700825 0.1565098 0.9699051 0.1646417 0.9492361 0.1654354 0.9599308 0.1565505 0.9596577 0.1654374 0.8884947 0.1747096 0.8882875 0.1730803 0.8987382 0.1565526 0.8887672 0.1654374 0.8884947 0.1646429 0.8991891 0.1565126 0.87852 0.1659381 0.8783434 0.1654374 0.8884947 0.1835846 0.889598 0.1922997 0.8913574 0.1886779 0.9011061 0.1747096 0.8882875 0.1835846 0.889598 0.181027 0.8997988 0.1760166 0.8782948 0.1858202 0.8797402 0.1835846 0.889598 0.1504995 0.8891304 0.1565526 0.8887672 0.1565099 0.8996116 0.1226222 0.8911117 0.1504995 0.8891304 0.1508229 0.9000332 0.1563733 0.9369996 0.1565085 0.9488131 0.1508214 0.9483911 0.1511 0.9366695 0.1508214 0.9483911 0.1220573 0.9464491 0.1510599 0.9242122 0.1511 0.9366695 0.1214624 0.935384 0.1511008 0.9117548 0.156374 0.9114249 0.1560109 0.9242122 0.1214631 0.9130383 0.1511008 0.9117548 0.1510599 0.9242122 0.1220588 0.9019733 0.1508229 0.9000332 0.1511008 0.9117548 0.1713519 0.9379103 0.1730791 0.9496875 0.1646417 0.9492361 0.1637223 0.93742 0.1646417 0.9492361 0.1565085 0.9488131 0.1628242 0.9242124 0.1637223 0.93742 0.1563733 0.9369996 6.78818e-4 0.912272 0.1214631 0.9130383 0.1209115 0.9242112 0.7262358 0.86487 0.8657863 0.8636836 0.8649591 0.87742 0.727064 0.8502337 0.8670243 0.8499172 0.8657863 0.8636836 0.1226199 0.9573109 0.1229163 0.9680847 0.00374341 0.9719074 0.8684152 0.9182677 0.8695358 0.9318583 0.7300549 0.9369171 0.8669949 0.904697 0.8684152 0.9182677 0.7293571 0.9226247 0.002846956 0.8884406 0.1226222 0.8911117 0.1220588 0.9019733 0.7279415 0.8356181 0.868444 0.836108 0.8670243 0.8499172 0.7283505 0.82091 0.8695358 0.8222187 0.868444 0.836108 0.1565505 0.9596577 0.1565098 0.9699051 0.1502306 0.9696263 0.1508214 0.9483911 0.1504973 0.9592941 0.1226199 0.9573109 0.6823376 0.866681 0.7262358 0.86487 0.7257355 0.879567 0.6823376 0.866681 0.6830764 0.8812909 0.6657269 0.8829946 0.681499 0.8522756 0.6823376 0.866681 0.6636179 0.8687212 0.7293571 0.9226247 0.7300549 0.9369171 0.6832136 0.9345133 0.6655868 0.9197006 0.684097 0.9217478 0.6832136 0.9345133 0.6806515 0.8380407 0.7279415 0.8356181 0.727064 0.8502337 0.6806515 0.8380407 0.681499 0.8522756 0.6608012 0.8545864 0.6795497 0.8237757 0.6806515 0.8380407 0.6582811 0.8405731 0.1214624 0.935384 0.1220573 0.9464491 0.001683533 0.9480651 0.8657695 0.8910899 0.8669949 0.904697 0.7281038 0.9084231 0.8649591 0.87742 0.8657695 0.8910899 0.7267994 0.8941127 0.6457905 0.8432922 0.6582811 0.8405731 0.6608012 0.8545864 0.6362168 0.8462229 0.6457905 0.8432922 0.6492229 0.857422 0.6320499 0.8314725 0.6424237 0.8290681 0.6457905 0.8432922 0.6581772 0.8968499 0.6587838 0.9078897 0.6524513 0.9068288 0.6561843 0.8845753 0.6581772 0.8968499 0.6520031 0.8972522 0.6532935 0.8711481 0.6636179 0.8687212 0.6657269 0.8829946 0.6458516 0.8737456 0.6532935 0.8711481 0.6561843 0.8845753 0.6406693 0.8605097 0.6492229 0.857422 0.6532935 0.8711481 0.7267994 0.8941127 0.7281038 0.9084231 0.6841413 0.9088314 0.6657269 0.8829946 0.6830764 0.8812909 0.6839129 0.895389 0.2862705 0.7707445 0.2862782 0.7724819 0.2833867 0.7728856 0.2861011 0.7676239 0.2862705 0.7707445 0.2822951 0.7717913 0.2919004 0.7698129 0.2897212 0.7723951 0.2862705 0.7707445 0.286298 0.7783112 0.2883185 0.7775605 0.2893206 0.7790839 0.2862029 0.7800897 0.2893206 0.7790839 0.2911361 0.7813284 0.2828613 0.7790012 0.2862029 0.7800897 0.2859708 0.7834116 0.290781 0.7757107 0.2888946 0.775646 0.2885667 0.7736273 0.2944228 0.7755205 0.290781 0.7757107 0.2897212 0.7723951 0.2919495 0.7817155 0.2894099 0.7790799 0.290781 0.7757107 0.6564834 0.9176209 0.6655868 0.9197006 0.6633228 0.9308897 0.6564834 0.9176209 0.6532964 0.9283919 0.6455665 0.926207 0.6587838 0.9078897 0.6564834 0.9176209 0.6497586 0.9155818 0.2828488 0.7755791 0.2840442 0.7778869 0.2828613 0.7790012 0.2811583 0.7756003 0.2828613 0.7790012 0.2804275 0.7810616 0.2822951 0.7717913 0.2811583 0.7756003 0.2781123 0.7754758 0.2801589 0.7696827 0.2781123 0.7754758 0.2669143 0.7740365 0.2861011 0.7676239 0.2836728 0.7556614 0.2990067 0.7571058 0.4113799 0.7764241 0.3917428 0.7755731 0.393342 0.7610872 0.4069895 0.8080151 0.3884272 0.8079937 0.3900675 0.7916578 0.408735 0.8240509 0.4113621 0.8396316 0.3917047 0.8404765 0.421958 0.8080202 0.4246144 0.822943 0.4177277 0.823657 0.414669 0.5350888 0.4011225 0.5305772 0.4060072 0.5178036 0.4287129 0.7470253 0.4378991 0.7488858 0.4337531 0.7639124 0.4288673 0.8375403 0.4337522 0.8521606 0.4252101 0.8537407 0.4211865 0.7772682 0.4288697 0.7785184 0.4246171 0.7931037 0.4577808 0.5328746 0.4603058 0.5412635 0.4496427 0.5431408 0.4822494 0.5357935 0.4712134 0.5387526 0.4682401 0.5292574 0.5727534 0.7664399 0.5738157 0.7732403 0.4999637 0.7815448 0.4864069 0.5552468 0.4912793 0.5989754 0.4771777 0.598795 0.4078325 0.5966861 0.3935487 0.5975799 0.3968474 0.5526808 0.4620715 0.557694 0.4632542 0.5977967 0.4493633 0.5964277 0.5961308 0.7791825 0.5968604 0.7858151 0.593133 0.7859855 0.4979699 0.744858 0.5711339 0.7394655 0.5716514 0.7460764 0.5748979 0.779972 0.5759472 0.7865813 0.5028364 0.7959855 0.4982563 0.7595794 0.5720118 0.7527589 0.5723657 0.7595679 0.6028968 0.7632433 0.6045051 0.771548 0.5998051 0.7717432 0.5894859 0.7497048 0.5929383 0.7490776 0.5936219 0.7563148 0.5942295 0.7641624 0.5952813 0.771963 0.5920333 0.7721033 0.5877472 0.7367497 0.5915712 0.736172 0.5922607 0.7424395 0.6095829 0.735017 0.6156758 0.7356337 0.6143015 0.7417048 0.597327 0.7354523 0.6034907 0.7347686 0.6033394 0.7409678 0.6063264 0.7786419 0.6080013 0.7849307 0.6023144 0.7854054 0.5978873 0.7482914 0.6030206 0.7474679 0.6027277 0.754786 0.624043 0.7722984 0.6282515 0.7770006 0.6233385 0.7797496 0.6157163 0.7761812 0.618565 0.781911 0.6133466 0.783553 0.6079518 0.7476013 0.6127178 0.7479046 0.6112 0.7546963 0.6105437 0.7624324 0.6128079 0.7698588 0.6087861 0.7707144 0.7129049 0.4510516 0.7146458 0.4528276 0.7067346 0.4555042 0.617058 0.7486522 0.6216737 0.7499547 0.6186907 0.7555536 0.6170487 0.7617426 0.6199522 0.7674496 0.6162501 0.768912 0.6214894 0.7369524 0.6274687 0.738794 0.6248024 0.7444745 0.6969323 0.4343133 0.6946139 0.4444079 0.6923577 0.4447036 0.7153316 0.437111 0.7074111 0.4324438 0.7078045 0.4302226 0.7129529 0.4510129 0.7161174 0.4446074 0.7176989 0.4448567 0.6990135 0.4525352 0.706587 0.4538676 0.7067346 0.4555042 0.7025095 0.4437529 0.6946139 0.4444079 0.6969323 0.4343133 0.7032905 0.4466564 0.6990135 0.4525352 0.6946139 0.4444079 0.6990135 0.4525352 0.6976242 0.4544919 0.6923577 0.4447036 0.7161174 0.4446074 0.7129529 0.4510129 0.7098597 0.4470267 0.7153316 0.437111 0.7161174 0.4446074 0.7101807 0.443907 0.6969323 0.4343133 0.6947205 0.4319409 0.7078045 0.4302226 0.7064856 0.4477664 0.706587 0.4538676 0.6990135 0.4525352 0.709793 0.4470492 0.7129049 0.4510516 0.706587 0.4538676 0.6194221 0.7428169 0.6248024 0.7444745 0.6216737 0.7499547 0.6143015 0.7417048 0.6194221 0.7428169 0.617058 0.7486522 0.6156758 0.7356337 0.6214894 0.7369524 0.6194221 0.7428169 0.6199522 0.7674496 0.624043 0.7722984 0.6198033 0.7745398 0.6162501 0.768912 0.6198033 0.7745398 0.6157163 0.7761812 0.6136268 0.7621055 0.6162501 0.768912 0.6128079 0.7698588 0.6147643 0.7549001 0.6186907 0.7555536 0.6170487 0.7617426 0.6112 0.7546963 0.6147643 0.7549001 0.6136268 0.7621055 0.6127178 0.7479046 0.617058 0.7486522 0.6147643 0.7549001 0.7153316 0.437111 0.7173517 0.435822 0.7176989 0.4448567 0.7074111 0.4324438 0.7153316 0.437111 0.7093424 0.441168 0.6969323 0.4343133 0.7074111 0.4324438 0.7063142 0.4400547 0.6128079 0.7698588 0.6157163 0.7761812 0.6111199 0.7774774 0.6087861 0.7707144 0.6111199 0.7774774 0.6063264 0.7786419 0.6068676 0.7628222 0.6087861 0.7707144 0.6045051 0.771548 0.6070883 0.7547033 0.6112 0.7546963 0.6105437 0.7624324 0.6027277 0.754786 0.6070883 0.7547033 0.6068676 0.7628222 0.6030206 0.7474679 0.6079518 0.7476013 0.6070883 0.7547033 0.618565 0.781911 0.621182 0.7875588 0.6153541 0.7894397 0.6133466 0.783553 0.6153541 0.7894397 0.6094494 0.7909601 0.6111199 0.7774774 0.6133466 0.783553 0.6080013 0.7849307 0.6282515 0.7770006 0.6320499 0.7819955 0.6265898 0.7850502 0.6233385 0.7797496 0.6265898 0.7850502 0.621182 0.7875588 0.6198033 0.7745398 0.6233385 0.7797496 0.618565 0.781911 0.5980912 0.7555809 0.6027277 0.754786 0.6028968 0.7632433 0.5936219 0.7563148 0.5980912 0.7555809 0.5983983 0.7637203 0.5929383 0.7490776 0.5978873 0.7482914 0.5980912 0.7555809 0.6080013 0.7849307 0.6094494 0.7909601 0.6032795 0.7915844 0.6023144 0.7854054 0.6032795 0.7915844 0.5975007 0.7920879 0.6011345 0.7789133 0.6023144 0.7854054 0.5968604 0.7858151 0.5976793 0.7416962 0.6033394 0.7409678 0.6030206 0.7474679 0.5922607 0.7424395 0.5976793 0.7416962 0.5978873 0.7482914 0.5915712 0.736172 0.597327 0.7354523 0.5976793 0.7416962 0.6088548 0.7411937 0.6143015 0.7417048 0.6127178 0.7479046 0.6033394 0.7409678 0.6088548 0.7411937 0.6079518 0.7476013 0.6034907 0.7347686 0.6095829 0.735017 0.6088548 0.7411937 0.5885804 0.7430546 0.5922607 0.7424395 0.5929383 0.7490776 0.5716514 0.7460764 0.5885804 0.7430546 0.5894859 0.7497048 0.5952813 0.771963 0.5961308 0.7791825 0.5926236 0.7792933 0.5920333 0.7721033 0.5926236 0.7792933 0.5748979 0.779972 0.5912002 0.7644836 0.5920333 0.7721033 0.5738157 0.7732403 0.5904167 0.7568588 0.5936219 0.7563148 0.5942295 0.7641624 0.5723657 0.7595679 0.5904167 0.7568588 0.5912002 0.7644836 0.5720118 0.7527589 0.5894859 0.7497048 0.5904167 0.7568588 0.6045051 0.771548 0.6063264 0.7786419 0.6011345 0.7789133 0.5998051 0.7717432 0.6011345 0.7789133 0.5961308 0.7791825 0.5983983 0.7637203 0.5998051 0.7717432 0.5952813 0.771963 0.4984146 0.7669402 0.5723657 0.7595679 0.5727534 0.7664399 0.4493633 0.5964277 0.4487371 0.7380775 0.434809 0.7367454 0.4632542 0.5977967 0.4627673 0.7398252 0.4487371 0.7380775 0.5759472 0.7865813 0.5768278 0.7931535 0.5041611 0.8032289 0.3931886 0.7387904 0.3793701 0.7394523 0.3791062 0.5978574 0.4069975 0.7378249 0.3931886 0.7387904 0.3935487 0.5975799 0.4981941 0.7522181 0.5716514 0.7460764 0.5720118 0.7527589 0.4771777 0.598795 0.4769325 0.7417433 0.4627673 0.7398252 0.4912793 0.5989754 0.4912793 0.743304 0.4769325 0.7417433 0.5968604 0.7858151 0.5975007 0.7920879 0.5936405 0.792325 0.5926236 0.7792933 0.593133 0.7859855 0.5759472 0.7865813 0.4498584 0.5579788 0.4493633 0.5964277 0.4353933 0.5948922 0.4620715 0.557694 0.4498584 0.5579788 0.4496427 0.5431408 0.3935487 0.5975799 0.3791062 0.5978574 0.3827865 0.5509961 0.4011225 0.5305772 0.3968474 0.5526808 0.3827865 0.5509961 0.414669 0.5350888 0.4105459 0.5543692 0.3968474 0.5526808 0.4741757 0.5568178 0.4771777 0.598795 0.4632542 0.5977967 0.4741757 0.5568178 0.4620715 0.557694 0.4603058 0.5412635 0.4864069 0.5552468 0.4741757 0.5568178 0.4712134 0.5387526 0.5738157 0.7732403 0.5748979 0.779972 0.501353 0.788775 0.420839 0.737062 0.4069975 0.7378249 0.4078325 0.5966861 0.4682401 0.5292574 0.4712134 0.5387526 0.4603058 0.5412635 0.4651253 0.5222132 0.4682401 0.5292574 0.4577808 0.5328746 0.4762425 0.5175135 0.4791368 0.5253856 0.4682401 0.5292574 0.4269496 0.5397148 0.414669 0.5350888 0.4196926 0.5246757 0.4308696 0.5319458 0.4196926 0.5246757 0.4252526 0.5173544 0.439913 0.5371143 0.4308696 0.5319458 0.4349726 0.526973 0.4467822 0.5318571 0.4482648 0.5362645 0.439913 0.5371143 0.4549173 0.5270681 0.4577808 0.5328746 0.4482648 0.5362645 0.4220233 0.5955997 0.4078325 0.5966861 0.4105459 0.5543692 0.4269496 0.5397148 0.4239436 0.5561006 0.4105459 0.5543692 0.4177345 0.7923882 0.4246171 0.7931037 0.421958 0.8080202 0.4087476 0.7919899 0.4177345 0.7923882 0.4155918 0.8080189 0.4113799 0.7764241 0.4211865 0.7772682 0.4177345 0.7923882 0.4337522 0.8521606 0.4378991 0.8672022 0.4287039 0.8690626 0.4252101 0.8537407 0.4287039 0.8690626 0.417211 0.8707203 0.4211775 0.8387897 0.4252101 0.8537407 0.4146461 0.8548815 0.4252192 0.762332 0.4337531 0.7639124 0.4288697 0.7785184 0.4146655 0.7611898 0.4252192 0.762332 0.4211865 0.7772682 0.4172314 0.7453669 0.4287129 0.7470253 0.4252192 0.762332 0.4060072 0.5178036 0.4011225 0.5305772 0.3866851 0.5266274 0.4060072 0.5178036 0.3904557 0.5116109 0.3949881 0.4991512 0.4196926 0.5246757 0.4060072 0.5178036 0.4115972 0.507912 0.4246144 0.822943 0.4288673 0.8375403 0.4211775 0.8387897 0.4177277 0.823657 0.4211775 0.8387897 0.4113621 0.8396316 0.4155918 0.8080189 0.4177277 0.823657 0.408735 0.8240509 0.4113621 0.8396316 0.4146461 0.8548815 0.393301 0.8549793 0.4069895 0.8080151 0.408735 0.8240509 0.390038 0.8243694 0.4087476 0.7919899 0.3900675 0.7916578 0.3917428 0.7755731 0.02160561 0.2723965 0.03038799 0.3164128 0.009693503 0.3227413 0.03038799 0.3164128 0.04756665 0.3578508 0.02851134 0.3680837 0.04756665 0.3578508 0.07247608 0.3951303 0.05578613 0.4088735 0.07247608 0.3951303 0.1041603 0.4268292 0.09047269 0.4435569 0.1041603 0.4268292 0.1414071 0.4517359 0.1312459 0.4708085 0.1414071 0.4517359 0.1827916 0.4688939 0.1765484 0.4895821 0.1827916 0.4688939 0.2267286 0.4776403 0.2246462 0.4991512 0.2267286 0.4776403 0.2715312 0.4776321 0.2736941 0.4991385 0.2715312 0.4776321 0.3154752 0.4688605 0.3218039 0.4895341 0.3154752 0.4688605 0.356866 0.4516562 0.36712 0.4707001 0.356866 0.4516562 0.3941095 0.4266778 0.4078966 0.4433565 0.3941095 0.4266778 0.4257671 0.3948808 0.4425563 0.408548 0.4257671 0.3948808 0.4506126 0.3574904 0.4697511 0.3676207 0.4506126 0.3574904 0.467701 0.3159628 0.4884452 0.3221793 0.467701 0.3159628 0.47642 0.2719081 0.4979699 0.273985 0.47642 0.2719081 0.4764353 0.2270171 0.4979699 0.2248743 0.4764353 0.2270171 0.4677373 0.1830006 0.4884362 0.1767157 0.4677373 0.1830006 0.4506498 0.1415387 0.4697214 0.1313478 0.4506498 0.1415387 0.4258207 0.104218 0.4425343 0.09050852 0.4258207 0.104218 0.394198 0.07247 0.4079115 0.0557658 0.394198 0.07247 0.3569923 0.04751479 0.367178 0.02845537 0.3569923 0.04751479 0.3156298 0.03031361 0.3218942 0.00962907 0.3156298 0.03031361 0.2716966 0.02153342 0.2737945 1.67569e-5 0.2716966 0.02153342 0.226879 0.02152222 0.224723 0 0.226879 0.02152222 0.1829009 0.03029555 0.1765666 0.009597301 0.1829009 0.03029555 0.1414575 0.04752856 0.1311853 0.02845489 0.1414575 0.04752856 0.104148 0.07256203 0.09033662 0.055848 0.104148 0.07256203 0.0724014 0.1044124 0.0555911 0.09070408 0.0724014 0.1044124 0.047459 0.1418403 0.02830123 0.1316715 0.047459 0.1418403 0.03029483 0.1833993 0.009530425 0.1771639 0.1827916 0.4688939 0.1414071 0.4517359 0.1472385 0.440822 0.03029483 0.1833993 0.02156901 0.2274844 0 0.2254189 0.02156901 0.2274844 0.02160561 0.2723965 6.14809e-5 0.2745733 0.7026348 0 0.7386298 0.007159829 0.7725371 0.02120465 0.7725371 0.02120465 0.8030523 0.04159426 0.8290039 0.06754583 0.8290039 0.06754583 0.8493938 0.0980615 0.8634386 0.1319686 0.8634386 0.1319686 0.8705984 0.1679638 0.8290039 0.06754583 0.8705984 0.1679638 0.8705984 0.2046647 0.8290039 0.06754583 0.8705984 0.2046647 0.8634386 0.2406601 0.8493939 0.274567 0.8493939 0.274567 0.829004 0.3050826 0.8705984 0.2046647 0.829004 0.3050826 0.8030526 0.331034 0.8705984 0.2046647 0.8030526 0.331034 0.7725369 0.3514239 0.6659337 0.3726285 0.7725369 0.3514239 0.7386299 0.3654687 0.6659337 0.3726285 0.7386299 0.3654687 0.7026348 0.3726285 0.6659337 0.3726285 0.6659337 0.3726285 0.6299386 0.3654687 0.5960311 0.3514237 0.5960311 0.3514237 0.5655159 0.3310341 0.5395644 0.3050826 0.5395644 0.3050826 0.5191745 0.274567 0.5051298 0.24066 0.5051298 0.24066 0.4979699 0.2046648 0.4979699 0.1679637 0.4979699 0.1679637 0.5051298 0.1319685 0.5191747 0.09806108 0.5191747 0.09806108 0.5395644 0.06754583 0.5655159 0.04159426 0.5655159 0.04159426 0.5960315 0.02120453 0.7026348 0 0.5960315 0.02120453 0.6299386 0.007159829 0.7026348 0 0.6299386 0.007159829 0.6659336 0 0.7026348 0 0.7026348 0 0.7725371 0.02120465 0.8290039 0.06754583 0.6659337 0.3726285 0.5960311 0.3514237 0.4979699 0.1679637 0.5960311 0.3514237 0.5395644 0.3050826 0.4979699 0.1679637 0.5395644 0.3050826 0.5051298 0.24066 0.4979699 0.1679637 0.4979699 0.1679637 0.5191747 0.09806108 0.7026348 0 0.5191747 0.09806108 0.5655159 0.04159426 0.7026348 0 0.7026348 0 0.8290039 0.06754583 0.8705984 0.2046647 0.8705984 0.2046647 0.8030526 0.331034 0.6659337 0.3726285 0.7026348 0 0.8705984 0.2046647 0.4979699 0.1679637 0.455822 0.3123889 0.4368513 0.3067097 0.4443733 0.2688013 0.47642 0.2719081 0.467701 0.3159628 0.455822 0.3123889 0.2716966 0.02153342 0.2704829 0.03384965 0.2281017 0.03384339 0.03038799 0.3164128 0.04224401 0.3128054 0.05848693 0.3520057 0.3941095 0.4266778 0.356866 0.4516562 0.3510067 0.4407482 0.4258207 0.104218 0.4162405 0.1120553 0.3863343 0.08202409 0.0724014 0.1044124 0.08201879 0.1122716 0.05842024 0.147677 0.2267286 0.4776403 0.1827916 0.4688939 0.18638 0.457053 0.4764353 0.2270171 0.47642 0.2719081 0.4640769 0.2707024 0.226879 0.02152222 0.2281017 0.03384339 0.1865172 0.04214686 0.04756665 0.3578508 0.05848693 0.3520057 0.08204394 0.3872728 0.3941095 0.4266778 0.3862258 0.4171218 0.4161625 0.3870466 0.394198 0.07247 0.3863343 0.08202409 0.3511477 0.05841964 0.047459 0.1418403 0.05842024 0.147677 0.04217863 0.1869866 0.2267286 0.4776403 0.2279346 0.4653264 0.2703065 0.4653186 0.4764353 0.2270171 0.4640993 0.2282275 0.4558783 0.1865838 0.1829009 0.03029555 0.1865172 0.04214686 0.1473308 0.05845189 0.07247608 0.3951303 0.08204394 0.3872728 0.1120103 0.4172605 0.4257671 0.3948808 0.4161625 0.3870466 0.4396586 0.3516784 0.3569923 0.04751479 0.3511477 0.05841964 0.3120302 0.04215127 0.03029483 0.1833993 0.04217863 0.1869866 0.03391772 0.2286853 0.2715312 0.4776321 0.2703065 0.4653186 0.3118646 0.4570216 0.4677373 0.1830006 0.4558783 0.1865838 0.4397208 0.1473597 0.1414575 0.04752856 0.1473308 0.05845189 0.1120508 0.08213728 0.1041603 0.4268292 0.1120103 0.4172605 0.1472385 0.440822 0.467701 0.3159628 0.4506126 0.3574904 0.4396586 0.3516784 0.3156298 0.03031361 0.3120302 0.04215127 0.2704829 0.03384965 0.03038799 0.3164128 0.02160561 0.2723965 0.03394436 0.2711679 0.02156901 0.2274844 0.03391772 0.2286853 0.03394436 0.2711679 0.356866 0.4516562 0.3154752 0.4688605 0.3118646 0.4570216 0.4506498 0.1415387 0.4397208 0.1473597 0.4162405 0.1120553 0.104148 0.07256203 0.1120508 0.08213728 0.08201879 0.1122716 0.4369645 0.1923242 0.420704 0.1971152 0.4072939 0.1645298 0.05848693 0.3520057 0.04224401 0.3128054 0.0611509 0.3070265 0.05842024 0.147677 0.08201879 0.1122716 0.09738188 0.1247919 0.4640769 0.2707024 0.4443733 0.2688013 0.4444159 0.2301827 0.08204394 0.3872728 0.05848693 0.3520057 0.0758962 0.3426585 0.04217863 0.1869866 0.05842024 0.147677 0.07592064 0.1569662 0.4640993 0.2282275 0.4444159 0.2301827 0.4369645 0.1923242 0.1120103 0.4172605 0.08204394 0.3872728 0.09729063 0.3747177 0.03391772 0.2286853 0.04217863 0.1869866 0.06114435 0.192685 0.4397208 0.1473597 0.4558783 0.1865838 0.4369645 0.1923242 0.1120103 0.4172605 0.1245116 0.4019793 0.1565156 0.4234003 0.03394436 0.2711679 0.03391772 0.2286853 0.0536198 0.230576 0.4397208 0.1473597 0.4222981 0.1566683 0.4009758 0.1245772 0.1472385 0.440822 0.1565156 0.4234003 0.192076 0.4381583 0.3863343 0.08202409 0.4162405 0.1120553 0.4009758 0.1245772 0.18638 0.457053 0.192076 0.4381583 0.2298286 0.4456841 0.3511477 0.05841964 0.3863343 0.08202409 0.3738133 0.09728014 0.2279346 0.4653264 0.2298286 0.4456841 0.2683227 0.4456839 0.3120302 0.04215127 0.3511477 0.05841964 0.3418521 0.07582485 0.2703065 0.4653186 0.2683227 0.4456839 0.3060762 0.4381514 0.2704829 0.03384965 0.3120302 0.04215127 0.3063192 0.06103765 0.3118646 0.4570216 0.3060762 0.4381514 0.3416333 0.4233682 0.2281017 0.03384339 0.2704829 0.03384965 0.2685799 0.05349147 0.3510067 0.4407482 0.3416333 0.4233682 0.3736271 0.4019045 0.1865172 0.04214686 0.2281017 0.03384339 0.2300854 0.05348455 0.3862258 0.4171218 0.3736271 0.4019045 0.4008242 0.3745808 0.1865172 0.04214686 0.1923172 0.06102997 0.1567274 0.0758506 0.4161625 0.3870466 0.4008242 0.3745808 0.4221705 0.3424369 0.1473308 0.05845189 0.1567274 0.0758506 0.1246832 0.09739506 0.4396586 0.3516784 0.4221705 0.3424369 0.4368513 0.3067097 0.03394436 0.2711679 0.053626 0.269183 0.0611509 0.3070265 0.08201879 0.1122716 0.1120508 0.08213728 0.1246832 0.09739506 0.3337657 0.0906834 0.3629747 0.1102745 0.3588085 0.1153246 0.1245116 0.4019793 0.135335 0.3889607 0.1645876 0.4085249 0.0536198 0.230576 0.07050025 0.2323334 0.07051688 0.2676166 0.4222981 0.1566683 0.4072939 0.1645298 0.3878018 0.1352089 0.1565156 0.4234003 0.1645876 0.4085249 0.1970862 0.4219967 0.3738133 0.09728014 0.4009758 0.1245772 0.3878018 0.1352089 0.2298286 0.4456841 0.192076 0.4381583 0.1970862 0.4219967 0.3738133 0.09728014 0.3629747 0.1102745 0.3337657 0.0906834 0.2683227 0.4456839 0.2298286 0.4456841 0.2315831 0.428857 0.3418521 0.07582485 0.3337657 0.0906834 0.3012973 0.07718956 0.2683227 0.4456839 0.266752 0.4288387 0.3012378 0.421938 0.3063192 0.06103765 0.3012973 0.07718956 0.2668188 0.07031548 0.3060762 0.4381514 0.3012378 0.421938 0.3337101 0.408408 0.2685799 0.05349147 0.2668188 0.07031548 0.2316581 0.07033216 0.3736271 0.4019045 0.3416333 0.4233682 0.3337101 0.408408 0.2300854 0.05348455 0.2316581 0.07033216 0.1971691 0.07725119 0.4008242 0.3745808 0.3736271 0.4019045 0.3629236 0.3887774 0.1567274 0.0758506 0.1923172 0.06102997 0.1971691 0.07725119 0.4008242 0.3745808 0.3877534 0.3637973 0.4072316 0.3344055 0.1567274 0.0758506 0.1646771 0.09081786 0.1354292 0.110557 0.4221705 0.3424369 0.4072316 0.3344055 0.4206053 0.3017134 0.0611509 0.3070265 0.053626 0.269183 0.07051688 0.2676166 0.1246832 0.09739506 0.1354292 0.110557 0.1104735 0.1356325 0.4443733 0.2688013 0.4368513 0.3067097 0.4206053 0.3017134 0.0611509 0.3070265 0.07740426 0.3022007 0.09088963 0.3347618 0.07592064 0.1569662 0.09738188 0.1247919 0.1104735 0.1356325 0.4444159 0.2301827 0.4443733 0.2688013 0.4274814 0.2670332 0.0758962 0.3426585 0.09088963 0.3347618 0.1104507 0.3640552 0.07592064 0.1569662 0.09086114 0.1650522 0.07736569 0.1977024 0.4444159 0.2301827 0.4275192 0.2317216 0.420704 0.1971152 0.09729063 0.3747177 0.1104507 0.3640552 0.135335 0.3889607 0.0536198 0.230576 0.06114435 0.192685 0.07736569 0.1977024 0.2323024 0.07684957 0.2661723 0.07682907 0.2657028 0.08171778 0.266752 0.4288387 0.2315831 0.428857 0.2322251 0.422343 0.3012973 0.07718956 0.3337657 0.0906834 0.3306682 0.09644877 0.266752 0.4288387 0.2661073 0.4223252 0.2993298 0.4156761 0.2668188 0.07031548 0.3012973 0.07718956 0.2993879 0.08344918 0.3337101 0.408408 0.3012378 0.421938 0.2993298 0.4156761 0.2316581 0.07033216 0.2668188 0.07031548 0.2661723 0.07682907 0.3337101 0.408408 0.3306112 0.4026377 0.3587523 0.3837223 0.2316581 0.07033216 0.2323024 0.07684957 0.1990837 0.08352112 0.3877534 0.3637973 0.3629236 0.3887774 0.3587523 0.3837223 0.1646771 0.09081786 0.1971691 0.07725119 0.1990837 0.08352112 0.4072316 0.3344055 0.3877534 0.3637973 0.3826702 0.3596522 0.1646771 0.09081786 0.1677945 0.09659457 0.1396433 0.1156097 0.4206053 0.3017134 0.4072316 0.3344055 0.401426 0.3313339 0.07740426 0.3022007 0.07051688 0.2676166 0.07705038 0.2669763 0.1354292 0.110557 0.1396433 0.1156097 0.1155623 0.1397936 0.4274814 0.2670332 0.4206053 0.3017134 0.414301 0.2998256 0.09088963 0.3347618 0.07740426 0.3022007 0.0836845 0.3002994 0.09086114 0.1650522 0.1104735 0.1356325 0.1155623 0.1397936 0.4274814 0.2670332 0.4209402 0.2663853 0.420984 0.2323513 0.09088963 0.3347618 0.09667557 0.3316742 0.1155207 0.3599008 0.07736569 0.1977024 0.09086114 0.1650522 0.09665489 0.1681497 0.4275192 0.2317216 0.420984 0.2323513 0.4144218 0.1990019 0.1104507 0.3640552 0.1155207 0.3599008 0.1394951 0.3838997 0.07736569 0.1977024 0.08365041 0.1996119 0.0770353 0.2329801 0.420704 0.1971152 0.4144218 0.1990019 0.4015044 0.1676023 0.1645876 0.4085249 0.135335 0.3889607 0.1394951 0.3838997 0.07050025 0.2323334 0.0770353 0.2329801 0.07705038 0.2669763 0.4072939 0.1645298 0.4015044 0.1676023 0.3827266 0.1393496 0.1970862 0.4219967 0.1645876 0.4085249 0.1676786 0.4027516 0.3629747 0.1102745 0.3878018 0.1352089 0.3827266 0.1393496 0.2315831 0.428857 0.1970862 0.4219967 0.1989895 0.4157328 0.1428315 0.119383 0.1701505 0.1009225 0.1738991 0.1077942 0.3306112 0.4026377 0.3282713 0.3983165 0.3556094 0.3799403 0.1990837 0.08352112 0.2323024 0.07684957 0.2328015 0.08173859 0.3587523 0.3837223 0.3556094 0.3799403 0.3788455 0.356555 0.1990837 0.08352112 0.2005363 0.08822214 0.1701505 0.1009225 0.401426 0.3313339 0.3826702 0.3596522 0.3788455 0.356555 0.1677945 0.09659457 0.1701505 0.1009225 0.1428315 0.119383 0.414301 0.2998256 0.401426 0.3313339 0.3970598 0.3290453 0.07705038 0.2669763 0.08195155 0.2664807 0.08839279 0.2988577 0.1396433 0.1156097 0.1428315 0.119383 0.1193897 0.1429023 0.414301 0.2998256 0.409562 0.2984289 0.4160299 0.2659146 0.0836845 0.3002994 0.08839279 0.2988577 0.1010099 0.3293431 0.09665489 0.1681497 0.1155623 0.1397936 0.1193897 0.1429023 0.420984 0.2323513 0.4209402 0.2663853 0.4160299 0.2659146 0.09667557 0.3316742 0.1010099 0.3293431 0.119315 0.356771 0.08365041 0.1996119 0.09665489 0.1681497 0.1010072 0.1704607 0.420984 0.2323513 0.4160818 0.2328383 0.4097124 0.2004318 0.1155207 0.3599008 0.119315 0.356771 0.1426042 0.3800919 0.0770353 0.2329801 0.08365041 0.1996119 0.08836936 0.201031 0.4144218 0.1990019 0.4097124 0.2004318 0.3971676 0.1699212 0.1676786 0.4027516 0.1394951 0.3838997 0.1426042 0.3800919 0.07705038 0.2669763 0.0770353 0.2329801 0.08194017 0.2334508 0.4015044 0.1676023 0.3971676 0.1699212 0.3789287 0.1424685 0.1989895 0.4157328 0.1676786 0.4027516 0.1699834 0.3984121 0.3827266 0.1393496 0.3789287 0.1424685 0.3556948 0.1191233 0.1989895 0.4157328 0.2004017 0.4110282 0.2326905 0.4174541 0.3306682 0.09644877 0.3588085 0.1153246 0.3556948 0.1191233 0.2322251 0.422343 0.2326905 0.4174541 0.2656074 0.4174401 0.2993879 0.08344918 0.3306682 0.09644877 0.3283582 0.1007817 0.2993298 0.4156761 0.2661073 0.4223252 0.2656074 0.4174401 0.2661723 0.07682907 0.2993879 0.08344918 0.2979704 0.08815002 0.2993298 0.4156761 0.2978825 0.4109831 0.3282713 0.3983165 0.2699142 0.8605453 0.2351238 0.8718358 0.2303314 0.851135 0.3970598 0.3290453 0.3900985 0.3254051 0.4019913 0.2961861 0.08195155 0.2664807 0.08975446 0.2656951 0.09588897 0.296567 0.1193897 0.1429023 0.1428315 0.119383 0.1479085 0.1254284 0.409562 0.2984289 0.4019913 0.2961861 0.408209 0.2651549 0.08839279 0.2988577 0.09588897 0.296567 0.1079117 0.3256373 0.1010072 0.1704607 0.1193897 0.1429023 0.1254844 0.1478669 0.4160818 0.2328383 0.4160299 0.2659146 0.408209 0.2651549 0.119315 0.356771 0.1010099 0.3293431 0.1079117 0.3256373 0.08836936 0.201031 0.1010072 0.1704607 0.1079402 0.1741452 0.4160818 0.2328383 0.4082747 0.2336081 0.402213 0.2027032 0.1426042 0.3800919 0.119315 0.356771 0.1253582 0.3517937 0.08194017 0.2334508 0.08836936 0.201031 0.09588426 0.2032924 0.4097124 0.2004318 0.402213 0.2027032 0.3902617 0.1736075 0.1426042 0.3800919 0.1475574 0.3740348 0.1736572 0.3915082 0.08195155 0.2664807 0.08194017 0.2334508 0.08974951 0.2342025 0.3789287 0.1424685 0.3971676 0.1699212 0.3902617 0.1736075 0.1699834 0.3984121 0.1736572 0.3915082 0.2026552 0.4035428 0.3789287 0.1424685 0.3728802 0.147428 0.3507354 0.1251654 0.2004017 0.4110282 0.2026552 0.4035428 0.233437 0.4096748 0.3283582 0.1007817 0.3556948 0.1191233 0.3507354 0.1251654 0.2326905 0.4174541 0.233437 0.4096748 0.2648178 0.4096663 0.3283582 0.1007817 0.3246779 0.1076737 0.2957106 0.09562695 0.2656074 0.4174401 0.2648178 0.4096663 0.295588 0.4035147 0.2657028 0.08171778 0.2979704 0.08815002 0.2957106 0.09562695 0.2978825 0.4109831 0.295588 0.4035147 0.3245604 0.391444 0.2328015 0.08173859 0.2657028 0.08171778 0.2649511 0.08949202 0.3556094 0.3799403 0.3282713 0.3983165 0.3245604 0.391444 0.2005363 0.08822214 0.2328015 0.08173859 0.2335892 0.08951032 0.3556094 0.3799403 0.3506178 0.3739257 0.372758 0.3516316 0.2005363 0.08822214 0.2028403 0.09568935 0.1738991 0.1077942 0.3788455 0.356555 0.372758 0.3516316 0.3900985 0.3254051 0.02133822 0.6708726 0.1354629 0.6824557 0.135163 0.692965 0.04366976 0.5651861 0.06134366 0.5800316 0.04035937 0.6085914 0.3791062 0.7102751 0.3575772 0.708191 0.3576353 0.6752842 0.3027675 0.8425012 0.2699142 0.8605453 0.2610647 0.8407791 0.02092033 0.5976859 0.04035937 0.6085914 0.02758973 0.6388063 0.3720772 0.6369111 0.3791062 0.6732388 0.3576353 0.6752842 0.333539 0.8163232 0.3027675 0.8425012 0.289699 0.8243504 0 0.6688832 0.006815612 0.6325929 0.02758973 0.6388063 0.3720772 0.6369111 0.351402 0.6429962 0.339139 0.6125047 0 0.6688832 0.02133822 0.6708726 0.02140766 0.7034121 0.3582721 0.6025979 0.339139 0.6125047 0.321293 0.5849223 0.007282137 0.741305 2.01188e-4 0.7055118 0.02140766 0.7034121 0.3381888 0.5715429 0.321293 0.5849223 0.2985037 0.5612671 0.02097785 0.775044 0.007282137 0.741305 0.02764278 0.7352443 0.2821879 0.5237051 0.3125306 0.5448672 0.2985037 0.5612671 0.04085534 0.8055022 0.02097785 0.775044 0.03976833 0.7652373 0.2821879 0.5237051 0.2715999 0.5424535 0.2416167 0.5291408 0.04085534 0.8055022 0.05731534 0.7922847 0.07982283 0.8152361 0.2124667 0.5004629 0.2484297 0.5087394 0.2416167 0.5291408 0.09600377 0.8515114 0.06629967 0.8313555 0.07982283 0.8152361 0.2124667 0.5004629 0.2096552 0.5217885 0.1768676 0.5206534 0.09600377 0.8515114 0.1062448 0.8331918 0.1354386 0.8463459 0.1755725 0.4991512 0.1768676 0.5206534 0.1444325 0.5258035 0.1634807 0.8745786 0.1286731 0.8661354 0.1354386 0.8463459 0.1390186 0.5048654 0.1444325 0.5258035 0.1135655 0.5371627 0.333539 0.8163232 0.3160861 0.800751 0.3377026 0.7706031 0.199325 0.8765068 0.1634807 0.8745786 0.1665101 0.853861 0.1040199 0.5175479 0.1135655 0.5371627 0.08567571 0.5545923 0.3577397 0.782095 0.3377026 0.7706031 0.3510599 0.7404769 0.2351238 0.8718358 0.199325 0.8765068 0.1984797 0.8554905 0.04366976 0.5651861 0.07178461 0.5372925 0.08567571 0.5545923 0.3791062 0.7102751 0.3720479 0.7468028 0.3510599 0.7404769 0.1462177 0.7219345 0.1406579 0.7130786 0.1590114 0.7037459 0.339139 0.6125047 0.2363591 0.6655467 0.2307921 0.6566109 0.02764278 0.7352443 0.02140766 0.7034121 0.135163 0.692965 0.321293 0.5849223 0.2307921 0.6566109 0.2235912 0.6489474 0.03976833 0.7652373 0.02764278 0.7352443 0.1369227 0.7033015 0.2985037 0.5612671 0.2235912 0.6489474 0.2150369 0.642844 0.05731534 0.7922847 0.03976833 0.7652373 0.1406579 0.7130786 0.2715999 0.5424535 0.2150369 0.642844 0.2054535 0.6385293 0.2096552 0.5217885 0.2416167 0.5291408 0.2054535 0.6385293 0.2096552 0.5217885 0.1952031 0.6361715 0.1846741 0.6358708 0.1062448 0.8331918 0.1618387 0.7355739 0.1712976 0.7399029 0.1768676 0.5206534 0.1846741 0.6358708 0.1742689 0.6376572 0.1665101 0.853861 0.1354386 0.8463459 0.1712976 0.7399029 0.1444325 0.5258035 0.1742689 0.6376572 0.164394 0.6414915 0.1984797 0.8554905 0.1665101 0.853861 0.1814438 0.7423417 0.1135655 0.5371627 0.164394 0.6414915 0.1554545 0.6472686 0.3377026 0.7706031 0.2343485 0.7163903 0.2388467 0.7067433 0.2303314 0.851135 0.1984797 0.8554905 0.1919161 0.7427792 0.3575772 0.708191 0.3510599 0.7404769 0.2388467 0.7067433 0.2610647 0.8407791 0.2303314 0.851135 0.2023398 0.7411649 0.3575772 0.708191 0.2413553 0.6964276 0.2417626 0.6858457 0.289699 0.8243504 0.2610647 0.8407791 0.2123352 0.7374989 0.04035937 0.6085914 0.142209 0.6625385 0.1378352 0.6721763 0.351402 0.6429962 0.3576353 0.6752842 0.2417626 0.6858457 0.02133822 0.6708726 0.02758973 0.6388063 0.1378352 0.6721763 0.351402 0.6429962 0.2400687 0.6754171 0.2363591 0.6655467 0.1719645 0.7177167 0.1733958 0.7152357 0.1787142 0.7176997 0.2150369 0.642844 0.2048693 0.6608892 0.1990054 0.6582091 0.1533846 0.7295188 0.1462177 0.7219345 0.1623941 0.7092282 0.1952031 0.6361715 0.2054535 0.6385293 0.1990054 0.6582091 0.1618387 0.7355739 0.1533846 0.7295188 0.1667679 0.7139411 0.1952031 0.6361715 0.192731 0.6567306 0.1862886 0.6565116 0.1618387 0.7355739 0.1719645 0.7177167 0.1777929 0.7204124 0.1742689 0.6376572 0.1846741 0.6358708 0.1862886 0.6565116 0.1814438 0.7423417 0.1712976 0.7399029 0.1777929 0.7204124 0.1742689 0.6376572 0.1799294 0.6575616 0.1739046 0.6598391 0.2286756 0.7247335 0.2129742 0.7111947 0.21669 0.7059851 0.1814438 0.7423417 0.1840417 0.7219215 0.190473 0.7221922 0.164394 0.6414915 0.1739046 0.6598391 0.1684551 0.6632488 0.2343485 0.7163903 0.21669 0.7059851 0.2193798 0.7001122 0.2023398 0.7411649 0.1919161 0.7427792 0.190473 0.7221922 0.1480319 0.6542179 0.1554545 0.6472686 0.1684551 0.6632488 0.2413553 0.6964276 0.2388467 0.7067433 0.2193798 0.7001122 0.2123352 0.7374989 0.2023398 0.7411649 0.1968387 0.721199 0.1480319 0.6542179 0.1637983 0.6676385 0.160068 0.6728338 0.2413553 0.6964276 0.2208776 0.6938194 0.2211281 0.6873521 0.2215079 0.7318116 0.2123352 0.7374989 0.2028838 0.7189686 0.1378352 0.6721763 0.142209 0.6625385 0.160068 0.6728338 0.2417626 0.6858457 0.2211281 0.6873521 0.2201122 0.6809633 0.2286756 0.7247335 0.2215079 0.7318116 0.2083484 0.715583 0.1354629 0.6824557 0.1378352 0.6721763 0.1574077 0.6786808 0.2400687 0.6754171 0.2201122 0.6809633 0.2178691 0.6749006 0.1354629 0.6824557 0.1559343 0.684947 0.1557123 0.69138 0.2307921 0.6566109 0.2363591 0.6655467 0.2178691 0.6749006 0.1369227 0.7033015 0.135163 0.692965 0.1557123 0.69138 0.2307921 0.6566109 0.2144866 0.669398 0.2100968 0.6646671 0.1406579 0.7130786 0.1369227 0.7033015 0.1567426 0.6977231 0.2235912 0.6489474 0.2100968 0.6646671 0.2048693 0.6608892 0.16013 0.6795958 0.1625524 0.6742566 0.1715611 0.6794819 0.1862886 0.6565116 0.1864897 0.6593837 0.1806896 0.6603363 0.1840417 0.7219215 0.1777929 0.7204124 0.1787142 0.7176997 0.1799294 0.6575616 0.1806896 0.6603363 0.1751926 0.6624063 0.2129742 0.7111947 0.2108253 0.7093045 0.2142242 0.7045469 0.1840417 0.7219215 0.1844187 0.7190751 0.1902867 0.7193232 0.1739046 0.6598391 0.1751926 0.6624063 0.1702172 0.6655054 0.21669 0.7059851 0.2142242 0.7045469 0.2166679 0.6991928 0.190473 0.7221922 0.1902867 0.7193232 0.1960902 0.7184169 0.1637983 0.6676385 0.1684551 0.6632488 0.1702172 0.6655054 0.2208776 0.6938194 0.2193798 0.7001122 0.2166679 0.6991928 0.2028838 0.7189686 0.1968387 0.721199 0.1960902 0.7184169 0.1637983 0.6676385 0.1659612 0.669511 0.1625524 0.6742566 0.2211281 0.6873521 0.2208776 0.6938194 0.2180243 0.6934508 0.2083484 0.715583 0.2028838 0.7189686 0.2015984 0.7163838 0.1574077 0.6786808 0.160068 0.6728338 0.1625524 0.6742566 0.2211281 0.6873521 0.2182529 0.6875478 0.217328 0.6817171 0.2129742 0.7111947 0.2083484 0.715583 0.2065806 0.7133019 0.1574077 0.6786808 0.16013 0.6795958 0.1587827 0.6853138 0.2201122 0.6809633 0.217328 0.6817171 0.2152847 0.6761833 0.1559343 0.684947 0.1587827 0.6853138 0.1585748 0.6911858 0.2178691 0.6749006 0.2152847 0.6761833 0.2122023 0.6711599 0.1567426 0.6977231 0.1557123 0.69138 0.1585748 0.6911858 0.2144866 0.669398 0.2122023 0.6711599 0.2082006 0.6668398 0.1590114 0.7037459 0.1567426 0.6977231 0.1595057 0.6969864 0.2048693 0.6608892 0.2100968 0.6646671 0.2082006 0.6668398 0.1623941 0.7092282 0.1590114 0.7037459 0.1615958 0.7024757 0.2048693 0.6608892 0.2034344 0.6633892 0.1980872 0.6609403 0.1623941 0.7092282 0.1646665 0.7074797 0.1686532 0.7117856 0.1990054 0.6582091 0.1980872 0.6609403 0.1923652 0.6595876 0.1719645 0.7177167 0.1667679 0.7139411 0.1686532 0.7117856 0.192731 0.6567306 0.1923652 0.6595876 0.1864897 0.6593837 0.5245581 0.8886482 0.5175004 0.8885071 0.518076 0.8831121 0.2182529 0.6875478 0.2078233 0.6882018 0.2072156 0.6843966 0.2108253 0.7093045 0.2065806 0.7133019 0.2002362 0.7050108 0.1587827 0.6853138 0.16013 0.6795958 0.1699834 0.6829642 0.217328 0.6817171 0.2072156 0.6843966 0.2058845 0.6807844 0.1587827 0.6853138 0.1691095 0.6866921 0.1689766 0.6905224 0.2122023 0.6711599 0.2152847 0.6761833 0.2058845 0.6807844 0.1595057 0.6969864 0.1585748 0.6911858 0.1689766 0.6905224 0.2122023 0.6711599 0.20388 0.6775043 0.2012788 0.6746824 0.1615958 0.7024757 0.1595057 0.6969864 0.1695912 0.6943091 0.2034344 0.6633892 0.2082006 0.6668398 0.2012788 0.6746824 0.1646665 0.7074797 0.1615958 0.7024757 0.1709342 0.6979031 0.2034344 0.6633892 0.1981806 0.6724272 0.1947047 0.6708251 0.1646665 0.7074797 0.1729423 0.7011705 0.1755449 0.7039871 0.1923652 0.6595876 0.1980872 0.6609403 0.1947047 0.6708251 0.1733958 0.7152357 0.1686532 0.7117856 0.1755449 0.7039871 0.1923652 0.6595876 0.190985 0.6699374 0.1871657 0.6697971 0.1733958 0.7152357 0.1786424 0.7062448 0.1821225 0.7078565 0.1864897 0.6593837 0.1871657 0.6697971 0.1833946 0.67041 0.1844187 0.7190751 0.1787142 0.7176997 0.1821225 0.7078565 0.1806896 0.6603363 0.1833946 0.67041 0.1798179 0.6717509 0.2108253 0.7093045 0.2030106 0.7024052 0.2052271 0.6992934 0.1844187 0.7190751 0.1858414 0.7087601 0.1896588 0.7089216 0.1751926 0.6624063 0.1798179 0.6717509 0.1765736 0.6737663 0.2142242 0.7045469 0.2052271 0.6992934 0.2068061 0.6957945 0.1960902 0.7184169 0.1902867 0.7193232 0.1896588 0.7089216 0.1659612 0.669511 0.1702172 0.6655054 0.1765736 0.6737663 0.2180243 0.6934508 0.2166679 0.6991928 0.2068061 0.6957945 0.2015984 0.7163838 0.1960902 0.7184169 0.193428 0.708332 0.1659612 0.669511 0.1737864 0.6763771 0.1715611 0.6794819 0.2182529 0.6875478 0.2180243 0.6934508 0.2076835 0.6920492 0.2065806 0.7133019 0.2015984 0.7163838 0.1970008 0.7070119 0.5631982 0.9012704 0.5690739 0.9055829 0.5653302 0.909726 0.5249901 0.8846805 0.518076 0.8831121 0.5197764 0.8780786 0.5604233 0.9043576 0.5653302 0.909726 0.5608605 0.9130527 0.5262234 0.8809142 0.5197764 0.8780786 0.5223915 0.8734587 0.557101 0.9068449 0.5608605 0.9130527 0.5558414 0.9154447 0.5282022 0.8774656 0.5223915 0.8734587 0.5258978 0.8693726 0.5533619 0.908641 0.5558414 0.9154447 0.5504667 0.9168195 0.5308601 0.8744444 0.5258978 0.8693726 0.5301691 0.8659777 0.5493499 0.9096814 0.5504667 0.9168195 0.5449402 0.9171341 0.5341011 0.8719584 0.5301691 0.8659777 0.5350817 0.8634495 0.5452171 0.9099311 0.5449402 0.9171341 0.5394688 0.9163848 0.5378096 0.870106 0.5350817 0.8634495 0.5404347 0.8618823 0.5411189 0.9093857 0.5394688 0.9163848 0.5342537 0.9146087 0.5613098 0.8746699 0.5665419 0.8694587 0.5701152 0.8738334 0.5418474 0.8689794 0.5404347 0.8618823 0.5460492 0.8612655 0.5336275 0.9060376 0.5372075 0.9080703 0.5342537 0.9146087 0.5639384 0.8778789 0.5701152 0.8738334 0.5727046 0.8788528 0.5460692 0.8685784 0.5460492 0.8612655 0.551695 0.8617467 0.5305063 0.9033574 0.5336275 0.9060376 0.5294871 0.911872 0.5658467 0.8815541 0.5727046 0.8788528 0.5742083 0.884294 0.5502918 0.8689606 0.551695 0.8617467 0.5571365 0.8633162 0.5279563 0.9001519 0.5305063 0.9033574 0.5253406 0.9082846 0.5669605 0.8855422 0.5742083 0.884294 0.5745731 0.8899167 0.5543456 0.8701308 0.5571365 0.8633162 0.5621544 0.8659207 0.5279563 0.9001519 0.5219636 0.9039852 0.5194789 0.8991364 0.56724 0.8896756 0.5745731 0.8899167 0.5738008 0.8954851 0.5580683 0.8720561 0.5621544 0.8659207 0.5665419 0.8694587 0.5260733 0.8965384 0.5194789 0.8991364 0.5179732 0.893913 0.5666811 0.8937833 0.5738008 0.8954851 0.5719385 0.9007755 0.524926 0.8926539 0.5179732 0.893913 0.5175004 0.8885071 0.5653136 0.8976998 0.5719385 0.9007755 0.5690739 0.9055829 0.5165386 0.8258098 0.5149817 0.8223806 0.5289384 0.8169881 0.5558414 0.9154447 0.5693046 0.9543113 0.5562025 0.9573481 0.5504667 0.9168195 0.5562025 0.9573481 0.5428276 0.9578402 0.5394688 0.9163848 0.5449402 0.9171341 0.5428276 0.9578402 0.5394688 0.9163848 0.5296508 0.9557977 0.5171177 0.9513007 0.5701152 0.8738334 0.5665419 0.8694587 0.5993307 0.8383753 0.5460492 0.8612655 0.5404347 0.8618823 0.5300283 0.8207787 0.5294871 0.911872 0.5342537 0.9146087 0.5171177 0.9513007 0.5727046 0.8788528 0.5701152 0.8738334 0.6083053 0.8505713 0.5460492 0.8612655 0.5442442 0.8181411 0.5589826 0.8184804 0.5294871 0.911872 0.505761 0.9445329 0.4958735 0.9357452 0.5727046 0.8788528 0.61432 0.8640729 0.6173737 0.8783078 0.551695 0.8617467 0.5589826 0.8184804 0.5736164 0.8219409 0.5219636 0.9039852 0.5253406 0.9082846 0.4958735 0.9357452 0.5745731 0.8899167 0.5742083 0.884294 0.6173737 0.8783078 0.5571365 0.8633162 0.5736164 0.8219409 0.5873505 0.8286555 0.5219636 0.9039852 0.4878477 0.9252576 0.4819599 0.9134651 0.5738008 0.8954851 0.5745731 0.8899167 0.6175625 0.8926134 0.5621544 0.8659207 0.5873505 0.8286555 0.5993307 0.8383753 0.5194789 0.8991364 0.4819599 0.9134651 0.4784716 0.9007563 0.5719385 0.9007755 0.5738008 0.8954851 0.6149913 0.9064996 0.5175004 0.8885071 0.5179732 0.893913 0.4784716 0.9007563 0.5719385 0.9007755 0.6098295 0.9194805 0.602328 0.9311072 0.5175004 0.8885071 0.4774515 0.8876397 0.4789106 0.8745798 0.5653302 0.909726 0.5690739 0.9055829 0.602328 0.9311072 0.5653302 0.909726 0.5928106 0.940989 0.5816602 0.9488048 0.5558414 0.9154447 0.5608605 0.9130527 0.5816602 0.9488048 0.6182108 0.8629666 0.6236565 0.8613142 0.6268373 0.8773332 0.5296508 0.9557977 0.5287589 0.9593474 0.5156412 0.9546424 0.6083053 0.8505713 0.5993307 0.8383753 0.6027326 0.8353312 0.5442442 0.8181411 0.5300283 0.8207787 0.5289384 0.8169881 0.5442442 0.8181411 0.5439178 0.8141508 0.5594784 0.8144189 0.505761 0.9445329 0.5036002 0.9474653 0.4932105 0.938216 0.61432 0.8640729 0.6182108 0.8629666 0.6213116 0.8778945 0.4878477 0.9252576 0.4958735 0.9357452 0.4932105 0.938216 0.6175625 0.8926134 0.6173737 0.8783078 0.6213116 0.8778945 0.6175625 0.8926134 0.6214514 0.892953 0.6187 0.9075731 0.5993307 0.8383753 0.5873505 0.8286555 0.5897113 0.8250178 0.6098295 0.9194805 0.6149913 0.9064996 0.6187 0.9075731 0.4784716 0.9007563 0.4749083 0.9013605 0.4738573 0.8875613 0.6098295 0.9194805 0.6132268 0.9212341 0.6052966 0.933462 0.4774515 0.8876397 0.4738573 0.8875613 0.4754347 0.8738779 0.5928106 0.940989 0.602328 0.9311072 0.6052966 0.933462 0.4789106 0.8745798 0.4754347 0.8738779 0.4794442 0.8610126 0.5928106 0.940989 0.595252 0.9438469 0.5834967 0.9520536 0.4827063 0.8623018 0.4794442 0.8610126 0.4854569 0.8493103 0.5816602 0.9488048 0.5834967 0.9520536 0.5704808 0.9578284 0.4959959 0.8410606 0.4883997 0.8511747 0.4854569 0.8493103 0.5693046 0.9543113 0.5704808 0.9578284 0.5566866 0.9610041 0.4959959 0.8410606 0.4934087 0.838713 0.5032547 0.829592 0.5562025 0.9573481 0.5566866 0.9610041 0.5426129 0.9615047 0.5054036 0.8324249 0.5032547 0.829592 0.5149817 0.8223806 0.5428276 0.9578402 0.5426129 0.9615047 0.5287589 0.9593474 0.6238975 0.9090995 0.6261562 0.9097654 0.6200494 0.9247889 0.4847773 0.9271836 0.4932105 0.938216 0.4894799 0.9416758 0.6214514 0.892953 0.6213116 0.8778945 0.6268373 0.8773332 0.6187 0.9075731 0.6214514 0.892953 0.6269066 0.8934526 0.5897113 0.8250178 0.5930057 0.8198111 0.6075667 0.8310382 0.6132268 0.9212341 0.6187 0.9075731 0.6238975 0.9090995 0.4738573 0.8875613 0.4749083 0.9013605 0.4699031 0.9022111 0.6132268 0.9212341 0.617983 0.9237106 0.6094485 0.9367768 0.4754347 0.8738779 0.4738573 0.8875613 0.4688184 0.8874463 0.595252 0.9438469 0.6052966 0.933462 0.6094485 0.9367768 0.4754347 0.8738779 0.4705767 0.872851 0.4749287 0.8591756 0.595252 0.9438469 0.5986631 0.9478625 0.5860593 0.9566128 0.4794442 0.8610126 0.4749287 0.8591756 0.4813617 0.8467374 0.5704808 0.9578284 0.5834967 0.9520536 0.5860593 0.9566128 0.4934087 0.838713 0.4854569 0.8493103 0.4813617 0.8467374 0.5704808 0.9578284 0.5721184 0.9627597 0.5573551 0.9661272 0.4934087 0.838713 0.4897817 0.8354547 0.5002071 0.8256407 0.5426129 0.9615047 0.5566866 0.9610041 0.5573551 0.9661272 0.5149817 0.8223806 0.5032547 0.829592 0.5002071 0.8256407 0.5287589 0.9593474 0.5426129 0.9615047 0.5423036 0.9666365 0.5149817 0.8223806 0.5126463 0.8176664 0.5273864 0.8116977 0.5287589 0.9593474 0.5274972 0.9643129 0.5134421 0.9592921 0.6119871 0.8485023 0.6027326 0.8353312 0.6075667 0.8310382 0.5439178 0.8141508 0.5289384 0.8169881 0.5273864 0.8116977 0.5439178 0.8141508 0.5434187 0.8085312 0.5601388 0.8086736 0.5036002 0.9474653 0.5005673 0.9515833 0.4894799 0.9416758 0.5871719 0.9585941 0.6001443 0.9496082 0.6018785 0.9516468 0.4699031 0.9022111 0.4677288 0.9025819 0.4666306 0.8873942 0.6094485 0.9367768 0.617983 0.9237106 0.6200494 0.9247889 0.4688184 0.8874463 0.4666306 0.8873942 0.4684701 0.8724008 0.6094485 0.9367768 0.6112518 0.9382188 0.6001443 0.9496082 0.4749287 0.8591756 0.4705767 0.872851 0.4684701 0.8724008 0.5860593 0.9566128 0.5986631 0.9478625 0.6001443 0.9496082 0.4813617 0.8467374 0.4749287 0.8591756 0.4729734 0.8583754 0.5860593 0.9566128 0.5871719 0.9585941 0.5728291 0.9649022 0.4897817 0.8354547 0.4813617 0.8467374 0.4795881 0.8456247 0.5573551 0.9661272 0.5721184 0.9627597 0.5728291 0.9649022 0.5002071 0.8256407 0.4897817 0.8354547 0.4882059 0.8340485 0.5573551 0.9661272 0.5576453 0.9683524 0.5421695 0.9688652 0.5002071 0.8256407 0.4988717 0.8239345 0.5116128 0.8156343 0.5423036 0.9666365 0.5421695 0.9688652 0.5269491 0.9664699 0.5126463 0.8176664 0.5116128 0.8156343 0.5266988 0.8094075 0.5274972 0.9643129 0.5269491 0.9664699 0.5124909 0.9612984 0.6075667 0.8310382 0.6094483 0.8292475 0.6194715 0.8444222 0.5273864 0.8116977 0.5266988 0.8094075 0.5431883 0.8060877 0.5134421 0.9592921 0.5124909 0.9612984 0.4992566 0.9533743 0.6171975 0.8456532 0.6194715 0.8444222 0.6260277 0.8605919 0.5434187 0.8085312 0.5431883 0.8060877 0.5604164 0.8061683 0.4894799 0.9416758 0.5005673 0.9515833 0.4992566 0.9533743 0.6268373 0.8773332 0.6236565 0.8613142 0.6260277 0.8605919 0.5601388 0.8086736 0.5604164 0.8061683 0.577716 0.8098328 0.4894799 0.9416758 0.4878597 0.9431789 0.4785839 0.9310596 0.6269066 0.8934526 0.6268373 0.8773332 0.6292411 0.8770948 0.5768799 0.8122895 0.577716 0.8098328 0.5944317 0.8175314 0.4737721 0.9165547 0.4804617 0.929889 0.4785839 0.9310596 0.6269066 0.8934526 0.6292774 0.8936733 0.6261562 0.9097654 0.6075667 0.8310382 0.5930057 0.8198111 0.5944317 0.8175314 0.4699031 0.9022111 0.4737721 0.9165547 0.4717106 0.9173431 0.4795881 0.8456247 0.4729734 0.8583754 0.4706959 0.8574399 0.5871719 0.9585941 0.5884757 0.9609082 0.5736637 0.9674052 0.4795881 0.8456247 0.4775197 0.8443352 0.4863613 0.8324176 0.5576453 0.9683524 0.5728291 0.9649022 0.5736637 0.9674052 0.4988717 0.8239345 0.4882059 0.8340485 0.4863613 0.8324176 0.5421695 0.9688652 0.5576453 0.9683524 0.5579885 0.9709528 0.4988717 0.8239345 0.4973006 0.8219534 0.5103783 0.8132762 0.5421695 0.9688652 0.5420171 0.97147 0.5263136 0.9689908 0.5266988 0.8094075 0.5116128 0.8156343 0.5103783 0.8132762 0.5269491 0.9664699 0.5263136 0.9689908 0.5113855 0.9636487 0.6094483 0.8292475 0.611699 0.827122 0.6221357 0.842992 0.5266988 0.8094075 0.5258788 0.8067351 0.5429032 0.8032289 0.5124909 0.9612984 0.5113855 0.9636487 0.4977269 0.9554693 0.6194715 0.8444222 0.6221357 0.842992 0.628802 0.8597545 0.5604164 0.8061683 0.5431883 0.8060877 0.5429032 0.8032289 0.4878597 0.9431789 0.4992566 0.9533743 0.4977269 0.9554693 0.6292411 0.8770948 0.6260277 0.8605919 0.628802 0.8597545 0.577716 0.8098328 0.5604164 0.8061683 0.5607244 0.8032341 0.4878597 0.9431789 0.4859705 0.944939 0.4763941 0.9324343 0.6292411 0.8770948 0.6320499 0.8768144 0.6320499 0.8939286 0.5944317 0.8175314 0.577716 0.8098328 0.5786742 0.8069428 0.4717106 0.9173431 0.4785839 0.9310596 0.4763941 0.9324343 0.6292774 0.8936733 0.6320499 0.8939286 0.6287983 0.9105416 0.6094483 0.8292475 0.5944317 0.8175314 0.5960847 0.8148404 0.4677288 0.9025819 0.4717106 0.9173431 0.4692993 0.9182705 0.6261562 0.9097654 0.6287983 0.9105416 0.6224671 0.9260472 0.4677288 0.9025819 0.4651882 0.90302 0.4640718 0.887337 0.6112518 0.9382188 0.6200494 0.9247889 0.6224671 0.9260472 0.4666306 0.8873942 0.4640718 0.887337 0.4660084 0.871872 0.6112518 0.9382188 0.6133623 0.9399022 0.6018785 0.9516468 0.4729734 0.8583754 0.4684701 0.8724008 0.4660084 0.871872 0.6661329 0.5674955 0.6529873 0.5512604 0.7170609 0.5081564 0.6865893 0.7801567 0.6889879 0.7771421 0.70262 0.7860211 0.8490027 0.7240619 0.8448495 0.7448815 0.8224581 0.7382725 0.6746196 0.659485 0.6775602 0.6618766 0.6686295 0.6751487 0.8448495 0.7448815 0.8367089 0.7644542 0.816081 0.7536128 0.7576671 0.3737829 0.7501036 0.4522484 0.7426864 0.452481 0.7949862 0.6477186 0.7926049 0.6506613 0.7793107 0.6417834 0.816081 0.7536128 0.8367089 0.7644542 0.8249117 0.7820156 0.6321038 0.4920648 0.7114955 0.4874758 0.7119997 0.4947292 0.7333384 0.7986264 0.7336021 0.7948279 0.7495071 0.794422 0.8249117 0.7820156 0.8099463 0.7968856 0.7951173 0.7790872 0.7395142 0.604373 0.7469295 0.526189 0.7543419 0.5259416 0.6555333 0.7052617 0.659313 0.7056126 0.6592775 0.7216443 0.7951173 0.7790872 0.8099463 0.7968856 0.7924366 0.8085071 0.749175 0.6288021 0.7488349 0.632579 0.7328223 0.6325814 0.7813711 0.7882844 0.7924366 0.8085071 0.7731195 0.8164769 0.7813711 0.7882844 0.7795727 0.7850022 0.7927187 0.776209 0.766139 0.7946859 0.7731195 0.8164769 0.7528149 0.8205873 0.8154006 0.3972201 0.7702884 0.4597594 0.7641295 0.4560032 0.8257147 0.7219581 0.8219627 0.7216179 0.8219678 0.7056957 0.7528149 0.8205873 0.732377 0.82091 0.7333384 0.7986264 0.6651479 0.7541239 0.668506 0.7523003 0.6774787 0.7657282 0.7333384 0.7986264 0.732377 0.82091 0.7103585 0.8200916 0.6995911 0.5921347 0.6818118 0.5812382 0.7267276 0.5187115 0.7004674 0.6384246 0.702271 0.6417635 0.6889197 0.650606 0.716782 0.7955833 0.7103585 0.8200916 0.6896303 0.8113173 0.8542932 0.4456577 0.7830808 0.4767773 0.7799263 0.470323 0.8160927 0.6734679 0.8127677 0.6752735 0.8039007 0.6619719 0.7008845 0.7894718 0.6896303 0.8113173 0.6714336 0.7989372 0.816081 0.7536128 0.8127558 0.7518635 0.8188505 0.7372062 0.6865893 0.7801567 0.6714336 0.7989372 0.6561668 0.7834497 0.6529873 0.5512604 0.6427471 0.5329537 0.7138886 0.5017005 0.7008845 0.7894718 0.70262 0.7860211 0.7177857 0.7918991 0.6745371 0.7681893 0.6561668 0.7834497 0.6442787 0.7654221 0.6652778 0.6733789 0.6686295 0.6751487 0.6624696 0.6899154 0.6651479 0.7541239 0.6442787 0.7654221 0.6361517 0.7455218 0.8648034 0.5080397 0.7844815 0.4982203 0.7854434 0.4909741 0.7810693 0.6384298 0.7793107 0.6417834 0.7645308 0.635681 0.6361517 0.7455218 0.6320499 0.7244908 0.6554956 0.7220377 0.778231 0.3783539 0.7573301 0.4534594 0.7501036 0.4522484 0.7499771 0.7981451 0.7495071 0.794422 0.7649931 0.7911239 0.6554956 0.7220377 0.6320499 0.7244908 0.6321008 0.7031093 0.6320499 0.4705293 0.7124547 0.4802057 0.7114955 0.4874758 0.6554956 0.7220377 0.6592775 0.7216443 0.6623725 0.7374101 0.6321008 0.7031093 0.6362959 0.6821658 0.6588349 0.6888348 0.7189937 0.5999096 0.7397017 0.524991 0.7469295 0.526189 0.7324231 0.628807 0.7328223 0.6325814 0.7170969 0.6356804 0.6362959 0.6821658 0.6444859 0.6624464 0.6652778 0.6733789 0.8310354 0.4110361 0.7756121 0.4645875 0.7702884 0.4597594 0.8257206 0.7052958 0.8219678 0.7056957 0.8188658 0.6900427 0.6444859 0.6624464 0.6563682 0.6447063 0.6746196 0.659485 0.7951173 0.7790872 0.7927187 0.776209 0.803926 0.7650296 0.6563682 0.6447063 0.6714873 0.6296305 0.686502 0.6476843 0.6661329 0.5674955 0.7213909 0.5138895 0.7267276 0.5187115 0.6745371 0.7681893 0.6774787 0.7657282 0.6889879 0.7771421 0.6714873 0.6296305 0.6892546 0.6177949 0.7004674 0.6384246 0.686502 0.6476843 0.6889197 0.650606 0.6775602 0.6618766 0.7004674 0.6384246 0.6892546 0.6177949 0.7089788 0.6096423 0.861258 0.4655659 0.7849522 0.4837388 0.7830808 0.4767773 0.8068112 0.6595519 0.8039007 0.6619719 0.7926049 0.6506613 0.7089788 0.6096423 0.7299015 0.605469 0.7324231 0.628807 0.7364616 0.3726285 0.7426864 0.452481 0.7353677 0.454284 0.716782 0.7955833 0.7177857 0.7918991 0.7336021 0.7948279 0.7299015 0.605469 0.7512295 0.6054261 0.749175 0.6288021 0.6357131 0.5130507 0.7119997 0.4947292 0.7138886 0.5017005 0.6588349 0.6888348 0.6624696 0.6899154 0.659313 0.7056126 0.749175 0.6288021 0.7512295 0.6054261 0.7721629 0.6095234 0.7606377 0.6054261 0.7543419 0.5259416 0.7616424 0.5241178 0.7655994 0.6320458 0.7645308 0.635681 0.7488349 0.632579 0.7721629 0.6095234 0.7919036 0.6176256 0.7810693 0.6384298 0.86122 0.5295498 0.7820141 0.5051493 0.7844815 0.4982203 0.766139 0.7946859 0.7649931 0.7911239 0.7795727 0.7850022 0.7919036 0.6176256 0.809683 0.6294375 0.7949862 0.6477186 0.778231 0.3783539 0.7976422 0.3862323 0.7641295 0.4560032 0.8224581 0.7382725 0.8188505 0.7372062 0.8219627 0.7216179 0.7949862 0.6477186 0.809683 0.6294375 0.8248026 0.6445036 0.6320499 0.4705293 0.6355915 0.448976 0.7149375 0.4732572 0.658732 0.7385364 0.6623725 0.7374101 0.668506 0.7523003 0.8248026 0.6445036 0.8366749 0.6622318 0.8160927 0.6734679 0.7616424 0.5241178 0.7543419 0.5259416 0.7538471 0.5225405 0.7159749 0.6320536 0.7170969 0.6356804 0.702271 0.6417635 0.8160927 0.6734679 0.8366749 0.6622318 0.8448434 0.6819226 0.7189937 0.5999096 0.6995911 0.5921347 0.7328964 0.5224586 0.7177857 0.7918991 0.70262 0.7860211 0.7139403 0.764138 0.8448434 0.6819226 0.8490027 0.7028031 0.8257206 0.7052958 0.8648034 0.4865362 0.7854434 0.4909741 0.7849522 0.4837388 0.806842 0.7673906 0.803926 0.7650296 0.8127558 0.7518635 0.8257206 0.7052958 0.8490027 0.7028031 0.8490027 0.7240619 0.8224753 0.688919 0.8188658 0.6900427 0.8127677 0.6752735 0.8441213 0.4273229 0.7799263 0.470323 0.7756121 0.4645875 0.7405467 0.5217123 0.7343387 0.5194193 0.7379852 0.5117993 0.7229249 0.4617369 0.7252953 0.4641987 0.7211182 0.4690734 0.7844815 0.4982203 0.7811886 0.4974671 0.7820746 0.4908961 0.7681049 0.5209884 0.7616424 0.5241178 0.7604233 0.5209447 0.7184028 0.4671697 0.7211182 0.4690734 0.7179449 0.4746657 0.7854434 0.4909741 0.7820746 0.4908961 0.781649 0.4843169 0.7681049 0.5209884 0.7663472 0.518122 0.7716383 0.5142282 0.7124547 0.4802057 0.7149375 0.4732572 0.7179449 0.4746657 0.7849522 0.4837388 0.781649 0.4843169 0.7799612 0.4779745 0.7124547 0.4802057 0.7157552 0.48096 0.7148727 0.4875503 0.7830808 0.4767773 0.7799612 0.4779745 0.7770952 0.4720884 0.7119997 0.4947292 0.7114955 0.4874758 0.7148727 0.4875503 0.7756121 0.4645875 0.7799263 0.470323 0.7770952 0.4720884 0.7119997 0.4947292 0.7153086 0.4941446 0.7170107 0.5004956 0.7756121 0.4645875 0.7731634 0.4668567 0.768305 0.4624558 0.7170609 0.5081564 0.7138886 0.5017005 0.7170107 0.5004956 0.7702884 0.4597594 0.768305 0.4624558 0.7626824 0.4590392 0.7213909 0.5138895 0.7170609 0.5081564 0.7198919 0.5063835 0.7573301 0.4534594 0.7641295 0.4560032 0.7626824 0.4590392 0.7213909 0.5138895 0.7238375 0.5116139 0.7287075 0.5160101 0.7501036 0.4522484 0.7573301 0.4534594 0.7564797 0.456737 0.7328964 0.5224586 0.7267276 0.5187115 0.7287075 0.5160101 0.7501036 0.4522484 0.749901 0.4556577 0.7431752 0.4558886 0.7397017 0.524991 0.7328964 0.5224586 0.7343387 0.5194193 0.7426864 0.452481 0.7431752 0.4558886 0.7365815 0.4574783 0.7785398 0.5112571 0.7739989 0.516696 0.7716383 0.5142282 0.7397017 0.524991 0.7405467 0.5217123 0.7471263 0.5227814 0.7288484 0.4574088 0.7353677 0.454284 0.7365815 0.4574783 0.7820141 0.5051493 0.7785398 0.5112571 0.7758225 0.509349 0.7543419 0.5259416 0.7469295 0.526189 0.7471263 0.5227814 0.7288484 0.4574088 0.7306106 0.460289 0.7252953 0.4641987 0.7820141 0.5051493 0.7790037 0.5037468 0.7811886 0.4974671 0.9545537 0.8226326 0.9678769 0.826998 0.9576359 0.8508277 0.7431752 0.4558886 0.7443637 0.4643183 0.7395079 0.4654574 0.7758225 0.509349 0.7716383 0.5142282 0.7658022 0.508013 0.7405467 0.5217123 0.7426866 0.5135086 0.7476418 0.5142981 0.7365815 0.4574783 0.7395079 0.4654574 0.7350481 0.4675192 0.7790037 0.5037468 0.7758225 0.509349 0.7689976 0.5043979 0.7538471 0.5225405 0.7471263 0.5227814 0.7476418 0.5142981 0.7306106 0.460289 0.7350481 0.4675192 0.7311378 0.4704081 0.7790037 0.5037468 0.7714418 0.5001977 0.7730451 0.4955343 0.7604233 0.5209447 0.7538471 0.5225405 0.7526558 0.5141273 0.7252953 0.4641987 0.7311378 0.4704081 0.7279392 0.4740104 0.7811886 0.4974671 0.7730451 0.4955343 0.7737063 0.490631 0.7663472 0.518122 0.7604233 0.5209447 0.7575073 0.5129933 0.7179449 0.4746657 0.7211182 0.4690734 0.7279392 0.4740104 0.781649 0.4843169 0.7820746 0.4908961 0.7737063 0.490631 0.7663472 0.518122 0.7619577 0.510937 0.7658022 0.508013 0.7157552 0.48096 0.7179449 0.4746657 0.7254979 0.4782138 0.781649 0.4843169 0.773396 0.4856954 0.772132 0.4809193 0.7157552 0.48096 0.7239056 0.4828922 0.7232543 0.4878112 0.7799612 0.4779745 0.772132 0.4809193 0.7699679 0.4764779 0.7153086 0.4941446 0.7148727 0.4875503 0.7232543 0.4878112 0.7770952 0.4720884 0.7699679 0.4764779 0.7669865 0.47253 0.7153086 0.4941446 0.723571 0.492756 0.724844 0.4975363 0.7731634 0.4668567 0.7669865 0.47253 0.763296 0.4692151 0.7198919 0.5063835 0.7170107 0.5004956 0.724844 0.4975363 0.768305 0.4624558 0.763296 0.4692151 0.7590267 0.4666528 0.7238375 0.5116139 0.7198919 0.5063835 0.7270228 0.5019755 0.7564797 0.456737 0.7626824 0.4590392 0.7590267 0.4666528 0.7238375 0.5116139 0.7300121 0.5059262 0.7337098 0.5092401 0.7564797 0.456737 0.75433 0.4649397 0.7493777 0.4641474 0.7343387 0.5194193 0.7287075 0.5160101 0.7337098 0.5092401 0.749901 0.4556577 0.7493777 0.4641474 0.7443637 0.4643183 0.9308596 0.8486998 0.9316396 0.8536678 0.9232205 0.855874 0.9984506 0.8651629 1 0.8770275 0.9725184 0.8792219 0.8804336 0.9300276 0.8990238 0.9149609 0.903285 0.9189543 0.9409776 0.82091 0.9545537 0.8226326 0.9481692 0.8488991 0.9947546 0.8523754 0.9984506 0.8651629 0.9712085 0.869277 0.8901739 0.938946 0.903285 0.9189543 0.911615 0.9201977 0.9275442 0.8214413 0.9409776 0.82091 0.9395947 0.848092 0.987998 0.8413019 0.9947546 0.8523754 0.9716293 0.8614636 0.9008781 0.9447371 0.911615 0.9201977 0.9211649 0.9225066 0.9157738 0.8234773 0.9275442 0.8214413 0.9308596 0.8486998 0.9142712 0.9494242 0.9211649 0.9225066 0.9300532 0.9236304 0.9031147 0.8277058 0.9157738 0.8234773 0.9211672 0.850556 0.9280933 0.9515753 0.9300532 0.9236304 0.9391493 0.9232628 0.9031147 0.8277058 0.9132876 0.8503922 0.907706 0.853057 0.9419526 0.951439 0.9391493 0.9232628 0.9492204 0.9216178 0.8922196 0.8348753 0.907706 0.853057 0.9035964 0.8576363 0.9542055 0.949642 0.9492204 0.9216178 0.957239 0.9219545 0.8838015 0.8445201 0.9035964 0.8576363 0.90213 0.8661458 0.9674294 0.9455137 0.957239 0.9219545 0.9629273 0.9193891 0.8781598 0.8547129 0.90213 0.8661458 0.8991323 0.8754177 0.9876046 0.928089 0.9788461 0.9381744 0.9629273 0.9193891 0.8731887 0.8673055 0.8991323 0.8754177 0.8972957 0.8838347 0.9932838 0.9172841 0.9876046 0.928089 0.9671818 0.9148169 0.8703477 0.8803133 0.8972957 0.8838347 0.8968327 0.8924145 0.9978544 0.9039949 0.9932838 0.9172841 0.968658 0.9062278 0.8695358 0.8935449 0.8968327 0.8924145 0.8974993 0.9020411 0.9784814 0.8327004 0.987998 0.8413019 0.9695304 0.8563819 1 0.8904785 0.9978544 0.9039949 0.9712228 0.8967664 0.8704602 0.9054564 0.8974993 0.9020411 0.8968017 0.9095656 0.9678769 0.826998 0.9784814 0.8327004 0.9658308 0.8526859 1 0.8770275 1 0.8904785 0.9725866 0.8880859 0.8737177 0.9185262 0.8968017 0.9095656 0.8990238 0.9149609 0.9553323 0.8556212 0.959623 0.8599084 0.9615041 0.8625522 0.9615041 0.8625522 0.9626898 0.8649145 0.9553323 0.8556212 0.9626898 0.8649145 0.9658192 0.8712638 0.9553323 0.8556212 0.9658192 0.8712638 0.9674721 0.8797122 0.9638449 0.9038311 0.9674721 0.8797122 0.9677414 0.887755 0.9638449 0.9038311 0.9677414 0.887755 0.9665977 0.895628 0.9638449 0.9038311 0.9638449 0.9038311 0.9592671 0.9077026 0.9559179 0.9096569 0.9559179 0.9096569 0.9531061 0.9122681 0.947276 0.9160965 0.947276 0.9160965 0.9384908 0.9181059 0.9137023 0.9153133 0.9384908 0.9181059 0.9302268 0.9186773 0.9137023 0.9153133 0.9302268 0.9186773 0.9221523 0.917805 0.9137023 0.9153133 0.9137023 0.9153133 0.9094517 0.9115229 0.9074921 0.9090588 0.9074921 0.9090588 0.9060075 0.9064186 0.9137023 0.9153133 0.9060075 0.9064186 0.902788 0.9004161 0.9137023 0.9153133 0.902788 0.9004161 0.9017399 0.8922491 0.9069493 0.8688092 0.9017399 0.8922491 0.9020025 0.8844552 0.9069493 0.8688092 0.9020025 0.8844552 0.9036458 0.8768153 0.9069493 0.8688092 0.9069493 0.8688092 0.9116143 0.8646161 0.9149441 0.8625313 0.9149441 0.8625313 0.9176492 0.8598281 0.9232205 0.855874 0.9232205 0.855874 0.9316396 0.8536678 0.9553323 0.8556212 0.9316396 0.8536678 0.9395622 0.8528817 0.9553323 0.8556212 0.9395622 0.8528817 0.9473177 0.853497 0.9553323 0.8556212 0.9638449 0.9038311 0.9559179 0.9096569 0.9137023 0.9153133 0.9559179 0.9096569 0.947276 0.9160965 0.9137023 0.9153133 0.9069493 0.8688092 0.9149441 0.8625313 0.9553323 0.8556212 0.9149441 0.8625313 0.9232205 0.855874 0.9553323 0.8556212 0.9553323 0.8556212 0.9658192 0.8712638 0.9638449 0.9038311 0.9137023 0.9153133 0.902788 0.9004161 0.9553323 0.8556212 0.902788 0.9004161 0.9069493 0.8688092 0.9553323 0.8556212 0.9211649 0.9225066 0.9221523 0.917805 0.9302268 0.9186773 0.9626898 0.8649145 0.9651706 0.8629171 0.9658673 0.8642231 0.9391493 0.9232628 0.9300532 0.9236304 0.9302268 0.9186773 0.9629273 0.9193891 0.9596266 0.914965 0.9622515 0.9125806 0.9391493 0.9232628 0.9384908 0.9181059 0.947276 0.9160965 0.959623 0.8599084 0.9622318 0.8586635 0.9641633 0.8611859 0.9094517 0.9115229 0.9063953 0.9132803 0.9046217 0.9110401 0.957239 0.9219545 0.9564976 0.9165834 0.9596266 0.914965 0.90213 0.8661458 0.9074113 0.8617187 0.9080212 0.8623074 0.8991323 0.8754177 0.90213 0.8661458 0.9069493 0.8688092 0.9074921 0.9090588 0.9046217 0.9110401 0.9032752 0.9086482 0.8972957 0.8838347 0.8991323 0.8754177 0.9036458 0.8768153 0.9035964 0.8576363 0.9084919 0.8598446 0.9074113 0.8617187 0.8972957 0.8838347 0.9020025 0.8844552 0.9017399 0.8922491 0.9712228 0.8967664 0.968658 0.9062278 0.9638449 0.9038311 0.8974993 0.9020411 0.8968327 0.8924145 0.9017399 0.8922491 0.9576359 0.8508277 0.9624133 0.8557078 0.9614434 0.8568 0.9712228 0.8967664 0.9665977 0.895628 0.9677414 0.887755 0.9492204 0.9216178 0.9541874 0.9167813 0.9564976 0.9165834 0.9060075 0.9064186 0.9032752 0.9086482 0.9026006 0.9069889 0.9725866 0.8880859 0.9677414 0.887755 0.9674721 0.8797122 0.907706 0.853057 0.9110216 0.8573674 0.9084919 0.8598446 0.9576359 0.8508277 0.9553323 0.8556212 0.9473177 0.853497 0.9725184 0.8792219 0.9674721 0.8797122 0.9658192 0.8712638 0.9132876 0.8503922 0.9141416 0.8556126 0.9110216 0.8573674 0.9481692 0.8488991 0.9473177 0.853497 0.9395622 0.8528817 0.947276 0.9160965 0.9540888 0.9159445 0.9541874 0.9167813 0.9211672 0.850556 0.916454 0.855368 0.9141416 0.8556126 0.9308596 0.8486998 0.9395947 0.848092 0.9395622 0.8528817 0.9638449 0.9038311 0.9627627 0.9101638 0.9610902 0.9113059 0.9211649 0.9225066 0.911615 0.9201977 0.9137023 0.9153133 0.9137023 0.9153133 0.9074753 0.9146965 0.9063953 0.9132803 0.9553323 0.8556212 0.9614434 0.8568 0.9622318 0.8586635 0.9671818 0.9148169 0.9622515 0.9125806 0.963499 0.9106844 0.9615041 0.8625522 0.9641633 0.8611859 0.9651706 0.8629171 0.9658192 0.8712638 0.9658673 0.8642231 0.9665151 0.8640117 0.9695304 0.8563819 0.9653541 0.8589558 0.9637646 0.8568288 0.9176492 0.8598281 0.914856 0.8571825 0.9165727 0.8562065 0.9232205 0.855874 0.9165727 0.8562065 0.916454 0.855368 0.8974993 0.9020411 0.9018994 0.9071418 0.9018394 0.9091045 0.968658 0.9062278 0.963499 0.9106844 0.9627627 0.9101638 0.9658308 0.8526859 0.9637646 0.8568288 0.9624133 0.8557078 0.9149441 0.8625313 0.9122636 0.8589727 0.914856 0.8571825 0.8968017 0.9095656 0.9018394 0.9091045 0.903143 0.912001 0.9116143 0.8646161 0.9097198 0.8610447 0.9122636 0.8589727 0.8990238 0.9149609 0.903143 0.912001 0.9052895 0.9143376 0.9531061 0.9122681 0.9558165 0.9150215 0.9540888 0.9159445 0.9712085 0.869277 0.9665151 0.8640117 0.9664794 0.8617282 0.9069493 0.8688092 0.9080212 0.8623074 0.9097198 0.8610447 0.911615 0.9201977 0.907035 0.9153884 0.9074753 0.9146965 0.903285 0.9189543 0.9052895 0.9143376 0.907035 0.9153884 0.9559179 0.9096569 0.9584879 0.9132956 0.9558165 0.9150215 0.902788 0.9004161 0.9026006 0.9069889 0.9018994 0.9071418 0.9716293 0.8614636 0.9664794 0.8617282 0.9653541 0.8589558 0.9592671 0.9077026 0.9610902 0.9113059 0.9584879 0.9132956 0.9952677 0.4575079 0.9909135 0.4700518 0.9884862 0.4689002 0.9909135 0.4700518 0.9841139 0.4814117 0.9819801 0.4797909 0.9841139 0.4814117 0.9751403 0.491108 0.9733743 0.4890988 0.9733743 0.4890988 0.9751403 0.491108 0.964492 0.4988747 0.964492 0.4988747 0.9524769 0.5042841 0.9516556 0.5017428 0.9524769 0.5042841 0.9395941 0.5071114 0.9393096 0.5044524 0.9393096 0.5044524 0.9395941 0.5071114 0.9263935 0.5072695 0.9265889 0.5045932 0.9263935 0.5072695 0.913303 0.5053479 0.9139767 0.5027564 0.913303 0.5053479 0.9009056 0.5008181 0.9009056 0.5008181 0.889722 0.4938488 0.8913744 0.4917529 0.889722 0.4938488 0.8802177 0.4847354 0.8822558 0.4830082 0.8822558 0.4830082 0.8802177 0.4847354 0.8726248 0.4739462 0.8749682 0.4726583 0.8726248 0.4739462 0.8674128 0.4618124 0.8699741 0.4610338 0.8674128 0.4618124 0.8648034 0.448849 0.8674737 0.4486085 0.8648034 0.448849 0.8648509 0.435618 0.8675402 0.4358087 0.8648509 0.435618 0.866539 0.4224513 0.866539 0.4224513 0.8708932 0.4099006 0.8733223 0.4110527 0.8733223 0.4110527 0.8708932 0.4099006 0.8776975 0.3985287 0.8776975 0.3985287 0.8866807 0.3888188 0.8884496 0.3908311 0.8884496 0.3908311 0.8866807 0.3888188 0.8973489 0.3810349 0.8973489 0.3810349 0.9093852 0.375616 0.9102097 0.3781597 0.9093852 0.375616 0.9222728 0.3727703 0.9225584 0.3754252 0.9222728 0.3727703 0.9354263 0.3726285 0.9352376 0.3752935 0.9352376 0.3752935 0.9354263 0.3726285 0.9484462 0.374481 0.9484462 0.374481 0.9608169 0.3789654 0.9596374 0.3813572 0.9608169 0.3789654 0.9720116 0.3859009 0.9703646 0.388002 0.9720116 0.3859009 0.9815623 0.3949953 0.9795193 0.3967204 0.9815623 0.3949953 0.9890891 0.405847 0.9867342 0.4071209 0.9890891 0.405847 0.9942325 0.4180288 0.9916601 0.4188114 0.9916601 0.4188114 0.9942325 0.4180288 0.996961 0.4310594 0.9182908 0.001608967 0.9197802 0.007452666 0.9094457 0.01125967 0.996961 0.4310594 0.996961 0.4443363 0.9942665 0.4441505 0.9942665 0.4441505 0.996961 0.4443363 0.9952677 0.4575079 0.9942665 0.4441505 0.9926532 0.4568742 0.9884862 0.4689002 0.9884862 0.4689002 0.9819801 0.4797909 0.9733743 0.4890988 0.9733743 0.4890988 0.9631657 0.4965576 0.9516556 0.5017428 0.9516556 0.5017428 0.9393096 0.5044524 0.9733743 0.4890988 0.9393096 0.5044524 0.9265889 0.5045932 0.9733743 0.4890988 0.9265889 0.5045932 0.9139767 0.5027564 0.8822558 0.4830082 0.9139767 0.5027564 0.9020925 0.4984243 0.8822558 0.4830082 0.9020925 0.4984243 0.8913744 0.4917529 0.8822558 0.4830082 0.8822558 0.4830082 0.8749682 0.4726583 0.8699741 0.4610338 0.8699741 0.4610338 0.8674737 0.4486085 0.8822558 0.4830082 0.8674737 0.4486085 0.8675402 0.4358087 0.8822558 0.4830082 0.8675402 0.4358087 0.8691536 0.4230847 0.8733223 0.4110527 0.8733223 0.4110527 0.8798339 0.4001511 0.8884496 0.3908311 0.8884496 0.3908311 0.8986779 0.3833563 0.9102097 0.3781597 0.9102097 0.3781597 0.9225584 0.3754252 0.9352376 0.3752935 0.9352376 0.3752935 0.9477831 0.3770622 0.9596374 0.3813572 0.9596374 0.3813572 0.9703646 0.388002 0.9352376 0.3752935 0.9703646 0.388002 0.9795193 0.3967204 0.9352376 0.3752935 0.9795193 0.3967204 0.9867342 0.4071209 0.9916601 0.4188114 0.9916601 0.4188114 0.9942787 0.4313177 0.9942665 0.4441505 0.9942665 0.4441505 0.9884862 0.4689002 0.9733743 0.4890988 0.8675402 0.4358087 0.8733223 0.4110527 0.8884496 0.3908311 0.8884496 0.3908311 0.9102097 0.3781597 0.9352376 0.3752935 0.9795193 0.3967204 0.9916601 0.4188114 0.9352376 0.3752935 0.9916601 0.4188114 0.9942665 0.4441505 0.9352376 0.3752935 0.9942665 0.4441505 0.9733743 0.4890988 0.9265889 0.5045932 0.9265889 0.5045932 0.8822558 0.4830082 0.8675402 0.4358087 0.8675402 0.4358087 0.8884496 0.3908311 0.9352376 0.3752935 0.9942665 0.4441505 0.9265889 0.5045932 0.8675402 0.4358087 0.9593999 0.114809 0.9359958 0.07044029 0.936818 0.069485 0.8954855 0.1136381 0.8861315 0.1050446 0.8910154 0.1007654 0.9825792 0.1052544 0.9776322 0.1009 0.9844413 0.09131574 0.9518112 0.002218067 0.9627921 0.006135821 0.9601253 0.01156228 0.8705984 0.05638343 0.8772194 0.05707275 0.8772217 0.06886363 0.873321 0.04349541 0.879662 0.04553753 0.8772194 0.05707275 0.939046 0.1260818 0.9386586 0.1202903 0.949061 0.1186187 0.9902833 0.03158169 0.9955506 0.04361766 0.989211 0.04563492 0.9067423 0.005581915 0.9094457 0.01125967 0.8997271 0.0172227 0.8954855 0.1136381 0.899327 0.1086356 0.9086765 0.1145091 0.9955204 0.08255386 0.9902145 0.09459769 0.9844413 0.09131574 0.9408708 2.95594e-4 0.9518112 0.002218067 0.9502717 0.007828354 0.870599 0.06955027 0.8772217 0.06886363 0.8796284 0.08041971 0.9621058 0.1204887 0.9505527 0.1244672 0.949061 0.1186187 0.9902833 0.03158169 0.984528 0.03482693 0.9778221 0.02527272 0.8862718 0.02080494 0.8958316 0.01204633 0.8997271 0.0172227 0.9060121 0.1199423 0.9086765 0.1145091 0.9185371 0.1182619 0.9982419 0.06967079 0.9955204 0.08255386 0.9891838 0.08051532 0.9297855 0 0.9408708 2.95594e-4 0.9402965 0.00595802 0.8732953 0.08243906 0.8796284 0.08041971 0.8843128 0.09122103 0.9621058 0.1204887 0.9593999 0.114809 0.96912 0.108842 0.9733114 0.01238751 0.9827176 0.02099186 0.9778221 0.02527272 0.8786356 0.03145188 0.8862718 0.02080494 0.8912147 0.02515971 0.9169783 0.1238605 0.9185371 0.1182619 0.9285173 0.1200979 0.9982419 0.06967079 0.9916234 0.0689817 0.9916226 0.05719232 0.9182908 0.001608967 0.9297855 0 0.9301734 0.005779743 0.8861315 0.1050446 0.8785632 0.09446638 0.8843128 0.09122103 0.9730185 0.1140191 0.96912 0.108842 0.9776322 0.1009 0.9627921 0.006135821 0.9733114 0.01238751 0.9695076 0.01742273 0.873321 0.04349541 0.8786356 0.03145188 0.8844016 0.03473734 0.9279297 0.1257866 0.9285173 0.1200979 0.9386586 0.1202903 0.9955506 0.04361766 0.9982419 0.05650812 0.9916226 0.05719232 0.9386777 0.06522214 0.9355106 0.06456381 0.9357028 0.06316423 0.9301734 0.005779743 0.9345107 0.05454754 0.9336712 0.05493706 0.96912 0.108842 0.936818 0.069485 0.937573 0.06827312 0.9197802 0.007452666 0.9336712 0.05493706 0.9328392 0.05561846 0.9776322 0.1009 0.937573 0.06827312 0.938207 0.06683534 0.8772217 0.06886363 0.8772194 0.05707275 0.9298817 0.06255203 0.9094457 0.01125967 0.9328392 0.05561846 0.9320169 0.05657368 0.9844413 0.09131574 0.938207 0.06683534 0.9386777 0.06522214 0.8796284 0.08041971 0.8772217 0.06886363 0.9297949 0.0642879 0.8997271 0.0172227 0.9320169 0.05657368 0.9312621 0.05778539 0.9891838 0.08051532 0.9386777 0.06522214 0.9389534 0.06350612 0.8843128 0.09122103 0.8796284 0.08041971 0.9299197 0.06596481 0.8912147 0.02515971 0.9312621 0.05778539 0.9306282 0.05922299 0.9916226 0.05719232 0.9916234 0.0689817 0.9389534 0.06350612 0.8910154 0.1007654 0.8843128 0.09122103 0.9302406 0.06750947 0.8844016 0.03473734 0.9306282 0.05922299 0.9301575 0.06083613 0.989211 0.04563492 0.9916226 0.05719232 0.9390403 0.0617702 0.899327 0.1086356 0.8910154 0.1007654 0.9307284 0.06885766 0.879662 0.04553753 0.9301575 0.06083613 0.9298817 0.06255203 0.984528 0.03482693 0.989211 0.04563492 0.9389154 0.06009316 0.9086765 0.1145091 0.899327 0.1086356 0.9313381 0.06996566 0.9778221 0.02527272 0.984528 0.03482693 0.9385942 0.05854833 0.9185371 0.1182619 0.9086765 0.1145091 0.9320155 0.07080388 0.9695076 0.01742273 0.9778221 0.02527272 0.9381059 0.05720013 0.9285173 0.1200979 0.9185371 0.1182619 0.9327614 0.07135486 0.9601253 0.01156228 0.9695076 0.01742273 0.9374963 0.05609232 0.9285173 0.1200979 0.9335291 0.07158714 0.9343238 0.07151138 0.9502717 0.007828354 0.9601253 0.01156228 0.9368187 0.05525445 0.9386586 0.1202903 0.9343238 0.07151138 0.9351637 0.07112181 0.9402965 0.00595802 0.9502717 0.007828354 0.936073 0.05470371 0.949061 0.1186187 0.9351637 0.07112181 0.9359958 0.07044029 0.9402965 0.00595802 0.9353054 0.05447167 0.9345107 0.05454754 0.9330233 0.06560933 0.933035 0.06429928 0.9355106 0.06456381 0.933035 0.06429928 0.9331322 0.06289398 0.9357028 0.06316423 0.9331322 0.06289398 0.9333243 0.06149446 0.9358 0.06175893 0.9333243 0.06149446 0.9335801 0.0601992 0.9358116 0.06044882 0.9335801 0.0601992 0.9338859 0.05911469 0.9358116 0.06044882 0.9338859 0.05911469 0.9342077 0.05828237 0.9357497 0.05930995 0.9358116 0.06044882 0.9338859 0.05911469 0.9357497 0.05930995 0.9342077 0.05828237 0.9345117 0.05771815 0.9356194 0.05841886 0.9345117 0.05771815 0.9347626 0.05738961 0.9354509 0.05779552 0.9356194 0.05841886 0.9345117 0.05771815 0.9354509 0.05779552 0.9347626 0.05738961 0.934943 0.05723172 0.9352849 0.05741918 0.934943 0.05723172 0.9350525 0.05718034 0.9351526 0.05723279 0.9352849 0.05741918 0.934943 0.05723172 0.9351526 0.05723279 0.9352849 0.05741918 0.9354509 0.05779552 0.9347626 0.05738961 0.9356194 0.05841886 0.9357497 0.05930995 0.9342077 0.05828237 0.9358116 0.06044882 0.9358 0.06175893 0.9333243 0.06149446 0.9358 0.06175893 0.9357028 0.06316423 0.9331322 0.06289398 0.9357028 0.06316423 0.9355106 0.06456381 0.933035 0.06429928 0.9355106 0.06456381 0.9352549 0.06585907 0.9330233 0.06560933 0.9352549 0.06585907 0.9349491 0.06694358 0.9330233 0.06560933 0.9349491 0.06694358 0.9346272 0.06777602 0.9330853 0.0667482 0.9330233 0.06560933 0.9349491 0.06694358 0.9330853 0.0667482 0.9346272 0.06777602 0.9343231 0.06834018 0.9332154 0.06763935 0.9343231 0.06834018 0.9340722 0.06866872 0.9333838 0.06826275 0.9332154 0.06763935 0.9343231 0.06834018 0.9333838 0.06826275 0.9340722 0.06866872 0.9338918 0.06882661 0.9335499 0.06863909 0.9338918 0.06882661 0.9337822 0.06887799 0.9336822 0.06882554 0.9335499 0.06863909 0.9338918 0.06882661 0.9336822 0.06882554 0.9335499 0.06863909 0.9333838 0.06826275 0.9340722 0.06866872 0.9302406 0.06750947 0.9299197 0.06596481 0.9330233 0.06560933 0.9312621 0.05778539 0.9338859 0.05911469 0.9335801 0.0601992 0.9390403 0.0617702 0.9389534 0.06350612 0.9357028 0.06316423 0.9307284 0.06885766 0.9302406 0.06750947 0.9330853 0.0667482 0.9306282 0.05922299 0.9335801 0.0601992 0.9333243 0.06149446 0.9389154 0.06009316 0.9390403 0.0617702 0.9358 0.06175893 0.9313381 0.06996566 0.9307284 0.06885766 0.9332154 0.06763935 0.9301575 0.06083613 0.9333243 0.06149446 0.9331322 0.06289398 0.9385942 0.05854833 0.9389154 0.06009316 0.9358116 0.06044882 0.9320155 0.07080388 0.9313381 0.06996566 0.9333838 0.06826275 0.9381059 0.05720013 0.9385942 0.05854833 0.9357497 0.05930995 0.9327614 0.07135486 0.9320155 0.07080388 0.9335499 0.06863909 0.9374963 0.05609232 0.9381059 0.05720013 0.9356194 0.05841886 0.9335291 0.07158714 0.9327614 0.07135486 0.9336822 0.06882554 0.9368187 0.05525445 0.9374963 0.05609232 0.9354509 0.05779552 0.9335291 0.07158714 0.9337822 0.06887799 0.9338918 0.06882661 0.936073 0.05470371 0.9368187 0.05525445 0.9352849 0.05741918 0.9343238 0.07151138 0.9338918 0.06882661 0.9340722 0.06866872 0.9353054 0.05447167 0.936073 0.05470371 0.9351526 0.05723279 0.9351637 0.07112181 0.9340722 0.06866872 0.9343231 0.06834018 0.9353054 0.05447167 0.9350525 0.05718034 0.934943 0.05723172 0.9359958 0.07044029 0.9343231 0.06834018 0.9346272 0.06777602 0.9345107 0.05454754 0.934943 0.05723172 0.9347626 0.05738961 0.936818 0.069485 0.9346272 0.06777602 0.9349491 0.06694358 0.9336712 0.05493706 0.9347626 0.05738961 0.9345117 0.05771815 0.937573 0.06827312 0.9349491 0.06694358 0.9352549 0.06585907 0.9297949 0.0642879 0.9298817 0.06255203 0.9331322 0.06289398 0.9328392 0.05561846 0.9345117 0.05771815 0.9342077 0.05828237 0.938207 0.06683534 0.9352549 0.06585907 0.9355106 0.06456381 0.9299197 0.06596481 0.9297949 0.0642879 0.933035 0.06429928 0.9320169 0.05657368 0.9342077 0.05828237 0.9338859 0.05911469 0.7241311 0.6591678 0.7261253 0.6660925 0.7169712 0.6697903 0.6686295 0.6751487 0.6900922 0.6866962 0.68581 0.6970326 0.8219678 0.7056957 0.8219627 0.7216179 0.797813 0.7192624 0.7793107 0.6417834 0.7678412 0.6632785 0.7574877 0.6590446 0.8219678 0.7056957 0.7977451 0.7081155 0.795552 0.6971253 0.7649931 0.7911239 0.7495071 0.794422 0.7468435 0.7701293 0.6592775 0.7216443 0.6836974 0.7192599 0.6858672 0.7303071 0.7328223 0.6325814 0.7352133 0.6570122 0.7241311 0.6591678 0.803926 0.7650296 0.7927187 0.776209 0.7774168 0.7575198 0.6889879 0.7771421 0.6774787 0.7657282 0.6964363 0.7500629 0.6775602 0.6618766 0.6889197 0.650606 0.7043093 0.6695561 0.8039007 0.6619719 0.7850539 0.6774189 0.7771404 0.6694941 0.8188505 0.7372062 0.7956882 0.7301772 0.797813 0.7192624 0.7336021 0.7948279 0.7177857 0.7918991 0.7244587 0.7682816 0.6624696 0.6899154 0.68581 0.6970326 0.6836593 0.7080314 0.7488349 0.632579 0.7645308 0.635681 0.7574877 0.6590446 0.7649931 0.7911239 0.7578494 0.7679175 0.7681664 0.7636737 0.668506 0.7523003 0.6623725 0.7374101 0.6858672 0.7303071 0.702271 0.6417635 0.7170969 0.6356804 0.7241311 0.6591678 0.8127677 0.6752735 0.8188658 0.6900427 0.795552 0.6971253 0.8127558 0.7518635 0.803926 0.7650296 0.7852628 0.7496736 0.70262 0.7860211 0.6889879 0.7771421 0.7044692 0.7579791 0.6775602 0.6618766 0.696342 0.6774199 0.6900922 0.6866962 0.7926049 0.6506613 0.7771404 0.6694941 0.7678412 0.6632785 0.7336021 0.7948279 0.7355788 0.7702904 0.7468435 0.7701293 0.6592775 0.7216443 0.659313 0.7056126 0.6836593 0.7080314 0.7488349 0.632579 0.7464702 0.6569448 0.7352133 0.6570122 0.7927187 0.776209 0.7795727 0.7850022 0.7681664 0.7636737 0.6774787 0.7657282 0.668506 0.7523003 0.6901581 0.740714 0.702271 0.6417635 0.7136942 0.6634011 0.7043093 0.6695561 0.8127677 0.6752735 0.7912737 0.6867517 0.7850539 0.6774189 0.8127558 0.7518635 0.7914454 0.740444 0.7956882 0.7301772 0.6963433 0.6901145 0.7017955 0.6820153 0.7062057 0.6856217 0.7355788 0.7702904 0.736231 0.763105 0.7461467 0.7629328 0.7136942 0.6634011 0.7169712 0.6697903 0.7087539 0.6751511 0.7468435 0.7701293 0.7461467 0.7629328 0.755846 0.7610531 0.7043093 0.6695561 0.7087539 0.6751511 0.7017955 0.6820153 0.7578494 0.7679175 0.755846 0.7610531 0.7648924 0.7573799 0.696342 0.6774199 0.7017955 0.6820153 0.6963433 0.6901145 0.7977451 0.7081155 0.797813 0.7192624 0.790756 0.7185629 0.7774168 0.7575198 0.7681664 0.7636737 0.7648924 0.7573799 0.6900922 0.6866962 0.6963433 0.6901145 0.6926245 0.6991415 0.795552 0.6971253 0.7977451 0.7081155 0.7906343 0.7088168 0.7852628 0.7496736 0.7774168 0.7575198 0.7729768 0.7520132 0.68581 0.6970326 0.6926245 0.6991415 0.690785 0.7087601 0.7912737 0.6867517 0.795552 0.6971253 0.7886937 0.6991553 0.7914454 0.740444 0.7852628 0.7496736 0.7798152 0.7451403 0.6836593 0.7080314 0.690785 0.7087601 0.6908767 0.7186009 0.7850539 0.6774189 0.7912737 0.6867517 0.7849401 0.6900547 0.7956882 0.7301772 0.7914454 0.740444 0.7852277 0.7370632 0.6836974 0.7192599 0.6908767 0.7186009 0.6927612 0.7282885 0.7771404 0.6694941 0.7850539 0.6774189 0.7794837 0.6818917 0.797813 0.7192624 0.7956882 0.7301772 0.7889267 0.7280941 0.6858672 0.7303071 0.6927612 0.7282885 0.6965063 0.7373787 0.7771404 0.6694941 0.7725446 0.6749579 0.7644406 0.6695326 0.6901581 0.740714 0.6965063 0.7373787 0.701994 0.7455242 0.7678412 0.6632785 0.7644406 0.6695326 0.7554082 0.665869 0.6964363 0.7500629 0.701994 0.7455242 0.7090156 0.7524108 0.7574877 0.6590446 0.7554082 0.665869 0.74577 0.6640927 0.7044692 0.7579791 0.7090156 0.7524108 0.7172855 0.7577647 0.7464702 0.6569448 0.74577 0.6640927 0.7358804 0.6642273 0.7139403 0.764138 0.7172855 0.7577647 0.7264789 0.7613576 0.7352133 0.6570122 0.7358804 0.6642273 0.7261253 0.6660925 0.7244587 0.7682816 0.7264789 0.7613576 0.736231 0.763105 0.7849377 0.7095044 0.785113 0.7181115 0.7835056 0.7265225 0.7835056 0.7265225 0.7802222 0.7344345 0.7849377 0.7095044 0.7802222 0.7344345 0.7753902 0.7415798 0.7849377 0.7095044 0.7753902 0.7415798 0.769366 0.747672 0.7622179 0.752384 0.7622179 0.752384 0.7541952 0.7555639 0.7753902 0.7415798 0.7541952 0.7555639 0.7455147 0.7570971 0.7753902 0.7415798 0.7455147 0.7570971 0.7366446 0.7573425 0.7280008 0.7557841 0.7280008 0.7557841 0.7198651 0.7526346 0.7125697 0.7479064 0.7125697 0.7479064 0.7063648 0.7418311 0.6966606 0.7179781 0.7063648 0.7418311 0.7015289 0.7346417 0.6966606 0.7179781 0.7015289 0.7346417 0.6982485 0.7266026 0.6966606 0.7179781 0.6966606 0.7179781 0.6964902 0.7092243 0.698091 0.7007254 0.698091 0.7007254 0.7013737 0.692763 0.6966606 0.7179781 0.7013737 0.692763 0.7062057 0.6856217 0.6966606 0.7179781 0.7062057 0.6856217 0.7123625 0.6795702 0.7196586 0.6748834 0.7196586 0.6748834 0.7277938 0.6716189 0.7365182 0.67007 0.7365182 0.67007 0.7453441 0.6698254 0.7689009 0.6793714 0.7453441 0.6698254 0.7538568 0.6713433 0.7689009 0.6793714 0.7538568 0.6713433 0.7618077 0.6745553 0.7689009 0.6793714 0.7689009 0.6793714 0.7750871 0.6855396 0.7799089 0.6927646 0.7799089 0.6927646 0.7832229 0.7008695 0.7849377 0.7095044 0.7455147 0.7570971 0.7280008 0.7557841 0.6966606 0.7179781 0.7280008 0.7557841 0.7125697 0.7479064 0.6966606 0.7179781 0.7062057 0.6856217 0.7196586 0.6748834 0.6966606 0.7179781 0.7196586 0.6748834 0.7365182 0.67007 0.6966606 0.7179781 0.7689009 0.6793714 0.7799089 0.6927646 0.7849377 0.7095044 0.7849377 0.7095044 0.7753902 0.7415798 0.7455147 0.7570971 0.7365182 0.67007 0.7689009 0.6793714 0.7849377 0.7095044 0.7849377 0.7095044 0.7455147 0.7570971 0.7365182 0.67007 0.790756 0.7185629 0.785113 0.7181115 0.7849377 0.7095044 0.7648924 0.7573799 0.7622179 0.752384 0.769366 0.747672 0.6926245 0.6991415 0.6963433 0.6901145 0.7013737 0.692763 0.7886937 0.6991553 0.7906343 0.7088168 0.7849377 0.7095044 0.7729768 0.7520132 0.769366 0.747672 0.7753902 0.7415798 0.6926245 0.6991415 0.698091 0.7007254 0.6964902 0.7092243 0.7849401 0.6900547 0.7886937 0.6991553 0.7832229 0.7008695 0.7852277 0.7370632 0.7798152 0.7451403 0.7753902 0.7415798 0.690785 0.7087601 0.6964902 0.7092243 0.6966606 0.7179781 0.7794837 0.6818917 0.7849401 0.6900547 0.7799089 0.6927646 0.7889267 0.7280941 0.7852277 0.7370632 0.7802222 0.7344345 0.6927612 0.7282885 0.6908767 0.7186009 0.6966606 0.7179781 0.7794837 0.6818917 0.7750871 0.6855396 0.7689009 0.6793714 0.790756 0.7185629 0.7889267 0.7280941 0.7835056 0.7265225 0.6927612 0.7282885 0.6982485 0.7266026 0.7015289 0.7346417 0.7644406 0.6695326 0.7725446 0.6749579 0.7689009 0.6793714 0.6965063 0.7373787 0.7015289 0.7346417 0.7063648 0.7418311 0.7554082 0.665869 0.7644406 0.6695326 0.7618077 0.6745553 0.7090156 0.7524108 0.701994 0.7455242 0.7063648 0.7418311 0.7554082 0.665869 0.7538568 0.6713433 0.7453441 0.6698254 0.7172855 0.7577647 0.7090156 0.7524108 0.7125697 0.7479064 0.7358804 0.6642273 0.74577 0.6640927 0.7453441 0.6698254 0.7172855 0.7577647 0.7198651 0.7526346 0.7280008 0.7557841 0.7261253 0.6660925 0.7358804 0.6642273 0.7365182 0.67007 0.7264789 0.7613576 0.7280008 0.7557841 0.7366446 0.7573425 0.7169712 0.6697903 0.7261253 0.6660925 0.7277938 0.6716189 0.7461467 0.7629328 0.736231 0.763105 0.7366446 0.7573425 0.7087539 0.6751511 0.7169712 0.6697903 0.7196586 0.6748834 0.7461467 0.7629328 0.7455147 0.7570971 0.7541952 0.7555639 0.7087539 0.6751511 0.7123625 0.6795702 0.7062057 0.6856217 0.7648924 0.7573799 0.755846 0.7610531 0.7541952 0.7555639 0.393301 0.8549793 0.4146461 0.8548815 0.3933633 0.8554214 0.4146461 0.8548815 0.417211 0.8707203 0.3981116 0.8724504 0.3917047 0.8404765 0.393301 0.8549793 0.393212 0.8549806 0.390038 0.8243694 0.3917047 0.8404765 0.3881392 0.8404261 0.3884272 0.8079937 0.390038 0.8243694 0.3829363 0.8244487 0.3791534 0.8079054 0.3829801 0.7915726 0.3884272 0.8079937 0.3829801 0.7915726 0.3900675 0.7916578 0.3884272 0.8079937 0.3900675 0.7916578 0.3829801 0.7915726 0.3881818 0.775622 0.3917428 0.7755731 0.3881818 0.775622 0.3932532 0.761086 0.3982021 0.743304 0.4172314 0.7453669 0.3981514 0.7436348 0.4172314 0.7453669 0.4146655 0.7611898 0.3981514 0.7436348 0.4146655 0.7611898 0.393342 0.7610872 0.3934044 0.7606456 0.7097021 0.4245698 0.7078045 0.4302226 0.6904876 0.4268612 0.7078045 0.4302226 0.6947205 0.4319409 0.6904876 0.4268612 0.7054719 0.4601097 0.6945711 0.4605952 0.6976242 0.4544919 0.6976242 0.4544919 0.7067346 0.4555042 0.7054719 0.4601097 0.686816 0.4463921 0.6923577 0.4447036 0.6879448 0.4497124 0.6923577 0.4447036 0.6976242 0.4544919 0.6879448 0.4497124 0.7067346 0.4555042 0.7146458 0.4528276 0.7177261 0.4559482 0.7235777 0.43308 0.7173517 0.435822 0.7131481 0.425924 0.7173517 0.435822 0.7078045 0.4302226 0.7131481 0.425924 0.7177671 0.4558513 0.7177261 0.4559482 0.7146786 0.4527958 0.7146786 0.4527958 0.7176989 0.4448567 0.7225174 0.445761 0.6923577 0.4447036 0.686816 0.4463921 0.6903327 0.426927 0.7225174 0.445761 0.7176989 0.4448567 0.7227249 0.4438669 0.7176989 0.4448567 0.7173517 0.435822 0.7227249 0.4438669 0.07263463 0.5894056 0.07258152 0.5897034 0.06134366 0.5800316 0.1554545 0.6472686 0.1480319 0.6542179 0.1138709 0.6251988 0.1480319 0.6542179 0.1134551 0.6254686 0.1138709 0.6251988 0.07263463 0.5894056 0.06134366 0.5800316 0.08914935 0.5856282 0.06134366 0.5800316 0.08567571 0.5545923 0.08914935 0.5856282 0.1554545 0.6472686 0.1138709 0.6251988 0.1152893 0.6058304 0.1554545 0.6472686 0.1152893 0.6058304 0.109906 0.5885136 0.08973109 0.5855259 0.08914935 0.5856282 0.08567571 0.5545923 0.08567571 0.5545923 0.1554545 0.6472686 0.109906 0.5885136 0.09582769 0.6296148 0.1134551 0.6254686 0.142209 0.6625385 0.1134551 0.6254686 0.1480319 0.6542179 0.142209 0.6625385 0.04035937 0.6085914 0.06134366 0.5800316 0.07149511 0.6068422 0.06134366 0.5800316 0.07258152 0.5897034 0.07149511 0.6068422 0.0777685 0.627026 0.09582769 0.6296148 0.142209 0.6625385 0.04035937 0.6085914 0.07149511 0.6068422 0.07145911 0.6074916 0.0777685 0.627026 0.142209 0.6625385 0.04035937 0.6085914 0.7097021 0.4245698 0.6904876 0.4268612 0.6880002 0.3834779 0.6904876 0.4268612 0.6650614 0.402957 0.6880002 0.3834779 0.7225174 0.445761 0.7227249 0.4438669 0.7288484 0.4574088 0.7288484 0.4574088 0.7229249 0.4617369 0.7177671 0.4558513 0.6945711 0.4605952 0.7054719 0.4601097 0.7149375 0.4732572 0.7054719 0.4601097 0.7184028 0.4671697 0.7149375 0.4732572 0.7149375 0.4732572 0.6355915 0.448976 0.6945711 0.4605952 0.6355915 0.448976 0.6468666 0.423174 0.6879448 0.4497124 0.7235777 0.43308 0.7131481 0.425924 0.7151212 0.3749007 0.7131481 0.425924 0.6880002 0.3834779 0.7151212 0.3749007 0.7151212 0.3749007 0.7353677 0.454284 0.7235777 0.43308 0.7353677 0.454284 0.7288484 0.4574088 0.7227249 0.4438669 0.686816 0.4463921 0.6879448 0.4497124 0.6468666 0.423174 0.6468666 0.423174 0.6650614 0.402957 0.6903327 0.426927 0.6650614 0.402957 0.6904876 0.4268612 0.6903327 0.426927 0.7177261 0.4559482 0.7177671 0.4558513 0.7229249 0.4617369 0.7229249 0.4617369 0.7184028 0.4671697 0.7177261 0.4559482 0.7184028 0.4671697 0.7054719 0.4601097 0.7071969 0.4600169 0.3114691 0.7698038 0.3116096 0.7701361 0.2944228 0.7755205 0.2944228 0.7755205 0.2919004 0.7698129 0.3114691 0.7698038 0.2859708 0.7834116 0.2911361 0.7813284 0.306221 0.7892338 0.2697561 0.7880838 0.2804275 0.7810616 0.2834205 0.7981454 0.2804275 0.7810616 0.2859708 0.7834116 0.2834205 0.7981454 0.2669143 0.7740365 0.2697561 0.7880838 0.2659851 0.7899332 0.271427 0.7616157 0.2669143 0.7740365 0.260479 0.7727457 0.2816319 0.7491191 0.2836728 0.7556614 0.271427 0.7616157 0.2641901 0.7553355 0.2647548 0.7549577 0.2816319 0.7491191 0.3007258 0.7530766 0.2990067 0.7571058 0.2836728 0.7556614 0.2920852 0.7817779 0.2919495 0.7817155 0.3052133 0.7881864 0.2919495 0.7817155 0.2944228 0.7755205 0.3052133 0.7881864 0.7872123 0.5536077 0.7889425 0.5485128 0.8061419 0.5513222 0.7889425 0.5485128 0.8025513 0.5469336 0.8061419 0.5513222 0.8024459 0.517862 0.7995624 0.5236089 0.7915412 0.5182954 0.7995624 0.5236089 0.7902516 0.5225722 0.7915412 0.5182954 0.8089282 0.5287913 0.8100685 0.532137 0.8050333 0.5336641 0.8050333 0.5336641 0.7995624 0.5236089 0.8089282 0.5287913 0.7902516 0.5225722 0.7819107 0.525439 0.7791116 0.5224984 0.7837745 0.5522364 0.7733952 0.5451821 0.7792496 0.5426046 0.7792496 0.5426046 0.7889425 0.5485128 0.7837745 0.5522364 0.7791116 0.5224984 0.7818772 0.5254704 0.7790722 0.5225886 0.7818772 0.5254704 0.778932 0.5333683 0.774464 0.5325784 0.8050333 0.5336641 0.8100685 0.532137 0.8062735 0.5512671 0.774268 0.5344723 0.774464 0.5325784 0.778932 0.5333683 0.778932 0.5333683 0.7792496 0.5426046 0.774268 0.5344723 0.264786 0.755037 0.2286756 0.7247335 0.2343485 0.7163903 0.3377026 0.7706031 0.3160861 0.800751 0.3114501 0.770286 0.3160861 0.800751 0.3059431 0.788708 0.3114501 0.770286 0.2816739 0.7489138 0.264786 0.755037 0.2343485 0.7163903 0.3010722 0.7528207 0.2816739 0.7489138 0.2343485 0.7163903 0.3377026 0.7706031 0.3114501 0.770286 0.3116115 0.7696785 0.3010722 0.7528207 0.2343485 0.7163903 0.3377026 0.7706031 0.3061622 0.7890097 0.3059431 0.788708 0.3160861 0.800751 0.2215079 0.7318116 0.2286756 0.7247335 0.2640288 0.755352 0.2286756 0.7247335 0.264786 0.755037 0.2640288 0.755352 0.3061622 0.7890097 0.3160861 0.800751 0.2838254 0.7983128 0.3160861 0.800751 0.289699 0.8243504 0.2838254 0.7983128 0.2215079 0.7318116 0.2640288 0.755352 0.2600393 0.7727141 0.2215079 0.7318116 0.2600393 0.7727141 0.2656219 0.79003 0.2834205 0.7981454 0.2838254 0.7983128 0.289699 0.8243504 0.289699 0.8243504 0.2215079 0.7318116 0.2656219 0.79003 0.774268 0.5344723 0.7681049 0.5209884 0.774464 0.5325784 0.7681049 0.5209884 0.7739989 0.516696 0.7790722 0.5225886 0.8061419 0.5513222 0.8316831 0.5754091 0.8087121 0.59454 0.8087121 0.59454 0.7837745 0.5522364 0.7872123 0.5536077 0.7915412 0.5182954 0.7785398 0.5112571 0.7820141 0.5051493 0.7820141 0.5051493 0.86122 0.5295498 0.8024459 0.517862 0.86122 0.5295498 0.8498298 0.5552702 0.8089282 0.5287913 0.8024459 0.517862 0.86122 0.5295498 0.8089282 0.5287913 0.7837745 0.5522364 0.8087121 0.59454 0.7818568 0.6030699 0.7616424 0.5241178 0.7681049 0.5209884 0.774268 0.5344723 0.7733952 0.5451821 0.7837745 0.5522364 0.7818568 0.6030699 0.7616424 0.5241178 0.774268 0.5344723 0.7733952 0.5451821 0.7790722 0.5225886 0.7739989 0.516696 0.7791116 0.5224984 0.7739989 0.516696 0.7785398 0.5112571 0.7791116 0.5224984 0.7785398 0.5112571 0.7915412 0.5182954 0.7897993 0.518393 0.8089282 0.5287913 0.8498298 0.5552702 0.8100685 0.532137 0.8498298 0.5552702 0.8316831 0.5754091 0.8062735 0.5512671 0.8100685 0.532137 0.8498298 0.5552702 0.8062735 0.5512671 0.9242279 0.2987244 0.9260504 0.298549 0.9262742 0.3058777 0.9280466 0.3037846 0.9268007 0.3058259 0.9262742 0.3058777 0.9262742 0.3058777 0.9260504 0.298549 0.9280466 0.3037846 0.9280466 0.3037846 0.9280197 0.2981552 0.930112 0.2980653 0.9298089 0.3044667 0.930112 0.2980653 0.9319756 0.2984238 0.9319756 0.2984238 0.9315146 0.3071784 0.9305517 0.3059399 0.9315146 0.3071784 0.930997 0.306951 0.9305517 0.3059399 0.9233293 0.3068667 0.9224416 0.3071888 0.9224265 0.2984562 0.9224265 0.2984562 0.9242279 0.2987244 0.9233293 0.3068667 0.9397202 0.2723268 0.9401302 0.2682892 0.9419584 0.2685146 0.9380815 0.2700827 0.9381216 0.267915 0.9401302 0.2682892 0.9401302 0.2682892 0.9397202 0.2723268 0.9380815 0.2700827 0.935954 0.2678467 0.9381216 0.267915 0.9380815 0.2700827 0.9363098 0.2705561 0.9353688 0.2728602 0.9348272 0.2730801 0.9348272 0.2730801 0.9340413 0.2682801 0.9363098 0.2705561 0.9419584 0.2685146 0.9437931 0.2682824 0.9436193 0.2732028 0.6174209 0.8629574 0.6180327 0.8624886 0.6182108 0.8629666 0.61432 0.8640729 0.6083053 0.8505713 0.6154063 0.8615741 0.6083053 0.8505713 0.6119871 0.8485023 0.6159851 0.8591857 0.6154063 0.8615741 0.6083053 0.8505713 0.6159851 0.8591857 0.6119871 0.8485023 0.6167071 0.8591572 0.6159851 0.8591857 0.6174209 0.8629574 0.6182108 0.8629666 0.61432 0.8640729 0.5744966 0.8193554 0.5736164 0.8219409 0.5736614 0.8183279 0.5736164 0.8219409 0.5589826 0.8184804 0.5736614 0.8183279 0.5589826 0.8184804 0.5594784 0.8144189 0.5736614 0.8183279 0.5779097 0.8200182 0.5779646 0.8192675 0.5897113 0.8250178 0.5897113 0.8250178 0.5873505 0.8286555 0.5779097 0.8200182 0.5873505 0.8286555 0.5736164 0.8219409 0.5779097 0.8200182 0.5736164 0.8219409 0.5744966 0.8193554 0.5752439 0.8204653 0.5601388 0.8086736 0.5768799 0.8122895 0.5742647 0.8177444 0.5768799 0.8122895 0.575416 0.8167559 0.5742647 0.8177444 0.5768799 0.8122895 0.5930057 0.8198111 0.5796806 0.816409 0.5930057 0.8198111 0.5897113 0.8250178 0.5796806 0.816409 0.5897113 0.8250178 0.5779646 0.8192675 0.5796806 0.816409 0.5771511 0.8152693 0.575416 0.8167559 0.5768799 0.8122895 0.6195804 0.858042 0.6167071 0.8591572 0.6119871 0.8485023 0.6119871 0.8485023 0.6171975 0.8456532 0.6195804 0.858042 0.6171975 0.8456532 0.6236565 0.8613142 0.6195804 0.858042 0.6236565 0.8613142 0.6182108 0.8629666 0.6205243 0.860404 0.6182108 0.8629666 0.6180327 0.8624886 0.6205243 0.860404 0.948628 0.2747465 0.9483518 0.282755 0.9463943 0.282553 0.9505228 0.2770094 0.9504659 0.2831904 0.9483518 0.282755 0.9483518 0.282755 0.948628 0.2747465 0.9505228 0.2770094 0.9527168 0.2833018 0.9504659 0.2831904 0.9505228 0.2770094 0.9537218 0.2734966 0.9542735 0.273252 0.95312 0.2748618 0.9542735 0.273252 0.9547244 0.2829311 0.95312 0.2748618 0.9547244 0.2829311 0.9527168 0.2833018 0.9524223 0.2762392 0.9465547 0.2738343 0.9463943 0.282553 0.9456668 0.2736489 0.9463943 0.282553 0.9444537 0.282826 0.9456668 0.2736489 0.9080672 0.3217116 0.9081662 0.3218912 0.9089596 0.3270688 0.9081662 0.3218912 0.9089733 0.3270586 0.9089596 0.3270688 0.9071462 0.3167341 0.9072474 0.3167492 0.9073505 0.3187812 0.9072474 0.3167492 0.9071841 0.3188399 0.9073505 0.3187812 0.9071462 0.3167341 0.9073505 0.3187812 0.9076689 0.3201763 0.9076689 0.3201763 0.9080672 0.3217116 0.9089596 0.3270688 0.9073325 0.316581 0.9073907 0.316645 0.9079847 0.3224046 0.9073907 0.316645 0.909119 0.3270087 0.9080994 0.3223955 0.909119 0.3270087 0.909067 0.3269606 0.9083274 0.3231093 0.9080994 0.3223955 0.9079847 0.3224046 0.9073907 0.316645 0.9071841 0.3188399 0.9072474 0.3167492 0.9073064 0.3166364 0.9086328 0.3232381 0.9089986 0.3270124 0.9089733 0.3270586 0.907427 0.3208619 0.9072322 0.320792 0.9073064 0.3166364 0.9073064 0.3166364 0.9073325 0.316581 0.907427 0.3208619 0.9087566 0.3238756 0.9083274 0.3231093 0.909067 0.3269606 0.909067 0.3269606 0.9089986 0.3270124 0.9087566 0.3238756 0.9357602 0.3594955 0.9376651 0.3592222 0.9381457 0.3626289 0.9397838 0.3601829 0.9387305 0.3624726 0.9376651 0.3592222 0.9387305 0.3624726 0.9381457 0.3626289 0.9376651 0.3592222 0.9419903 0.3587757 0.9416589 0.3606762 0.9397838 0.3601829 0.9439905 0.359284 0.9430589 0.3633972 0.9425064 0.3631381 0.9425064 0.3631381 0.9416589 0.3606762 0.9439905 0.359284 0.9357602 0.3594955 0.9361389 0.3633774 0.934054 0.3635948 0.4547452 0.7486978 0.4548128 0.7486775 0.4538053 0.7548391 0.4532551 0.75733 0.4532463 0.7574068 0.4531378 0.757445 0.4548128 0.7486775 0.4548752 0.7487367 0.4540277 0.754329 0.4532866 0.7573588 0.4532551 0.75733 0.4527291 0.7567117 0.4531378 0.757445 0.4532463 0.7574068 0.4533486 0.7573493 0.4532463 0.7574068 0.4531925 0.7574197 0.4533486 0.7573493 0.4531925 0.7574197 0.4547023 0.7487545 0.453552 0.7558939 0.4547023 0.7487545 0.4547452 0.7486978 0.4534472 0.7557523 0.453552 0.7558939 0.4547023 0.7487545 0.4534472 0.7557523 0.4548752 0.7487367 0.4549365 0.748794 0.4540277 0.754329 0.4549365 0.748794 0.453356 0.7573879 0.4538945 0.7545418 0.453356 0.7573879 0.4532866 0.7573588 0.4532788 0.7555889 0.4532866 0.7573588 0.4531654 0.7554867 0.4532788 0.7555889 0.4538945 0.7545418 0.4540277 0.754329 0.4549365 0.748794 0.9051551 0.32138 0.9047964 0.3214627 0.903121 0.3088372 0.903121 0.3088372 0.904812 0.3084107 0.9051551 0.32138 0.904812 0.3084107 0.9060342 0.3272881 0.9051551 0.32138 0.9051551 0.32138 0.9060342 0.3272881 0.9054465 0.3238369 0.9060342 0.3272881 0.9051257 0.3273946 0.9049752 0.3248707 0.9080994 0.3223955 0.9084779 0.327078 0.9079847 0.3224046 0.9084779 0.327078 0.9076641 0.3274735 0.9079847 0.3224046 0.9098387 0.3096401 0.9076689 0.3201763 0.9073505 0.3187812 0.9083274 0.3231093 0.9087566 0.3238756 0.9084779 0.327078 0.9087566 0.3238756 0.909254 0.3265015 0.9084779 0.327078 0.903121 0.3088372 0.9047964 0.3214627 0.9036574 0.3193252 0.907427 0.3208619 0.9076641 0.3274735 0.9068475 0.3275211 0.9068475 0.3275211 0.906471 0.3089399 0.9072322 0.320792 0.906471 0.3089399 0.908093 0.3096092 0.9073505 0.3187812 0.9072322 0.320792 0.906471 0.3089399 0.9071841 0.3188399 0.9073505 0.3187812 0.9071841 0.3188399 0.906471 0.3089399 0.4497496 0.7534511 0.4516525 0.743304 0.450137 0.7530377 0.4516525 0.743304 0.4524081 0.7436578 0.450137 0.7530377 0.4493516 0.7598267 0.4480129 0.7591835 0.4493721 0.756026 0.4480129 0.7591835 0.4492546 0.7560163 0.4493721 0.756026 0.4493516 0.7598267 0.4493721 0.756026 0.450319 0.7543287 0.450319 0.7543287 0.450137 0.7530377 0.4524081 0.7436578 0.4531378 0.757445 0.4533486 0.7573493 0.4537284 0.7589719 0.4522422 0.7592588 0.4539655 0.7439412 0.4527291 0.7567117 0.4539655 0.7439412 0.4547735 0.7439439 0.4531654 0.7554867 0.4527291 0.7567117 0.4539655 0.7439412 0.4531654 0.7554867 0.4547735 0.7439439 0.4532788 0.7555889 0.4531654 0.7554867 0.4527291 0.7567117 0.4531378 0.757445 0.4522422 0.7592588 0.4552369 0.7591898 0.4537284 0.7589719 0.4533486 0.7573493 0.4547735 0.7439439 0.455598 0.7441355 0.4538945 0.7545418 0.5124062 0.9528328 0.5036002 0.9474653 0.5125202 0.9521985 0.5036002 0.9474653 0.505761 0.9445329 0.5125202 0.9521985 0.5156412 0.9546424 0.5152097 0.9544152 0.5157036 0.9539288 0.5171177 0.9513007 0.5156412 0.9546424 0.5157036 0.9539288 0.5171177 0.9513007 0.5157036 0.9539288 0.5147174 0.9519627 0.5147174 0.9519627 0.5125202 0.9521985 0.505761 0.9445329 0.4806525 0.9147557 0.4798591 0.9142391 0.4819599 0.9134651 0.4819599 0.9134651 0.4878477 0.9252576 0.4803178 0.9170767 0.4878477 0.9252576 0.4847773 0.9271836 0.4803178 0.9170767 0.4847773 0.9271836 0.4796875 0.9171419 0.4803178 0.9170767 0.4783081 0.9139264 0.4749083 0.9013605 0.4787741 0.9134082 0.4749083 0.9013605 0.4784716 0.9007563 0.4787741 0.9134082 0.4784716 0.9007563 0.4819599 0.9134651 0.4787741 0.9134082 0.4773071 0.9187176 0.4796875 0.9171419 0.4847773 0.9271836 0.4847773 0.9271836 0.4804617 0.929889 0.4773071 0.9187176 0.4804617 0.929889 0.4737721 0.9165547 0.4773071 0.9187176 0.4737721 0.9165547 0.4772998 0.9152322 0.4762619 0.9165834 0.4783081 0.9139264 0.4772998 0.9152322 0.4737721 0.9165547 0.4737721 0.9165547 0.4699031 0.9022111 0.4783081 0.9139264 0.5152097 0.9544152 0.5156412 0.9546424 0.5130754 0.9564002 0.5156412 0.9546424 0.5134421 0.9592921 0.5130754 0.9564002 0.5134421 0.9592921 0.5005673 0.9515833 0.5111102 0.9552646 0.5005673 0.9515833 0.5036002 0.9474653 0.5111102 0.9552646 0.5036002 0.9474653 0.5124062 0.9528328 0.5111102 0.9552646 0.5053277 0.8626149 0.5032232 0.865202 0.5022314 0.8646342 0.5022314 0.8646342 0.5222992 0.8420174 0.5116367 0.8557779 0.5222992 0.8420174 0.5233225 0.8426486 0.5180482 0.848869 0.5222992 0.8420174 0.5180482 0.848869 0.5116367 0.8557779 0.5137593 0.8435351 0.5146104 0.8426579 0.5199565 0.8399274 0.5146104 0.8426579 0.5194091 0.8389601 0.5199565 0.8399274 0.5199565 0.8399274 0.4999475 0.8616836 0.5069314 0.8511173 0.5137593 0.8435351 0.5199565 0.8399274 0.5069314 0.8511173 0.4999475 0.8616836 0.4990391 0.8613094 0.4993091 0.8597615 0.4999475 0.8616836 0.4993091 0.8597615 0.499973 0.8586584 0.5213229 0.8377849 0.5221459 0.8379271 0.5236899 0.8363969 0.5221459 0.8379271 0.5236462 0.8364397 0.5236899 0.8363969 0.5236899 0.8363969 0.5194091 0.8389601 0.5213229 0.8377849 0.5231787 0.8411769 0.5233225 0.8426486 0.5222992 0.8420174 0.5222992 0.8420174 0.5236619 0.8365366 0.5231787 0.8411769 0.5231329 0.8406981 0.523611 0.8364313 0.5227579 0.838934 0.523611 0.8364313 0.5236462 0.8364397 0.5221459 0.8379271 0.6669376 0.9074421 0.6680346 0.9080867 0.6673623 0.9084692 0.6673623 0.9084692 0.6672209 0.9083741 0.6669376 0.9074421 0.666258 0.9097868 0.6673914 0.9099375 0.6670819 0.9108304 0.6673914 0.9099375 0.6673973 0.9099324 0.6670505 0.9107063 0.667415 0.9099228 0.6680738 0.9101272 0.6670505 0.9107063 0.666258 0.9097868 0.6662093 0.9094419 0.6667926 0.9093222 0.6667926 0.9093222 0.6673144 0.9098272 0.666258 0.9097868 0.6662749 0.9085894 0.6661233 0.9079745 0.6670473 0.9086128 0.6661233 0.9079745 0.6670705 0.9084516 0.6670473 0.9086128 0.6670473 0.9086128 0.6667926 0.9093222 0.6662749 0.9085894 0.6670243 0.9071857 0.6672209 0.9083741 0.6670705 0.9084516 0.4977535 0.8672284 0.4987133 0.8609477 0.4990391 0.8613094 0.4990391 0.8613094 0.4921547 0.8756809 0.4977535 0.8672284 0.4921547 0.8756809 0.4917353 0.875732 0.4985278 0.8673583 0.5010135 0.8671059 0.4913309 0.8759939 0.4911559 0.8760967 0.4911559 0.8760967 0.5022314 0.8646342 0.5010135 0.8671059 0.4985278 0.8673583 0.4917353 0.875732 0.4913309 0.8759939 0.4913309 0.8759939 0.5010135 0.8671059 0.4991126 0.8681814 0.6661233 0.9079745 0.6662749 0.9085894 0.6587838 0.9078897 0.6587838 0.9078897 0.6581772 0.8968499 0.6661233 0.9079745 0.6581772 0.8968499 0.666805 0.8964087 0.6670243 0.9071857 0.666805 0.8964087 0.6669376 0.9074421 0.6670243 0.9071857 0.5000581 0.8586475 0.4883997 0.8511747 0.4959959 0.8410606 0.5223915 0.8734587 0.5052971 0.8623665 0.511659 0.855776 0.4959959 0.8410606 0.5054036 0.8324249 0.513778 0.8435873 0.5301691 0.8659777 0.5258978 0.8693726 0.511659 0.855776 0.513778 0.8435873 0.5054036 0.8324249 0.5145263 0.8427986 0.5054036 0.8324249 0.5165386 0.8258098 0.5187808 0.8390341 0.5145263 0.8427986 0.5054036 0.8324249 0.5187808 0.8390341 0.5233596 0.840927 0.5227428 0.8386722 0.5350817 0.8634495 0.5350817 0.8634495 0.5301691 0.8659777 0.5179909 0.8488832 0.5232173 0.8426771 0.5233596 0.840927 0.5350817 0.8634495 0.5213229 0.8377849 0.5165386 0.8258098 0.5221459 0.8379271 0.5165386 0.8258098 0.5300283 0.8207787 0.5221459 0.8379271 0.5300283 0.8207787 0.5404347 0.8618823 0.5227428 0.8386722 0.5404347 0.8618823 0.5350817 0.8634495 0.5227428 0.8386722 0.4988746 0.8683523 0.5197764 0.8780786 0.518076 0.8831121 0.518076 0.8831121 0.4789106 0.8745798 0.4984443 0.8685133 0.4789106 0.8745798 0.4827063 0.8623018 0.4984443 0.8685133 0.4827063 0.8623018 0.4980902 0.8679404 0.4984443 0.8685133 0.4985045 0.8605823 0.4980902 0.8679404 0.4827063 0.8623018 0.4827063 0.8623018 0.4883997 0.8511747 0.4985045 0.8605823 0.4883997 0.8511747 0.5000581 0.8586475 0.4993343 0.8596133 0.5013768 0.8673784 0.5030936 0.8648949 0.5052971 0.8623665 0.5052971 0.8623665 0.5223915 0.8734587 0.5013768 0.8673784 0.5223915 0.8734587 0.5197764 0.8780786 0.5013768 0.8673784 0.44264 0.5434028 0.4419024 0.5438015 0.4393997 0.5422508 0.4393997 0.5422508 0.4397353 0.5410869 0.4417771 0.5392994 0.4373642 0.5571713 0.4378927 0.5568802 0.4389982 0.5426551 0.4378927 0.5568802 0.4393159 0.5425481 0.4389982 0.5426551 0.4389982 0.5426551 0.4373092 0.562485 0.4373642 0.5571713 0.4366089 0.566442 0.4351343 0.5738179 0.434859 0.5739769 0.4366089 0.566442 0.434859 0.5739769 0.4343435 0.5746473 0.435238 0.5761065 0.433067 0.5927438 0.4341383 0.5764261 0.433067 0.5927438 0.4329678 0.5928927 0.4341383 0.5764261 0.4366089 0.566442 0.4343435 0.5746473 0.4359673 0.5635211 0.4343435 0.5746473 0.4341383 0.5764261 0.4359673 0.5635211 0.4360401 0.5425262 0.4383012 0.538739 0.4391943 0.5422178 0.4383012 0.538739 0.4392237 0.5409006 0.4391943 0.5422178 0.4395444 0.5391228 0.4417771 0.5392994 0.4397353 0.5410869 0.4397353 0.5410869 0.4392237 0.5409006 0.4395444 0.5391228 0.4388153 0.5430151 0.4378325 0.5428943 0.4391943 0.5422178 0.4378325 0.5428943 0.4367634 0.5426389 0.4391943 0.5422178 0.4391943 0.5422178 0.4393997 0.5422508 0.4388153 0.5430151 0.4393997 0.5422508 0.4419024 0.5438015 0.439673 0.5433772 0.4391196 0.5500925 0.4388521 0.5497872 0.4393159 0.5425481 0.4388521 0.5497872 0.4392403 0.5426376 0.4393159 0.5425481 0.4393159 0.5425481 0.4378927 0.5568802 0.438552 0.552711 0.4378927 0.5568802 0.4378693 0.5564156 0.438552 0.552711 0.439273 0.5516435 0.4391196 0.5500925 0.4393159 0.5425481 0.4356155 0.5631119 0.4359673 0.5635211 0.4329998 0.5929255 0.4359673 0.5635211 0.4329678 0.5928927 0.4329998 0.5929255 0.4329998 0.5929255 0.4373396 0.5523452 0.4360493 0.5629929 0.4329998 0.5929255 0.4360493 0.5629929 0.4356155 0.5631119 0.4373396 0.5523452 0.4374948 0.5526927 0.4370733 0.5529037 0.4370733 0.5529037 0.4360493 0.5629929 0.4373396 0.5523452 0.439273 0.5516435 0.4393159 0.5425481 0.438552 0.552711 0.439273 0.5516435 0.438552 0.552711 0.4374948 0.5526927 0.4356324 0.5740907 0.4351343 0.5738179 0.4367511 0.5668932 0.4351343 0.5738179 0.4366089 0.566442 0.4367511 0.5668932 0.4356678 0.5748134 0.4356324 0.5740907 0.4371835 0.5651775 0.4356324 0.5740907 0.4367511 0.5668932 0.4371835 0.5651775 0.433067 0.5927438 0.435238 0.5761065 0.4334679 0.5927353 0.435238 0.5761065 0.4354005 0.5758631 0.4334679 0.5927353 0.4354005 0.5758631 0.4356678 0.5748134 0.4371835 0.5651775 0.4372636 0.5629781 0.4373092 0.562485 0.4384193 0.5514252 0.4373092 0.562485 0.4389982 0.5426551 0.4384075 0.5506269 0.4354005 0.5758631 0.4371835 0.5651775 0.4334679 0.5927353 0.4371835 0.5651775 0.4372636 0.5629781 0.4384193 0.5514252 0.4373092 0.562485 0.4384075 0.5506269 0.4384193 0.5514252 0.4389982 0.5426551 0.4392352 0.5428078 0.4385383 0.5496297 0.4384193 0.5514252 0.4334679 0.5927353 0.4371835 0.5651775 0.4376661 0.5519077 0.4373396 0.5523452 0.4334679 0.5927353 0.4373396 0.5523452 0.4329998 0.5929255 0.4334679 0.5927353 0.4384582 0.5494344 0.4385383 0.5496297 0.4392352 0.5428078 0.4392352 0.5428078 0.4392403 0.5426376 0.4384582 0.5494344 0.4342887 0.5976516 0.4329793 0.5947159 0.4349622 0.5947247 0.4329793 0.5947159 0.4330796 0.5938125 0.4349622 0.5947247 0.4307523 0.5978615 0.4327385 0.5944824 0.4329793 0.5947159 0.4304488 0.591926 0.432688 0.5937588 0.430025 0.5949001 0.432688 0.5937588 0.4327385 0.5944824 0.430025 0.5949001 0.4330796 0.5938125 0.432688 0.5937588 0.4304488 0.591926 0.4387057 0.5508624 0.4390709 0.5519027 0.438552 0.552711 0.4385383 0.5496297 0.4384582 0.5494344 0.4383552 0.5499103 0.4383552 0.5499103 0.4383359 0.5499091 0.4384075 0.5506269 0.4387057 0.5508624 0.4391196 0.5500925 0.439273 0.5516435 0.4376661 0.5519077 0.4383326 0.5498815 0.4383364 0.549929 0.4377022 0.5527408 0.4374895 0.5528146 0.4373396 0.5523452 0.4374895 0.5528146 0.4374948 0.5526927 0.4373396 0.5523452 0.4373396 0.5523452 0.4376661 0.5519077 0.4377022 0.5527408 0.4391196 0.5500925 0.4387057 0.5508624 0.4388521 0.5497872 0.4387057 0.5508624 0.4383828 0.5507162 0.4388521 0.5497872 0.4383828 0.5507162 0.4384052 0.5499002 0.4388521 0.5497872 0.4384052 0.5499002 0.4383552 0.5499103 0.4384582 0.5494344 0.4384075 0.5506269 0.4383359 0.5499091 0.4384193 0.5514252 0.4383359 0.5499091 0.4383326 0.5498815 0.4384193 0.5514252 0.4390709 0.5519027 0.439273 0.5516435 0.4374948 0.5526927 0.4359673 0.5635211 0.4356155 0.5631119 0.4355772 0.5628906 0.4363788 0.5686211 0.4361817 0.568588 0.4367511 0.5668932 0.4363788 0.5686211 0.4367511 0.5668932 0.4366089 0.566442 0.4359673 0.5635211 0.4355772 0.5628906 0.4360149 0.5620458 0.4363788 0.5686211 0.4366089 0.566442 0.4359673 0.5635211 0.4374895 0.5528146 0.4377022 0.5527408 0.4370733 0.5529037 0.4377022 0.5527408 0.4355772 0.5628906 0.4360493 0.5629929 0.4376029 0.5614358 0.436998 0.5608978 0.4373642 0.5571713 0.436998 0.5608978 0.4383828 0.5507162 0.4378927 0.5568802 0.4383828 0.5507162 0.4387057 0.5508624 0.4378693 0.5564156 0.4378927 0.5568802 0.4373642 0.5571713 0.436998 0.5608978 0.4374895 0.5528146 0.4370733 0.5529037 0.438552 0.552711 0.4372636 0.5629781 0.4361847 0.567948 0.4363316 0.5676969 0.4376029 0.5614358 0.4375591 0.5618854 0.4373092 0.562485 0.4373092 0.562485 0.4372636 0.5629781 0.4363316 0.5676969 0.4360486 0.568308 0.4371835 0.5651775 0.4367511 0.5668932 0.4361847 0.567948 0.4372636 0.5629781 0.4371835 0.5651775 0.4341383 0.5764261 0.4344333 0.5760547 0.4345598 0.5759261 0.4352396 0.5754368 0.4354195 0.5752191 0.435238 0.5761065 0.4354195 0.5752191 0.4354005 0.5758631 0.435238 0.5761065 0.435238 0.5761065 0.4341383 0.5764261 0.4345598 0.5759261 0.4356678 0.5748134 0.4354195 0.5752191 0.4356324 0.5740907 0.4354195 0.5752191 0.4356026 0.5710977 0.4356324 0.5740907 0.4351343 0.5738179 0.4356324 0.5740907 0.43568 0.5710348 0.43568 0.5710348 0.4359847 0.5708899 0.4351343 0.5738179 0.4359847 0.5708899 0.4350814 0.5740833 0.4351343 0.5738179 0.434859 0.5739769 0.4350814 0.5740833 0.4343435 0.5746473 0.4350814 0.5740833 0.4345881 0.5755784 0.4343435 0.5746473 0.4344665 0.5758425 0.4344333 0.5760547 0.4341383 0.5764261 0.4304488 0.591926 0.430025 0.5949001 0.4220233 0.5955997 0.4220233 0.5955997 0.4239436 0.5561006 0.4304488 0.591926 0.4239436 0.5561006 0.4371876 0.5573793 0.4304488 0.591926 0.4371876 0.5573793 0.4353933 0.5948922 0.4342407 0.5921634 0.4353933 0.5948922 0.4349622 0.5947247 0.4342407 0.5921634 0.4360401 0.5425262 0.4269496 0.5397148 0.4383012 0.538739 0.4269496 0.5397148 0.4308696 0.5319458 0.4383012 0.538739 0.4308696 0.5319458 0.439913 0.5371143 0.4383012 0.538739 0.4419024 0.5438015 0.44264 0.5434028 0.4496427 0.5431408 0.4496427 0.5431408 0.4498584 0.5579788 0.4419024 0.5438015 0.4498584 0.5579788 0.4371876 0.5573793 0.4419024 0.5438015 0.4371876 0.5573793 0.4387541 0.5431357 0.439673 0.5433772 0.4342887 0.5976516 0.4349622 0.5947247 0.4353933 0.5948922 0.4353933 0.5948922 0.434809 0.7367454 0.4342887 0.5976516 0.434809 0.7367454 0.420839 0.737062 0.4307523 0.5978615 0.4342887 0.5976516 0.434809 0.7367454 0.4307523 0.5978615 0.420839 0.737062 0.4220233 0.5955997 0.4307523 0.5978615 0.4395444 0.5391228 0.439913 0.5371143 0.4417771 0.5392994 0.439913 0.5371143 0.4482648 0.5362645 0.4417771 0.5392994 0.4482648 0.5362645 0.4496427 0.5431408 0.4417771 0.5392994 0.4378325 0.5428943 0.4387541 0.5431357 0.4367634 0.5426389 0.4387541 0.5431357 0.4371876 0.5573793 0.4367634 0.5426389 0.4371876 0.5573793 0.4239436 0.5561006 0.4367634 0.5426389 0.4239436 0.5561006 0.4269496 0.5397148 0.4367634 0.5426389 0.6691392 0.9089701 0.6705273 0.9072669 0.671651 0.9080635 0.6717039 0.9086946 0.6722941 0.9100681 0.6697307 0.9093295 0.6697307 0.9093295 0.6696793 0.9090318 0.6717039 0.9086946 0.6693158 0.9095451 0.6697307 0.9093295 0.6722941 0.9100681 0.668646 0.9094873 0.6693158 0.9095451 0.6717146 0.9117625 0.6682263 0.9095501 0.6681775 0.9094448 0.6683039 0.9097361 0.6681775 0.9094448 0.6683102 0.9092984 0.668646 0.9094873 0.668646 0.9094873 0.6700552 0.9117546 0.6683039 0.9097361 0.6700552 0.9117546 0.6685624 0.9103238 0.6683039 0.9097361 0.6685624 0.9103238 0.6683104 0.9095398 0.6683039 0.9097361 0.6684234 0.9092488 0.6683104 0.9095398 0.6685624 0.9103238 0.6684464 0.9088541 0.6688406 0.9081105 0.6682081 0.9089852 0.6688406 0.9081105 0.6684496 0.9090639 0.6682081 0.9089852 0.6684234 0.9092488 0.6685624 0.9103238 0.6684464 0.9088541 0.6683102 0.9092984 0.6681775 0.9094448 0.6682081 0.9089852 0.6682081 0.9089852 0.6684234 0.9092488 0.6684464 0.9088541 0.6691392 0.9089701 0.6684496 0.9090639 0.6688406 0.9081105 0.6641794 0.9096506 0.6635633 0.9095618 0.6625459 0.9086247 0.6640489 0.9098193 0.664427 0.9096723 0.6639941 0.9108537 0.6634424 0.9100056 0.6613064 0.9123629 0.660575 0.9111581 0.6630475 0.9097549 0.6611419 0.909564 0.6625459 0.9086247 0.6638516 0.9090226 0.6640611 0.9098608 0.664427 0.9096723 0.6640611 0.9098608 0.6639941 0.9108537 0.664427 0.9096723 0.6634424 0.9100056 0.6640489 0.9098193 0.6627219 0.9121752 0.6630178 0.909985 0.660575 0.9111581 0.6611419 0.909564 0.6683039 0.9097361 0.6674906 0.9098645 0.6674945 0.9097584 0.6674945 0.9097584 0.6677666 0.9094083 0.6683039 0.9097361 0.6681775 0.9094448 0.6682263 0.9095501 0.6677666 0.9094083 0.6677666 0.9094083 0.6673657 0.9086991 0.6682081 0.9089852 0.6673657 0.9086991 0.6674333 0.9086149 0.6682081 0.9089852 0.6684234 0.9092488 0.6683656 0.9094771 0.6683104 0.9095398 0.6683656 0.9094771 0.6680738 0.9101272 0.6683104 0.9095398 0.6680738 0.9101272 0.667415 0.9099228 0.6674906 0.9098645 0.6674906 0.9098645 0.6683039 0.9097361 0.6680738 0.9101272 0.6684234 0.9092488 0.6682081 0.9089852 0.6682952 0.9088348 0.6682081 0.9089852 0.6674333 0.9086149 0.6673623 0.9084692 0.6682952 0.9088348 0.6682081 0.9089852 0.6680346 0.9080867 0.6673623 0.9084692 0.6680346 0.9080867 0.6682081 0.9089852 0.6625459 0.9086247 0.6611419 0.909564 0.6587838 0.9078897 0.6662093 0.9094419 0.666258 0.9097868 0.6640611 0.9098608 0.6662093 0.9094419 0.6640611 0.9098608 0.6638516 0.9090226 0.6625459 0.9086247 0.6587838 0.9078897 0.6662749 0.9085894 0.6662093 0.9094419 0.6638516 0.9090226 0.6662749 0.9085894 0.6640611 0.9098608 0.666258 0.9097868 0.6639941 0.9108537 0.666258 0.9097868 0.6670819 0.9108304 0.6639941 0.9108537 0.6670819 0.9108304 0.6655868 0.9197006 0.6627219 0.9121752 0.6655868 0.9197006 0.6564834 0.9176209 0.6613064 0.9123629 0.6627219 0.9121752 0.6655868 0.9197006 0.6613064 0.9123629 0.6564834 0.9176209 0.6587838 0.9078897 0.660575 0.9111581 0.6587838 0.9078897 0.6611419 0.909564 0.660575 0.9111581 0.6627219 0.9121752 0.6639941 0.9108537 0.6670819 0.9108304 0.6722941 0.9100681 0.6717039 0.9086946 0.6841413 0.9088314 0.6841413 0.9088314 0.684097 0.9217478 0.6722941 0.9100681 0.684097 0.9217478 0.6655868 0.9197006 0.6717146 0.9117625 0.6655868 0.9197006 0.6670819 0.9108304 0.6670505 0.9107063 0.6655868 0.9197006 0.6670505 0.9107063 0.6700552 0.9117546 0.6670505 0.9107063 0.6680738 0.9101272 0.6685624 0.9103238 0.6717146 0.9117625 0.6722941 0.9100681 0.684097 0.9217478 0.6670505 0.9107063 0.6685624 0.9103238 0.6700552 0.9117546 0.6680738 0.9101272 0.6683656 0.9094771 0.6685624 0.9103238 0.6683656 0.9094771 0.6682952 0.9088348 0.6684464 0.9088541 0.6683656 0.9094771 0.6684464 0.9088541 0.6685624 0.9103238 0.6684464 0.9088541 0.6682952 0.9088348 0.6688406 0.9081105 0.6682952 0.9088348 0.6680346 0.9080867 0.6688406 0.9081105 0.6680346 0.9080867 0.6669376 0.9074421 0.6705273 0.9072669 0.6669376 0.9074421 0.666805 0.8964087 0.6705273 0.9072669 0.666805 0.8964087 0.6839129 0.895389 0.6705273 0.9072669 0.6839129 0.895389 0.6841413 0.9088314 0.671651 0.9080635 0.6705273 0.9072669 0.6839129 0.895389 0.671651 0.9080635 0.6841413 0.9088314 0.6717039 0.9086946 0.671651 0.9080635 0.9158559 0.5427294 0.9194658 0.546132 0.9134461 0.5514322 0.9194658 0.546132 0.9215763 0.5505076 0.9147563 0.5529524 0.9215763 0.5505076 0.9219689 0.5552147 0.9153144 0.554937 0.9219689 0.5552147 0.9207133 0.5596322 0.9149408 0.5570929 0.9207133 0.5596322 0.9180789 0.5632454 0.913712 0.5589979 0.912164 0.5601206 0.913712 0.5589979 0.9180789 0.5632454 0.9180789 0.5632454 0.9145122 0.5657328 0.912164 0.5601206 0.9117232 0.5604225 0.9145122 0.5657328 0.9102867 0.5672122 0.9097195 0.5607442 0.9102867 0.5672122 0.905822 0.5670995 0.9078497 0.5602254 0.905822 0.5670995 0.901598 0.5654698 0.9063411 0.5590697 0.901598 0.5654698 0.898158 0.5624327 0.9052872 0.5575488 0.898158 0.5624327 0.8958637 0.5584009 0.9046857 0.5559174 0.8958637 0.5584009 0.8950265 0.5537864 0.9045077 0.5543592 0.8950265 0.5537864 0.9045857 0.5539928 0.8950265 0.5537864 0.8956981 0.5492388 0.9045857 0.5539928 0.9048627 0.5527605 0.8956981 0.5492388 0.8978988 0.5450364 0.8978988 0.5450364 0.9016685 0.5420545 0.906641 0.5507945 0.9016685 0.5420545 0.9063093 0.5405532 0.9080809 0.5503028 0.9063093 0.5405532 0.9112591 0.54077 0.9098172 0.5501747 0.9112591 0.54077 0.9158559 0.5427294 0.9116913 0.5505141 0.08312559 0.8095888 0.08371299 0.8106206 0.07982283 0.8152361 0.05731534 0.7922847 0.1462177 0.7219345 0.09657436 0.7873358 0.1462177 0.7219345 0.1533846 0.7295188 0.1035775 0.7875946 0.09657436 0.7873358 0.1462177 0.7219345 0.1023603 0.7872159 0.1035775 0.7875946 0.1023603 0.7872159 0.1462177 0.7219345 0.08312559 0.8095888 0.07982283 0.8152361 0.0822342 0.8038985 0.07982283 0.8152361 0.05731534 0.7922847 0.0822342 0.8038985 0.05731534 0.7922847 0.09657436 0.7873358 0.09102219 0.7893592 0.08338505 0.7981823 0.0822342 0.8038985 0.05731534 0.7922847 0.05731534 0.7922847 0.09102219 0.7893592 0.08643889 0.7931281 0.1077769 0.7891057 0.1035775 0.7875946 0.1533846 0.7295188 0.1533846 0.7295188 0.1618387 0.7355739 0.1120486 0.7927775 0.1618387 0.7355739 0.1062448 0.8331918 0.1144967 0.8091108 0.07982283 0.8152361 0.08371299 0.8106206 0.0859127 0.8145758 0.07982283 0.8152361 0.0859127 0.8145758 0.09026372 0.818243 0.1120486 0.7927775 0.1077769 0.7891057 0.1533846 0.7295188 0.1147744 0.7977502 0.1120486 0.7927775 0.1618387 0.7355739 0.1062448 0.8331918 0.07982283 0.8152361 0.09026372 0.818243 0.1062448 0.8331918 0.09026372 0.818243 0.09566426 0.8201391 0.1156213 0.8034218 0.1147744 0.7977502 0.1618387 0.7355739 0.1144967 0.8091108 0.1156213 0.8034218 0.1618387 0.7355739 0.1062448 0.8331918 0.09566426 0.8201391 0.1014464 0.8200423 0.1062448 0.8331918 0.1014464 0.8200423 0.1069228 0.8179771 0.1062448 0.8331918 0.1069228 0.8179771 0.1114544 0.8141859 0.2155125 0.878112 0.2185283 0.8778139 0.2155429 0.8781618 0.2185283 0.8778139 0.2188763 0.8805575 0.2155429 0.8781618 0.2142518 0.8810361 0.2188763 0.8805575 0.2192141 0.8833961 0.2192141 0.8833961 0.2194219 0.8862908 0.2155042 0.886406 0.2164412 0.8877429 0.2155042 0.886406 0.2194219 0.8862908 0.2194219 0.8862908 0.2193994 0.8892285 0.2164412 0.8877429 0.2191759 0.8921427 0.2140792 0.8917006 0.215478 0.8890725 0.2191759 0.8921427 0.218816 0.8950041 0.2141521 0.8944779 0.218816 0.8950041 0.2184436 0.8977737 0.2154292 0.897395 0.5755681 0.739374 0.5775366 0.7317086 0.5815799 0.737692 0.5775366 0.7317086 0.5828039 0.7331673 0.5815799 0.737692 0.5720958 0.7302545 0.5775366 0.7317086 0.5755681 0.739374 0.5720958 0.7302545 0.5701572 0.7387669 0.5654249 0.7353622 0.5630864 0.733173 0.5602575 0.7347193 0.5608098 0.7283259 0.5608098 0.7283259 0.5665192 0.7290522 0.5630864 0.733173 0.5550685 0.7280308 0.5608098 0.7283259 0.5602575 0.7347193 0.5550685 0.7280308 0.5547575 0.7368316 0.5493084 0.7360247 0.5493799 0.7280228 0.5493084 0.7360247 0.5438659 0.7328132 0.1463099 0.8808477 0.1461763 0.8791643 0.1502335 0.8787984 0.1504995 0.8891304 0.1226222 0.8911117 0.1413598 0.8826069 0.1226222 0.8911117 0.1229193 0.8803379 0.1413598 0.8826069 0.1504995 0.8891304 0.1413598 0.8826069 0.1442406 0.8831515 0.1229193 0.8803379 0.1400229 0.879588 0.1413598 0.8826069 0.1442406 0.8831515 0.1463099 0.8808477 0.1504995 0.8891304 0.1400199 0.9688357 0.1400986 0.9691399 0.1229163 0.9680847 0.1229163 0.9680847 0.1226199 0.9573109 0.141357 0.9658169 0.1226199 0.9573109 0.1504973 0.9592941 0.141357 0.9658169 0.141357 0.9658169 0.1504973 0.9592941 0.1442379 0.9652725 0.1504973 0.9592941 0.1502306 0.9696263 0.1463071 0.9675765 0.1502306 0.9696263 0.1461732 0.96926 0.1463071 0.9675765 0.141357 0.9658169 0.1400199 0.9688357 0.1229163 0.9680847 0.5855523 0.7382456 0.5853607 0.7372237 0.5877472 0.7367497 0.5885804 0.7430546 0.5716514 0.7460764 0.5826388 0.7396445 0.5716514 0.7460764 0.5711339 0.7394655 0.5826388 0.7396445 0.5885804 0.7430546 0.5826388 0.7396445 0.5844367 0.73979 0.5711339 0.7394655 0.5815799 0.737692 0.5816249 0.7378845 0.5711339 0.7394655 0.5816249 0.7378845 0.5826388 0.7396445 0.5855523 0.7382456 0.5877472 0.7367497 0.5885804 0.7430546 0.5874163 0.7924996 0.5768278 0.7931535 0.5880387 0.790566 0.5768278 0.7931535 0.5759472 0.7865813 0.5880387 0.790566 0.593133 0.7859855 0.5936405 0.792325 0.5911808 0.7913227 0.5936405 0.792325 0.5912078 0.792362 0.5911808 0.7913227 0.593133 0.7859855 0.5911808 0.7913227 0.5897662 0.7900466 0.5897662 0.7900466 0.5880387 0.790566 0.593133 0.7859855</float_array>
          <technique_common>
            <accessor source="#Cylinder_002-mesh-map-0-array" count="15294" stride="2">
              <param name="S" type="float"/>
              <param name="T" type="float"/>
            </accessor>
          </technique_common>
        </source>
        <vertices id="Cylinder_002-mesh-vertices">
          <input semantic="POSITION" source="#Cylinder_002-mesh-positions"/>
        </vertices>
        <triangles material="Material-material" count="5098">
          <input semantic="VERTEX" source="#Cylinder_002-mesh-vertices" offset="0"/>
          <input semantic="NORMAL" source="#Cylinder_002-mesh-normals" offset="1"/>
          <input semantic="TEXCOORD" source="#Cylinder_002-mesh-map-0" offset="2" set="0"/>
          <p>4 0 0 12 1 1 5 2 2 10 3 3 18 4 4 11 5 5 0 6 6 7 7 7 1 8 8 3 9 9 9 10 10 10 3 11 5 2 12 13 11 13 6 12 14 3 9 15 11 5 16 4 0 17 0 6 18 13 11 19 8 13 20 2 14 21 7 7 22 9 10 23 14 15 24 22 16 25 21 17 26 9 10 27 14 15 28 16 18 29 13 11 30 15 19 31 8 13 32 11 5 33 19 20 34 12 1 35 10 3 36 16 18 37 17 21 38 7 7 39 15 19 40 14 15 41 12 1 42 20 22 43 13 11 44 22 16 45 34 23 46 29 24 47 19 20 48 27 25 49 20 22 50 17 21 51 25 26 52 18 4 53 16 18 54 21 17 55 23 27 56 20 22 57 22 16 58 15 19 59 18 4 60 26 28 61 19 20 62 17 21 63 23 27 64 24 29 65 34 23 66 40 30 67 41 31 68 26 28 69 32 32 70 33 33 71 23 27 72 31 34 73 24 29 74 22 16 75 28 35 76 21 17 77 27 25 78 33 33 79 34 23 80 24 29 81 32 32 82 25 26 83 21 17 84 30 36 85 23 27 86 38 37 87 46 38 88 39 39 89 31 34 90 39 39 91 32 32 92 28 35 93 37 40 94 30 36 95 29 24 96 41 31 97 36 41 98 33 33 99 39 39 100 40 30 101 30 36 102 38 37 103 31 34 104 29 24 105 35 42 106 28 35 107 43 43 108 49 44 109 42 45 110 35 42 111 44 46 112 37 40 113 36 41 114 48 47 115 43 43 116 40 30 117 46 38 118 47 48 119 37 40 120 45 49 121 38 37 122 36 41 123 42 45 124 35 42 125 41 31 126 47 48 127 48 47 128 50 50 129 62 51 130 57 52 131 48 47 132 54 53 133 55 54 134 45 49 135 53 55 136 46 38 137 42 45 138 51 56 139 44 46 140 43 43 141 55 54 142 50 50 143 47 48 144 53 55 145 54 53 146 44 46 147 52 57 148 45 49 149 62 51 150 68 58 151 69 59 152 54 53 153 60 60 154 61 61 155 51 56 156 59 62 157 52 57 158 50 50 159 56 63 160 49 44 161 55 54 162 61 61 163 62 51 164 52 57 165 60 60 166 53 55 167 49 44 168 58 64 169 51 56 170 65 65 171 73 66 172 66 67 173 59 62 174 67 68 175 60 60 176 56 63 177 65 65 178 58 64 179 57 52 180 69 59 181 64 69 182 61 61 183 67 68 184 68 58 185 58 64 186 66 67 187 59 62 188 57 52 189 63 70 190 56 63 191 71 71 192 83 72 193 78 73 194 64 69 195 70 74 196 63 70 197 69 59 198 75 75 199 76 76 200 66 67 201 74 77 202 67 68 203 63 70 204 72 78 205 65 65 206 64 69 207 76 76 208 71 71 209 68 58 210 74 77 211 75 75 212 83 72 213 89 79 214 90 80 215 75 75 216 81 81 217 82 82 218 72 78 219 80 83 220 73 66 221 71 71 222 77 84 223 70 74 224 76 76 225 82 82 226 83 72 227 73 66 228 81 81 229 74 77 230 70 74 231 79 85 232 72 78 233 89 79 234 95 86 235 96 87 236 80 83 237 88 88 238 81 81 239 77 84 240 86 89 241 79 85 242 78 73 243 90 80 244 85 90 245 82 82 246 88 88 247 89 79 248 79 85 249 87 91 250 80 83 251 78 73 252 84 92 253 77 84 254 91 93 255 100 94 256 93 95 257 86 89 258 94 96 259 87 91 260 85 90 261 91 93 262 84 92 263 90 80 264 96 87 265 97 97 266 87 91 267 95 86 268 88 88 269 84 92 270 93 95 271 86 89 272 85 90 273 97 97 274 92 98 275 104 99 276 110 100 277 111 101 278 92 98 279 104 99 280 99 102 281 96 87 282 102 103 283 103 104 284 93 95 285 101 105 286 94 96 287 92 98 288 98 106 289 91 93 290 97 97 291 103 104 292 104 99 293 95 86 294 101 105 295 102 103 296 217 107 297 107 108 298 105 109 299 101 105 300 109 110 301 102 103 302 98 106 303 107 108 304 100 94 305 99 102 306 111 101 307 106 111 308 103 104 309 109 110 310 110 100 311 100 94 312 108 112 313 101 105 314 99 102 315 105 109 316 98 106 317 124 113 318 116 114 319 117 115 320 130 116 321 122 117 322 123 118 323 119 119 324 112 120 325 113 121 326 115 122 327 121 123 328 114 124 329 125 125 330 117 115 331 118 126 332 123 118 333 115 122 334 116 114 335 112 120 336 125 125 337 118 126 338 114 124 339 119 119 340 113 121 341 126 127 342 134 128 343 127 129 344 121 123 345 126 127 346 119 119 347 127 129 348 125 125 349 120 130 350 131 131 351 123 118 352 124 113 353 122 117 354 128 132 355 121 123 356 119 119 357 127 129 358 120 130 359 132 133 360 124 113 361 125 125 362 134 128 363 146 134 364 139 135 365 139 135 366 131 131 367 132 133 368 137 136 369 129 137 370 130 116 371 128 132 372 133 138 373 126 127 374 134 128 375 132 133 376 127 129 377 138 139 378 130 116 379 131 131 380 129 137 381 135 140 382 128 132 383 146 134 384 152 141 385 145 142 386 138 139 387 144 143 388 137 136 389 143 144 390 135 140 391 136 145 392 140 146 393 134 128 394 133 138 395 139 135 396 145 142 397 138 139 398 144 143 399 136 145 400 137 136 401 142 147 402 133 138 403 135 140 404 158 148 405 150 149 406 151 150 407 151 150 408 143 144 409 144 143 410 149 151 411 140 146 412 142 147 413 141 152 414 153 153 415 146 134 416 145 142 417 151 150 418 144 143 419 150 149 420 142 147 421 143 144 422 147 154 423 141 152 424 140 146 425 161 155 426 155 156 427 154 157 428 156 158 429 147 154 430 149 151 431 148 159 432 160 160 433 153 153 434 152 141 435 158 148 436 151 150 437 157 161 438 149 151 439 150 149 440 154 157 441 148 159 442 147 154 443 153 153 444 159 162 445 152 141 446 162 163 447 174 164 448 167 165 449 160 160 450 166 166 451 159 162 452 165 167 453 157 161 454 158 148 455 163 168 456 154 157 457 156 158 458 155 156 459 167 165 460 160 160 461 159 162 462 165 167 463 158 148 464 164 169 465 156 158 466 157 161 467 174 164 468 180 170 469 173 171 470 166 166 471 172 172 472 165 167 473 171 173 474 163 168 475 164 169 476 168 174 477 162 163 478 161 155 479 167 165 480 173 171 481 166 166 482 172 172 483 164 169 484 165 167 485 170 175 486 161 155 487 163 168 488 185 176 489 177 177 490 178 178 491 179 179 492 171 173 493 172 172 494 177 177 495 168 174 496 170 175 497 169 180 498 181 181 499 174 164 500 173 171 501 179 179 502 172 172 503 178 178 504 170 175 505 171 173 506 175 182 507 169 180 508 168 174 509 183 183 510 195 184 511 188 185 512 182 186 513 176 187 514 175 182 515 181 181 516 187 188 517 180 170 518 186 189 519 178 178 520 179 179 521 184 190 522 175 182 523 177 177 524 176 187 525 188 185 526 181 181 527 180 170 528 186 189 529 179 179 530 195 184 531 201 191 532 194 192 533 187 188 534 193 193 535 186 189 536 192 194 537 184 190 538 185 176 539 189 195 540 183 183 541 182 186 542 188 185 543 194 192 544 187 188 545 193 193 546 185 176 547 186 189 548 191 196 549 182 186 550 184 190 551 201 191 552 207 197 553 200 198 554 200 198 555 192 194 556 193 193 557 198 199 558 189 195 559 191 196 560 190 200 561 202 201 562 195 184 563 194 192 564 200 198 565 193 193 566 199 202 567 191 196 568 192 194 569 196 203 570 190 200 571 189 195 572 212 204 573 203 205 574 205 206 575 206 207 576 198 199 577 199 202 578 203 205 579 197 208 580 196 203 581 202 201 582 208 209 583 201 191 584 207 197 585 199 202 586 200 198 587 205 206 588 196 203 589 198 199 590 197 208 591 209 210 592 202 201 593 216 211 594 222 212 595 215 213 596 204 214 597 216 211 598 209 210 599 208 209 600 214 215 601 207 197 602 213 216 603 205 206 604 206 207 605 210 217 606 204 214 607 203 205 608 209 210 609 215 213 610 208 209 611 207 197 612 213 216 613 206 207 614 219 218 615 108 112 616 107 108 617 221 219 618 213 216 619 214 215 620 219 218 621 210 217 622 212 204 623 211 220 624 223 221 625 216 211 626 215 213 627 221 219 628 214 215 629 220 222 630 212 204 631 213 216 632 217 107 633 211 220 634 210 217 635 218 223 636 105 109 637 106 111 638 220 222 639 109 110 640 108 112 641 221 219 642 110 100 643 109 110 644 222 212 645 111 101 646 110 100 647 223 221 648 106 111 649 111 101 650 229 224 651 248 225 652 230 226 653 243 227 654 260 228 655 242 229 656 235 230 657 252 231 658 253 230 659 240 230 660 257 230 661 258 230 662 227 232 663 246 233 664 228 234 665 232 235 666 251 236 667 233 230 668 238 237 669 255 238 670 256 239 671 225 240 672 244 230 673 226 230 674 230 226 675 249 230 676 231 230 677 236 241 678 253 230 679 254 242 680 241 243 681 258 230 682 259 244 683 228 234 684 247 245 685 229 224 686 234 246 687 251 236 688 252 231 689 239 247 690 256 239 691 257 230 692 226 230 693 245 230 694 227 232 695 231 230 696 250 248 697 232 235 698 237 249 699 254 242 700 255 238 701 224 250 702 242 251 703 225 240 704 224 250 705 259 244 706 243 252 707 262 253 708 278 254 709 280 255 710 257 256 711 276 257 712 258 258 713 250 259 714 269 260 715 251 261 716 242 229 717 262 262 718 244 263 719 258 258 720 277 264 721 259 265 722 251 261 723 270 266 724 252 267 725 244 263 726 263 268 727 245 269 728 259 265 729 261 270 730 243 227 731 252 267 732 271 271 733 253 272 734 245 269 735 264 273 736 246 274 737 253 272 738 272 275 739 254 276 740 246 274 741 265 277 742 247 278 743 254 276 744 273 279 745 255 280 746 247 278 747 266 281 748 248 282 749 255 280 750 274 283 751 256 284 752 248 282 753 267 285 754 249 286 755 256 284 756 275 287 757 257 256 758 249 286 759 268 288 760 250 259 761 291 289 762 310 290 763 292 291 764 276 292 765 295 293 766 277 294 767 269 295 768 288 296 769 270 297 770 263 298 771 280 255 772 281 299 773 277 294 774 279 300 775 261 301 776 270 297 777 289 302 778 271 303 779 264 304 780 281 299 781 282 305 782 271 303 783 290 306 784 272 307 785 265 308 786 282 305 787 283 309 788 272 307 789 291 310 790 273 311 791 266 312 792 283 309 793 284 313 794 273 311 795 292 314 796 274 315 797 267 316 798 284 313 799 285 317 800 274 315 801 293 318 802 275 319 803 268 320 804 285 317 805 286 321 806 260 322 807 279 300 808 278 254 809 275 319 810 294 323 811 276 292 812 269 295 813 286 321 814 287 324 815 308 325 816 304 326 817 300 327 818 284 328 819 303 258 820 285 329 821 292 291 822 311 330 823 293 331 824 285 329 825 304 332 826 286 333 827 279 334 828 296 335 829 278 336 830 293 331 831 312 337 832 294 338 833 286 333 834 305 339 835 287 340 836 278 336 837 298 341 838 280 342 839 294 338 840 313 343 841 295 344 842 287 340 843 306 345 844 288 346 845 280 342 846 299 347 847 281 348 848 295 344 849 297 349 850 279 334 851 288 346 852 307 350 853 289 351 854 281 348 855 300 352 856 282 353 857 289 351 858 308 354 859 290 355 860 282 353 861 301 356 862 283 357 863 290 355 864 309 358 865 291 289 866 283 357 867 302 359 868 284 328 869 316 360 870 321 361 871 315 362 872 322 363 873 334 364 874 327 365 875 326 366 876 318 367 877 319 368 878 315 362 879 322 363 880 314 369 881 324 370 882 316 360 883 317 371 884 320 372 885 326 366 886 319 368 887 325 373 888 317 371 889 318 367 890 314 369 891 327 365 892 320 372 893 332 374 894 338 375 895 331 376 896 333 377 897 325 373 898 326 366 899 331 376 900 323 378 901 324 370 902 321 361 903 329 379 904 322 363 905 327 365 906 333 377 907 326 366 908 332 374 909 324 370 910 325 373 911 323 378 912 328 380 913 321 361 914 338 375 915 344 381 916 337 382 917 337 382 918 328 380 919 330 383 920 336 384 921 334 364 922 329 379 923 333 377 924 339 385 925 332 374 926 331 376 927 337 382 928 330 383 929 335 386 930 329 379 931 328 380 932 341 387 933 333 377 934 334 364 935 342 388 936 336 384 937 335 386 938 348 389 939 340 390 940 341 387 941 339 385 942 345 391 943 338 375 944 344 381 945 335 386 946 337 382 947 343 392 948 341 387 949 336 384 950 340 390 951 346 393 952 339 385 953 353 394 954 355 395 955 354 395 956 358 396 957 354 397 958 359 397 959 360 398 960 356 399 961 357 400 962 359 230 963 355 230 964 360 230 965 349 401 966 360 230 967 351 402 968 351 403 969 357 400 970 352 404 971 350 405 972 359 397 973 349 406 974 352 407 975 358 408 976 350 409 977 362 410 978 367 398 979 363 411 980 367 408 981 365 408 982 368 408 983 364 412 984 365 397 985 361 413 986 361 414 987 366 395 988 362 415 989 367 398 990 369 416 991 363 411 992 368 408 993 371 417 994 367 408 995 363 230 996 370 418 997 364 230 998 364 412 999 372 419 1000 368 397 1001 374 420 1002 375 421 1003 373 422 1004 376 423 1005 377 424 1006 375 421 1007 378 425 1008 379 426 1009 377 424 1010 374 420 1011 431 427 1012 376 423 1013 388 428 1014 396 429 1015 395 430 1016 379 426 1017 387 431 1018 377 424 1019 375 421 1020 385 432 1021 373 422 1022 379 426 1023 389 433 1024 388 428 1025 377 424 1026 386 434 1027 375 421 1028 396 429 1029 397 435 1030 403 436 1031 387 431 1032 393 437 1033 386 434 1034 385 432 1035 391 438 1036 384 439 1037 389 433 1038 390 440 1039 396 429 1040 388 428 1041 394 441 1042 387 431 1043 386 434 1044 392 442 1045 385 432 1046 383 443 1047 391 438 1048 390 440 1049 401 444 1050 407 445 1051 400 446 1052 395 430 1053 401 444 1054 394 441 1055 393 437 1056 399 447 1057 392 442 1058 390 440 1059 398 448 1060 397 435 1061 395 430 1062 403 436 1063 402 449 1064 394 441 1065 400 446 1066 393 437 1067 391 438 1068 399 447 1069 398 448 1070 405 450 1071 411 451 1072 404 452 1073 398 448 1074 406 453 1075 405 450 1076 403 436 1077 404 452 1078 410 454 1079 402 449 1080 408 455 1081 401 444 1082 400 446 1083 406 453 1084 399 447 1085 397 435 1086 405 450 1087 404 452 1088 402 449 1089 410 454 1090 409 456 1091 410 454 1092 416 457 1093 409 456 1094 407 445 1095 415 458 1096 414 459 1097 405 450 1098 413 460 1099 412 461 1100 404 452 1101 417 462 1102 410 454 1103 408 455 1104 416 457 1105 415 458 1106 406 453 1107 414 459 1108 413 460 1109 413 460 1110 420 463 1111 419 464 1112 412 461 1113 419 464 1114 418 465 1115 422 466 1116 424 467 1117 426 468 1118 419 464 1119 422 469 1120 418 465 1121 419 464 1122 424 470 1123 423 471 1124 433 472 1125 441 473 1126 434 474 1127 380 475 1128 434 474 1129 382 476 1130 376 423 1131 432 477 1132 378 425 1133 378 425 1134 433 472 1135 380 475 1136 436 478 1137 448 479 1138 443 480 1139 431 427 1140 439 481 1141 432 477 1142 430 482 1143 435 483 1144 437 484 1145 429 485 1146 441 473 1147 436 478 1148 432 477 1149 440 486 1150 433 472 1151 430 482 1152 438 487 1153 431 427 1154 428 488 1155 436 478 1156 435 483 1157 445 489 1158 453 490 1159 446 491 1160 440 486 1161 446 491 1162 447 492 1163 437 484 1164 445 489 1165 438 487 1166 436 478 1167 442 493 1168 435 483 1169 441 473 1170 447 492 1171 448 479 1172 438 487 1173 446 491 1174 439 481 1175 435 483 1176 444 494 1177 437 484 1178 450 495 1179 456 496 1180 449 497 1181 444 494 1182 449 497 1183 451 498 1184 448 479 1185 450 495 1186 443 480 1187 446 491 1188 454 499 1189 447 492 1190 445 489 1191 451 498 1192 452 500 1193 442 493 1194 450 495 1195 449 497 1196 447 492 1197 455 501 1198 448 479 1199 462 502 1200 464 503 1201 457 504 1202 454 499 1203 462 502 1204 455 501 1205 453 490 1206 459 505 1207 460 506 1208 449 497 1209 458 507 1210 451 498 1211 455 501 1212 457 504 1213 450 495 1214 453 490 1215 461 508 1216 454 499 1217 452 500 1218 458 507 1219 459 505 1220 461 508 1221 467 509 1222 468 510 1223 461 508 1224 469 511 1225 462 502 1226 469 511 1227 473 512 1228 474 513 1229 464 503 1230 474 514 1231 470 515 1232 468 516 1233 472 517 1234 473 512 1235 481 518 1236 487 519 1237 488 520 1238 472 517 1239 480 521 1240 473 512 1241 474 513 1242 480 521 1243 481 518 1244 471 522 1245 479 523 1246 472 517 1247 487 519 1248 492 524 1249 493 525 1250 479 523 1251 485 526 1252 486 527 1253 477 528 1254 482 529 1255 484 530 1256 476 531 1257 488 520 1258 483 532 1259 480 521 1260 486 527 1261 487 519 1262 477 528 1263 485 526 1264 478 533 1265 475 534 1266 483 532 1267 482 529 1268 484 530 1269 491 535 1270 485 526 1271 488 520 1272 493 525 1273 494 536 1274 485 526 1275 492 524 1276 486 527 1277 482 529 1278 490 537 1279 484 530 1280 497 538 1281 496 539 1282 500 540 1283 492 524 1284 500 541 1285 493 525 1286 491 535 1287 497 542 1288 498 543 1289 493 525 1290 501 544 1291 494 536 1292 491 535 1293 499 545 1294 492 524 1295 504 546 1296 507 547 1297 503 548 1298 514 549 1299 507 547 1300 509 550 1301 508 551 1302 506 552 1303 502 553 1304 503 554 1305 508 555 1306 502 556 1307 510 557 1308 504 558 1309 505 559 1310 511 560 1311 505 561 1312 506 562 1313 520 563 1314 514 564 1315 515 565 1316 508 551 1317 516 566 1318 511 567 1319 515 565 1320 509 568 1321 510 557 1322 512 569 1323 508 555 1324 507 570 1325 511 560 1326 515 571 1327 510 572 1328 521 573 1329 525 574 1330 520 575 1331 517 576 1332 513 577 1333 512 569 1334 516 578 1335 520 575 1336 515 571 1337 519 579 1338 512 580 1339 514 549 1340 513 581 1341 521 582 1342 516 566 1343 523 583 1344 531 584 1345 526 585 1346 519 579 1347 522 586 1348 517 587 1349 523 583 1350 521 582 1351 518 588 1352 520 563 1353 524 589 1354 519 590 1355 522 591 1356 518 592 1357 517 576 1358 536 593 1359 530 594 1360 531 595 1361 530 596 1362 524 589 1363 525 597 1364 522 591 1365 528 598 1366 523 583 1367 531 595 1368 525 574 1369 526 599 1370 524 600 1371 527 601 1372 522 586 1373 533 602 1374 541 603 1375 536 604 1376 534 605 1377 527 601 1378 529 606 1379 528 598 1380 536 604 1381 531 584 1382 535 607 1383 529 608 1384 530 596 1385 527 609 1386 533 610 1387 528 598 1388 541 611 1389 545 612 1390 540 613 1391 540 614 1392 534 615 1393 535 607 1394 532 616 1395 538 617 1396 533 610 1397 541 611 1398 535 618 1399 536 593 1400 539 619 1401 532 620 1402 534 605 1403 543 621 1404 551 622 1405 546 623 1406 544 624 1407 537 625 1408 539 619 1409 538 626 1410 546 623 1411 541 603 1412 540 614 1413 544 627 1414 539 628 1415 542 629 1416 538 617 1417 537 630 1418 551 631 1419 555 632 1420 550 633 1421 545 634 1422 549 635 1423 544 627 1424 547 636 1425 543 637 1426 542 629 1427 546 638 1428 550 633 1429 545 612 1430 549 639 1431 542 640 1432 544 624 1433 553 641 1434 561 642 1435 556 643 1436 554 644 1437 547 645 1438 549 639 1439 548 646 1440 556 643 1441 551 622 1442 550 647 1443 554 648 1444 549 635 1445 552 649 1446 548 650 1447 547 636 1448 560 651 1449 554 648 1450 555 652 1451 552 649 1452 558 653 1453 553 654 1454 556 655 1455 560 656 1456 555 632 1457 559 657 1458 552 658 1459 554 644 1460 569 659 1461 562 660 1462 564 661 1463 558 662 1464 566 663 1465 561 642 1466 575 664 1467 569 665 1468 570 666 1469 563 667 1470 571 668 1471 566 663 1472 570 666 1473 564 669 1474 565 670 1475 562 671 1476 568 672 1477 563 673 1478 566 674 1479 570 675 1480 565 676 1481 576 677 1482 580 678 1483 575 679 1484 572 680 1485 568 672 1486 567 681 1487 571 682 1488 575 679 1489 570 675 1490 574 683 1491 567 684 1492 569 659 1493 568 685 1494 576 686 1495 571 668 1496 579 687 1497 660 688 1498 659 689 1499 579 690 1500 572 691 1501 574 683 1502 573 692 1503 581 693 1504 576 686 1505 580 694 1506 574 695 1507 575 664 1508 572 680 1509 578 696 1510 573 697 1511 584 698 1512 587 699 1513 589 700 1514 587 699 1515 594 701 1516 589 700 1517 586 702 1518 588 703 1519 582 704 1520 583 705 1521 588 706 1522 587 707 1523 584 708 1524 590 709 1525 585 710 1526 585 711 1527 591 712 1528 586 713 1529 594 714 1530 600 715 1531 595 716 1532 588 703 1533 596 717 1534 593 718 1535 589 719 1536 595 716 1537 590 709 1538 588 706 1539 592 720 1540 587 707 1541 591 712 1542 595 721 1543 596 722 1544 601 723 1545 605 724 1546 606 725 1547 593 726 1548 597 727 1549 592 720 1550 596 722 1551 600 728 1552 601 723 1553 592 729 1554 599 730 1555 594 701 1556 593 718 1557 601 731 1558 598 732 1559 603 733 1560 611 734 1561 608 735 1562 599 730 1563 602 736 1564 604 737 1565 601 731 1566 603 733 1567 598 732 1568 600 715 1569 604 738 1570 605 739 1571 598 740 1572 602 741 1573 597 727 1574 611 742 1575 615 743 1576 616 744 1577 604 738 1578 610 745 1579 605 739 1580 602 741 1581 608 735 1582 607 746 1583 605 724 1584 611 742 1585 606 725 1586 604 737 1587 607 747 1588 609 748 1589 616 749 1590 618 750 1591 613 751 1592 609 748 1593 612 752 1594 614 753 1595 611 734 1596 613 751 1597 608 735 1598 610 745 1599 614 754 1600 615 755 1601 608 735 1602 612 756 1603 607 746 1604 621 757 1605 625 758 1606 626 759 1607 615 755 1608 619 760 1609 620 761 1610 613 762 1611 617 763 1612 612 756 1613 615 743 1614 621 757 1615 616 744 1616 614 753 1617 617 764 1618 619 765 1619 623 766 1620 631 767 1621 628 768 1622 617 764 1623 624 769 1624 619 765 1625 618 750 1626 626 770 1627 623 766 1628 620 761 1629 624 771 1630 625 772 1631 618 773 1632 622 774 1633 617 763 1634 631 775 1635 635 776 1636 636 777 1637 625 772 1638 629 778 1639 630 779 1640 623 780 1641 627 781 1642 622 774 1643 626 759 1644 630 782 1645 631 775 1646 622 783 1647 629 784 1648 624 769 1649 633 785 1650 641 786 1651 638 787 1652 627 788 1653 634 789 1654 629 784 1655 628 768 1656 636 790 1657 633 785 1658 630 779 1659 634 791 1660 635 792 1661 628 793 1662 632 794 1663 627 781 1664 634 791 1665 640 795 1666 635 792 1667 632 794 1668 638 796 1669 637 797 1670 636 777 1671 640 798 1672 641 799 1673 632 800 1674 639 801 1675 634 789 1676 642 802 1677 649 803 1678 644 804 1679 641 799 1680 645 805 1681 646 806 1682 649 807 1683 655 808 1684 650 809 1685 643 810 1686 651 811 1687 648 812 1688 644 813 1689 650 809 1690 645 814 1691 642 815 1692 648 816 1693 647 817 1694 646 806 1695 650 818 1696 651 819 1697 655 820 1698 661 821 1699 656 822 1700 647 817 1701 653 823 1702 652 824 1703 651 819 1704 655 820 1705 656 822 1706 647 825 1707 654 826 1708 649 803 1709 648 812 1710 656 827 1711 653 828 1712 579 690 1713 657 829 1714 577 830 1715 652 831 1716 659 832 1717 654 826 1718 653 828 1719 661 833 1720 658 834 1721 654 835 1722 660 688 1723 655 808 1724 652 824 1725 658 836 1726 657 837 1727 580 678 1728 661 821 1729 660 838 1730 578 696 1731 657 837 1732 658 836 1733 578 839 1734 661 833 1735 581 693 1736 664 840 1737 667 841 1738 669 842 1739 667 841 1740 674 843 1741 669 842 1742 666 844 1743 668 845 1744 662 846 1745 663 847 1746 668 848 1747 667 849 1748 664 850 1749 670 851 1750 665 852 1751 665 853 1752 671 854 1753 666 855 1754 674 856 1755 680 857 1756 675 858 1757 668 845 1758 676 859 1759 673 860 1760 669 861 1761 675 858 1762 670 851 1763 668 848 1764 672 862 1765 667 849 1766 671 854 1767 675 863 1768 676 864 1769 681 865 1770 685 866 1771 686 867 1772 673 868 1773 677 869 1774 672 862 1775 676 864 1776 680 870 1777 681 865 1778 672 871 1779 679 872 1780 674 843 1781 673 860 1782 681 873 1783 678 874 1784 683 875 1785 691 876 1786 688 877 1787 679 872 1788 682 878 1789 684 879 1790 681 873 1791 683 875 1792 678 874 1793 680 857 1794 684 880 1795 685 881 1796 678 882 1797 682 883 1798 677 869 1799 690 884 1800 696 885 1801 691 886 1802 684 880 1803 690 887 1804 685 881 1805 682 883 1806 688 877 1807 687 888 1808 685 866 1809 691 886 1810 686 867 1811 684 879 1812 687 889 1813 689 890 1814 693 891 1815 701 892 1816 698 893 1817 687 889 1818 694 894 1819 689 890 1820 688 877 1821 696 895 1822 693 891 1823 689 896 1824 695 897 1825 690 887 1826 687 888 1827 693 898 1828 692 899 1829 701 900 1830 705 901 1831 706 902 1832 694 903 1833 700 904 1834 695 897 1835 692 899 1836 698 905 1837 697 906 1838 695 907 1839 701 900 1840 696 885 1841 692 908 1842 699 909 1843 694 894 1844 703 910 1845 711 911 1846 708 912 1847 697 913 1848 704 914 1849 699 909 1850 698 893 1851 706 915 1852 703 910 1853 700 904 1854 704 916 1855 705 917 1856 698 905 1857 702 918 1858 697 906 1859 711 919 1860 715 920 1861 716 921 1862 705 917 1863 709 922 1864 710 923 1865 703 924 1866 707 925 1867 702 918 1868 706 902 1869 710 926 1870 711 919 1871 702 927 1872 709 928 1873 704 914 1874 713 929 1875 721 930 1876 718 931 1877 707 932 1878 714 933 1879 709 928 1880 708 912 1881 716 934 1882 713 929 1883 710 923 1884 714 935 1885 715 936 1886 708 937 1887 712 938 1888 707 925 1889 714 935 1890 720 939 1891 715 936 1892 712 938 1893 718 940 1894 717 941 1895 716 921 1896 720 942 1897 721 943 1898 712 944 1899 719 945 1900 714 933 1901 722 946 1902 729 947 1903 724 948 1904 717 949 1905 724 948 1906 719 945 1907 729 950 1908 735 951 1909 730 952 1910 723 953 1911 731 954 1912 728 955 1913 724 956 1914 730 952 1915 725 957 1916 722 958 1917 728 959 1918 727 960 1919 726 961 1920 730 962 1921 731 963 1922 736 964 1923 740 965 1924 741 966 1925 728 959 1926 732 967 1927 727 960 1928 731 963 1929 735 968 1930 736 964 1931 727 969 1932 734 970 1933 729 947 1934 728 955 1935 736 971 1936 733 972 1937 819 973 1938 740 974 1939 739 975 1940 732 976 1941 739 977 1942 734 970 1943 733 972 1944 741 978 1945 738 979 1946 734 980 1947 740 974 1948 735 951 1949 732 967 1950 738 981 1951 737 982 1952 744 983 1953 747 984 1954 743 985 1955 754 986 1956 747 984 1957 749 987 1958 748 988 1959 746 989 1960 742 990 1961 743 991 1962 748 992 1963 742 993 1964 750 994 1965 744 995 1966 745 996 1967 751 997 1968 745 998 1969 746 999 1970 760 1000 1971 754 1001 1972 755 1002 1973 748 988 1974 756 1003 1975 751 1004 1976 755 1002 1977 749 1005 1978 750 994 1979 752 1006 1980 748 992 1981 747 1007 1982 751 997 1983 755 1008 1984 750 1009 1985 761 1010 1986 765 1011 1987 760 1012 1988 757 1013 1989 753 1014 1990 752 1006 1991 756 1015 1992 760 1012 1993 755 1008 1994 759 1016 1995 752 1017 1996 754 986 1997 753 1018 1998 761 1019 1999 756 1003 2000 763 1020 2001 771 1021 2002 766 1022 2003 759 1016 2004 762 1023 2005 757 1024 2006 763 1020 2007 761 1019 2008 758 1025 2009 760 1000 2010 764 1026 2011 759 1027 2012 762 1028 2013 758 1029 2014 757 1013 2015 771 1030 2016 775 1031 2017 770 1032 2018 770 1033 2019 764 1026 2020 765 1034 2021 762 1028 2022 768 1035 2023 763 1020 2024 771 1030 2025 765 1011 2026 766 1036 2027 764 1037 2028 767 1038 2029 762 1023 2030 773 1039 2031 781 1040 2032 776 1041 2033 774 1042 2034 767 1038 2035 769 1043 2036 768 1035 2037 776 1041 2038 771 1021 2039 775 1044 2040 769 1045 2041 770 1033 2042 772 1046 2043 768 1035 2044 767 1047 2045 786 1048 2046 780 1049 2047 781 1050 2048 780 1051 2049 774 1052 2050 775 1044 2051 777 1053 2052 773 1054 2053 772 1046 2054 776 1055 2055 780 1049 2056 775 1031 2057 779 1056 2058 772 1057 2059 774 1042 2060 783 1058 2061 791 1059 2062 786 1060 2063 779 1056 2064 782 1061 2065 777 1062 2066 783 1058 2067 781 1040 2068 778 1063 2069 780 1051 2070 784 1064 2071 779 1065 2072 782 1066 2073 778 1067 2074 777 1053 2075 791 1068 2076 795 1069 2077 790 1070 2078 785 1071 2079 789 1072 2080 784 1064 2081 787 1073 2082 783 1074 2083 782 1066 2084 786 1048 2085 790 1070 2086 785 1075 2087 789 1076 2088 782 1061 2089 784 1077 2090 794 1078 2091 787 1079 2092 789 1076 2093 788 1080 2094 796 1081 2095 791 1059 2096 795 1082 2097 789 1072 2098 790 1083 2099 787 1073 2100 793 1084 2101 788 1085 2102 797 1086 2103 803 1087 2104 798 1088 2105 797 1086 2106 793 1084 2107 792 1089 2108 799 1090 2109 792 1091 2110 794 1078 2111 809 1092 2112 802 1093 2113 804 1094 2114 801 1095 2115 805 1096 2116 800 1097 2117 804 1094 2118 797 1098 2119 799 1090 2120 798 1099 2121 806 1100 2122 801 1101 2123 805 1096 2124 799 1102 2125 800 1103 2126 815 1104 2127 809 1105 2128 810 1106 2129 803 1107 2130 811 1108 2131 806 1100 2132 810 1106 2133 804 1109 2134 805 1096 2135 802 1110 2136 808 1111 2137 803 1087 2138 811 1112 2139 805 1096 2140 806 1113 2141 816 1114 2142 820 1115 2143 815 1116 2144 807 1117 2145 813 1118 2146 808 1111 2147 811 1112 2148 815 1116 2149 810 1106 2150 814 1119 2151 807 1120 2152 809 1092 2153 808 1121 2154 816 1122 2155 811 1108 2156 817 1123 2157 739 977 2158 737 1124 2159 819 1125 2160 812 1126 2161 814 1119 2162 813 1127 2163 821 1128 2164 816 1122 2165 820 1129 2166 814 1130 2167 815 1104 2168 812 1131 2169 818 1132 2170 813 1118 2171 740 965 2172 821 1133 2173 741 966 2174 818 1132 2175 737 982 2176 738 981 2177 821 1128 2178 738 979 2179 741 978 2180 825 1134 2181 977 1135 2182 863 1136 2183 865 1137 2184 866 1138 2185 976 1139 2186 828 1140 2187 975 1141 2188 872 1142 2189 874 1143 2190 868 1144 2191 973 1145 2192 829 1146 2193 972 1147 2194 873 1148 2195 875 1149 2196 869 1150 2197 971 1151 2198 835 1152 2199 970 1153 2200 888 1154 2201 882 1155 2202 877 1156 2203 969 1157 2204 832 1158 2205 968 1159 2206 883 1160 2207 830 1161 2208 967 1162 2209 881 1163 2210 839 1164 2211 966 1165 2212 896 1166 2213 890 1167 2214 884 1168 2215 965 1169 2216 836 1170 2217 964 1171 2218 889 1172 2219 891 1173 2220 885 1174 2221 963 1175 2222 844 1176 2223 962 1177 2224 904 1178 2225 898 1179 2226 892 1180 2227 961 1181 2228 840 1182 2229 960 1183 2230 897 1184 2231 899 1185 2232 893 1186 2233 959 1187 2234 847 1188 2235 958 1189 2236 912 1190 2237 906 1191 2238 901 1192 2239 957 1193 2240 843 1194 2241 956 1195 2242 907 1196 2243 905 1197 2244 900 1198 2245 955 1199 2246 920 1200 2247 916 1201 2248 954 1202 2249 914 1203 2250 908 1204 2251 953 1205 2252 848 1206 2253 952 1207 2254 913 1208 2255 915 1209 2256 909 1210 2257 951 1211 2258 856 1212 2259 950 1213 2260 928 1214 2261 852 1215 2262 949 1216 2263 922 1217 2264 921 1218 2265 917 1219 2266 948 1220 2267 851 1221 2268 947 1222 2269 923 1223 2270 938 1224 2271 858 1225 2272 942 1226 2273 930 1227 2274 925 1228 2275 945 1229 2276 855 1230 2277 944 1231 2278 931 1232 2279 929 1233 2280 924 1234 2281 943 1235 2282 936 1236 2283 860 1237 2284 935 1238 2285 937 1239 2286 857 1240 2287 934 1241 2288 938 1224 2289 859 1242 2290 933 1243 2291 939 1244 2292 858 1225 2293 932 1245 2294 925 1228 2295 936 1246 2296 855 1247 2297 854 1248 2298 940 1249 2299 925 1228 2300 939 1244 2301 860 1237 2302 940 1250 2303 941 1251 2304 853 1252 2305 927 1253 2306 937 1254 2307 927 1253 2308 856 1212 2309 936 1236 2310 857 1240 2311 946 1255 2312 924 1234 2313 939 1256 2314 854 1257 2315 853 1258 2316 942 1259 2317 924 1234 2318 943 1235 2319 854 1257 2320 930 1260 2321 916 1201 2322 930 1260 2323 850 1261 2324 849 1262 2325 943 1235 2326 916 1201 2327 926 1263 2328 928 1264 2329 944 1231 2330 944 1231 2331 852 1265 2332 918 1266 2333 931 1232 2334 918 1266 2335 851 1221 2336 945 1229 2337 855 1247 2338 931 1267 2339 917 1219 2340 931 1267 2341 851 1268 2342 850 1269 2343 945 1229 2344 917 1219 2345 937 1239 2346 859 1242 2347 941 1270 2348 946 1271 2349 856 1272 2350 926 1263 2351 936 1273 2352 926 1263 2353 855 1230 2354 918 1266 2355 922 1274 2356 947 1222 2357 947 1222 2358 848 1275 2359 910 1276 2360 923 1223 2361 910 1276 2362 847 1188 2363 948 1220 2364 851 1268 2365 923 1277 2366 909 1210 2367 923 1277 2368 847 1278 2369 846 1279 2370 948 1220 2371 909 1210 2372 919 1280 2373 920 1281 2374 949 1216 2375 949 1216 2376 845 1282 2377 911 1283 2378 922 1217 2379 911 1283 2380 848 1206 2381 927 1253 2382 929 1284 2383 950 1213 2384 950 1213 2385 849 1285 2386 919 1280 2387 928 1214 2388 919 1280 2389 852 1215 2390 951 1211 2391 847 1278 2392 912 1286 2393 901 1192 2394 912 1286 2395 843 1287 2396 842 1288 2397 951 1211 2398 901 1192 2399 911 1283 2400 914 1289 2401 952 1207 2402 952 1207 2403 841 1290 2404 903 1291 2405 913 1208 2406 903 1291 2407 844 1176 2408 953 1205 2409 846 1292 2410 915 1293 2411 900 1198 2412 915 1293 2413 842 1294 2414 841 1295 2415 953 1205 2416 900 1198 2417 954 1202 2418 850 1261 2419 921 1296 2420 908 1204 2421 921 1296 2422 846 1292 2423 845 1297 2424 954 1202 2425 908 1204 2426 955 1199 2427 842 1294 2428 906 1298 2429 892 1180 2430 906 1298 2431 838 1299 2432 902 1300 2433 904 1301 2434 956 1195 2435 956 1195 2436 840 1302 2437 894 1303 2438 907 1196 2439 894 1303 2440 839 1164 2441 957 1193 2442 843 1287 2443 907 1304 2444 893 1186 2445 907 1304 2446 839 1305 2447 838 1306 2448 957 1193 2449 893 1186 2450 910 1276 2451 913 1307 2452 958 1189 2453 958 1189 2454 844 1308 2455 902 1300 2456 912 1190 2457 902 1300 2458 843 1194 2459 959 1187 2460 839 1305 2461 896 1309 2462 885 1174 2463 896 1309 2464 835 1310 2465 834 1311 2466 959 1187 2467 885 1174 2468 895 1312 2469 898 1313 2470 960 1183 2471 960 1183 2472 833 1314 2473 887 1315 2474 897 1184 2475 887 1315 2476 836 1170 2477 961 1181 2478 838 1299 2479 899 1316 2480 884 1168 2481 899 1316 2482 834 1317 2483 833 1318 2484 961 1181 2485 884 1168 2486 903 1291 2487 905 1319 2488 962 1177 2489 904 1178 2490 895 1312 2491 840 1182 2492 963 1175 2493 835 1310 2494 888 1320 2495 963 1175 2496 832 1321 2497 877 1156 2498 891 1173 2499 877 1156 2500 831 1322 2501 887 1315 2502 890 1323 2503 964 1171 2504 879 1324 2505 890 1323 2506 830 1325 2507 965 1169 2508 834 1317 2509 891 1326 2510 965 1169 2511 831 1327 2512 876 1328 2513 890 1167 2514 876 1328 2515 830 1161 2516 894 1303 2517 897 1329 2518 966 1165 2519 966 1165 2520 836 1330 2521 886 1331 2522 896 1166 2523 886 1331 2524 835 1152 2525 967 1162 2526 831 1327 2527 882 1332 2528 868 1144 2529 882 1332 2530 827 1333 2531 826 1334 2532 967 1162 2533 868 1144 2534 968 1159 2535 829 1335 2536 870 1336 2537 883 1160 2538 870 1336 2539 828 1140 2540 969 1157 2541 832 1321 2542 883 1337 2543 869 1150 2544 883 1337 2545 828 1338 2546 827 1339 2547 969 1157 2548 869 1150 2549 886 1331 2550 889 1340 2551 970 1153 2552 832 1158 2553 970 1153 2554 878 1341 2555 971 1151 2556 828 1338 2557 872 1342 2558 863 1136 2559 872 1342 2560 825 1134 2561 823 1343 2562 971 1151 2563 863 1136 2564 871 1344 2565 874 1345 2566 972 1147 2567 972 1147 2568 822 1346 2569 867 1347 2570 873 1148 2571 867 1347 2572 824 1348 2573 973 1145 2574 827 1333 2575 875 1349 2576 861 1350 2577 875 1349 2578 823 1351 2579 822 1352 2580 973 1145 2581 861 1350 2582 974 1353 2583 830 1325 2584 881 1354 2585 974 1353 2586 826 1355 2587 871 1344 2588 880 1356 2589 871 1344 2590 829 1146 2591 870 1336 2592 873 1357 2593 975 1141 2594 975 1141 2595 824 1358 2596 865 1137 2597 872 1142 2598 865 1137 2599 825 1359 2600 825 1359 2601 976 1139 2602 864 1360 2603 863 1136 2604 862 1361 2605 823 1343 2606 979 1362 2607 1136 1363 2608 1018 1364 2609 981 1365 2610 1135 1366 2611 1020 1367 2612 1022 1368 2613 1023 1369 2614 1134 1370 2615 984 1371 2616 1132 1372 2617 1029 1373 2618 989 1374 2619 1131 1375 2620 1037 1376 2621 1031 1377 2622 1025 1378 2623 1130 1379 2624 985 1380 2625 1129 1381 2626 1030 1382 2627 1032 1383 2628 1026 1384 2629 1128 1385 2630 1039 1386 2631 1034 1387 2632 1126 1388 2633 986 1389 2634 1124 1390 2635 1038 1391 2636 996 1392 2637 1123 1393 2638 1053 1394 2639 1047 1395 2640 1041 1396 2641 1122 1397 2642 993 1398 2643 1121 1399 2644 1046 1400 2645 1048 1401 2646 1042 1402 2647 1120 1403 2648 1001 1404 2649 1119 1405 2650 1061 1406 2651 1055 1407 2652 1049 1408 2653 1118 1409 2654 997 1410 2655 1117 1411 2656 1054 1412 2657 1056 1413 2658 1050 1414 2659 1116 1415 2660 1004 1416 2661 1115 1417 2662 1069 1418 2663 1063 1419 2664 1058 1420 2665 1114 1421 2666 1000 1422 2667 1113 1423 2668 1064 1424 2669 1062 1425 2670 1057 1426 2671 1112 1427 2672 1077 1428 2673 1073 1429 2674 1111 1430 2675 1071 1431 2676 1065 1432 2677 1110 1433 2678 1005 1434 2679 1109 1435 2680 1070 1436 2681 1072 1437 2682 1066 1438 2683 1108 1439 2684 1013 1440 2685 1107 1441 2686 1085 1442 2687 1009 1443 2688 1106 1444 2689 1079 1445 2690 1078 1446 2691 1074 1447 2692 1105 1448 2693 1008 1449 2694 1104 1450 2695 1080 1451 2696 1095 1452 2697 1015 1453 2698 1099 1454 2699 1087 1455 2700 1082 1456 2701 1102 1457 2702 1012 1458 2703 1101 1459 2704 1088 1460 2705 1086 1461 2706 1081 1462 2707 1100 1463 2708 1093 1464 2709 1017 1465 2710 1092 1466 2711 1094 1467 2712 1014 1468 2713 1091 1469 2714 1095 1452 2715 1016 1470 2716 1090 1471 2717 1096 1472 2718 1015 1453 2719 1089 1473 2720 1082 1456 2721 1093 1474 2722 1012 1475 2723 1011 1476 2724 1097 1477 2725 1082 1456 2726 1096 1472 2727 1017 1465 2728 1097 1478 2729 1098 1479 2730 1010 1480 2731 1084 1481 2732 1094 1482 2733 1084 1481 2734 1013 1440 2735 1093 1464 2736 1014 1468 2737 1103 1483 2738 1081 1462 2739 1096 1484 2740 1011 1485 2741 1010 1486 2742 1099 1487 2743 1081 1462 2744 1100 1463 2745 1011 1485 2746 1087 1488 2747 1073 1429 2748 1087 1488 2749 1007 1489 2750 1006 1490 2751 1100 1463 2752 1073 1429 2753 1083 1491 2754 1085 1492 2755 1101 1459 2756 1101 1459 2757 1009 1493 2758 1075 1494 2759 1088 1460 2760 1075 1494 2761 1008 1449 2762 1102 1457 2763 1012 1475 2764 1088 1495 2765 1074 1447 2766 1088 1495 2767 1008 1496 2768 1007 1497 2769 1102 1457 2770 1074 1447 2771 1094 1467 2772 1016 1470 2773 1098 1498 2774 1103 1499 2775 1013 1500 2776 1083 1491 2777 1093 1501 2778 1083 1491 2779 1012 1458 2780 1075 1494 2781 1079 1502 2782 1104 1450 2783 1104 1450 2784 1005 1503 2785 1067 1504 2786 1080 1451 2787 1067 1504 2788 1004 1416 2789 1105 1448 2790 1008 1496 2791 1080 1505 2792 1066 1438 2793 1080 1505 2794 1004 1506 2795 1003 1507 2796 1105 1448 2797 1066 1438 2798 1076 1508 2799 1077 1509 2800 1106 1444 2801 1106 1444 2802 1002 1510 2803 1068 1511 2804 1079 1445 2805 1068 1511 2806 1005 1434 2807 1084 1481 2808 1086 1512 2809 1107 1441 2810 1107 1441 2811 1006 1513 2812 1076 1508 2813 1085 1442 2814 1076 1508 2815 1009 1443 2816 1108 1439 2817 1004 1506 2818 1069 1514 2819 1058 1420 2820 1069 1514 2821 1000 1515 2822 999 1516 2823 1108 1439 2824 1058 1420 2825 1068 1511 2826 1071 1517 2827 1109 1435 2828 1109 1435 2829 998 1518 2830 1060 1519 2831 1070 1436 2832 1060 1519 2833 1001 1404 2834 1110 1433 2835 1003 1520 2836 1072 1521 2837 1057 1426 2838 1072 1521 2839 999 1522 2840 998 1523 2841 1110 1433 2842 1057 1426 2843 1111 1430 2844 1007 1489 2845 1078 1524 2846 1065 1432 2847 1078 1524 2848 1003 1520 2849 1002 1525 2850 1111 1430 2851 1065 1432 2852 1112 1427 2853 999 1522 2854 1063 1526 2855 1049 1408 2856 1063 1526 2857 995 1527 2858 1059 1528 2859 1061 1529 2860 1113 1423 2861 1113 1423 2862 997 1530 2863 1051 1531 2864 1064 1424 2865 1051 1531 2866 996 1392 2867 1114 1421 2868 1000 1515 2869 1064 1532 2870 1050 1414 2871 1064 1532 2872 996 1533 2873 995 1534 2874 1114 1421 2875 1050 1414 2876 1067 1504 2877 1070 1535 2878 1115 1417 2879 1115 1417 2880 1001 1536 2881 1059 1528 2882 1069 1418 2883 1059 1528 2884 1000 1422 2885 1116 1415 2886 996 1533 2887 1053 1537 2888 1042 1402 2889 1053 1537 2890 992 1538 2891 991 1539 2892 1116 1415 2893 1042 1402 2894 1052 1540 2895 1055 1541 2896 1117 1411 2897 1117 1411 2898 990 1542 2899 1044 1543 2900 1054 1412 2901 1044 1543 2902 993 1398 2903 1118 1409 2904 995 1527 2905 1056 1544 2906 1041 1396 2907 1056 1544 2908 991 1545 2909 990 1546 2910 1118 1409 2911 1041 1396 2912 1060 1519 2913 1062 1547 2914 1119 1405 2915 1061 1406 2916 1052 1540 2917 997 1410 2918 1120 1403 2919 992 1538 2920 1045 1548 2921 1048 1401 2922 1034 1387 2923 987 1549 2924 1044 1543 2925 1047 1550 2926 1121 1399 2927 1036 1551 2928 1047 1550 2929 986 1552 2930 989 1374 2931 1121 1399 2932 1036 1551 2933 1122 1397 2934 991 1545 2935 1048 1553 2936 1122 1397 2937 987 1554 2938 1033 1555 2939 1047 1395 2940 1033 1555 2941 986 1389 2942 1051 1531 2943 1054 1556 2944 1123 1393 2945 1123 1393 2946 993 1557 2947 1043 1558 2948 1124 1390 2949 987 1554 2950 1039 1559 2951 1025 1378 2952 1039 1559 2953 983 1560 2954 982 1561 2955 1124 1390 2956 1025 1378 2957 1035 1562 2958 1037 1563 2959 1125 1564 2960 1125 1564 2961 985 1565 2962 1027 1566 2963 1040 1567 2964 1027 1566 2965 984 1371 2966 1026 1384 2967 1040 1568 2968 984 1569 2969 983 1570 2970 1126 1388 2971 1026 1384 2972 1043 1558 2973 1046 1571 2974 1127 1572 2975 1035 1562 2976 1046 1571 2977 989 1573 2978 1128 1385 2979 984 1569 2980 1029 1574 2981 1020 1367 2982 1029 1574 2983 981 1365 2984 979 1575 2985 1128 1385 2986 1020 1367 2987 1028 1576 2988 1031 1577 2989 1129 1381 2990 1129 1381 2991 978 1578 2992 1024 1579 2993 1030 1382 2994 1024 1579 2995 980 1580 2996 1130 1379 2997 983 1560 2998 1032 1581 2999 1018 1364 3000 1032 1581 3001 979 1362 3002 978 1582 3003 1130 1379 3004 1018 1364 3005 1131 1375 3006 986 1552 3007 1038 1583 3008 1131 1375 3009 982 1584 3010 1028 1576 3011 1037 1376 3012 1028 1576 3013 985 1380 3014 1027 1566 3015 1030 1585 3016 1132 1372 3017 1132 1372 3018 980 1586 3019 1022 1368 3020 1029 1373 3021 1022 1368 3022 981 1587 3023 980 1580 3024 1133 1588 3025 1023 1589 3026 981 1587 3027 1134 1370 3028 1021 1590 3029 1020 1367 3030 1019 1591 3031 979 1575 3032 1138 1592 3033 1139 1593 3034 1137 1594 3035 1140 1595 3036 1141 1596 3037 1139 1593 3038 1142 1597 3039 1143 1598 3040 1141 1596 3041 1144 1599 3042 1145 1600 3043 1143 1598 3044 1146 1601 3045 1147 1602 3046 1145 1600 3047 1148 1603 3048 1149 1604 3049 1147 1602 3050 1150 1605 3051 1151 1606 3052 1149 1604 3053 1152 1607 3054 1153 1608 3055 1151 1606 3056 1154 1609 3057 1155 1610 3058 1153 1608 3059 1156 1611 3060 1157 1612 3061 1155 1610 3062 1158 1613 3063 1159 1614 3064 1157 1612 3065 1160 1615 3066 1161 1616 3067 1159 1614 3068 1162 1617 3069 1163 1618 3070 1161 1616 3071 1164 1619 3072 1165 1620 3073 1163 1618 3074 1166 1621 3075 1167 1622 3076 1165 1620 3077 1168 1623 3078 1169 1624 3079 1167 1622 3080 1170 1625 3081 1171 1626 3082 1169 1624 3083 1172 1627 3084 1173 1628 3085 1171 1626 3086 1174 1629 3087 1175 1630 3088 1173 1628 3089 1176 1631 3090 1177 1632 3091 1175 1630 3092 1178 1633 3093 1179 1634 3094 1177 1632 3095 1180 1635 3096 1181 1636 3097 1179 1634 3098 1182 1637 3099 1183 1638 3100 1181 1636 3101 1184 1639 3102 1185 1640 3103 1183 1638 3104 1186 1641 3105 1187 1642 3106 1185 1640 3107 1188 1643 3108 1189 1644 3109 1187 1642 3110 1190 1645 3111 1191 1646 3112 1189 1644 3113 1192 1647 3114 1193 1648 3115 1191 1646 3116 1194 1649 3117 1195 1650 3118 1193 1648 3119 1196 1651 3120 1197 1652 3121 1195 1650 3122 1150 1605 3123 1206 1653 3124 1207 1654 3125 1198 1655 3126 1199 1656 3127 1197 1652 3128 1200 1657 3129 1137 1594 3130 1199 1656 3131 1151 1658 3132 1167 230 3133 1183 1659 3134 1215 1660 3135 1248 1661 3136 1216 1662 3137 1168 1623 3138 1215 1660 3139 1216 1662 3140 1184 1639 3141 1225 1663 3142 1186 1641 3143 1140 1595 3144 1203 1664 3145 1142 1597 3146 1160 1615 3147 1211 1665 3148 1212 1666 3149 1176 1631 3150 1221 1667 3151 1178 1633 3152 1194 1649 3153 1230 1668 3154 1196 1651 3155 1152 1607 3156 1207 1654 3157 1208 1669 3158 1170 1625 3159 1216 1662 3160 1217 1670 3161 1186 1641 3162 1226 1671 3163 1188 1643 3164 1142 1597 3165 1204 1672 3166 1144 1599 3167 1160 1615 3168 1213 1673 3169 1162 1617 3170 1178 1633 3171 1222 1674 3172 1180 1635 3173 1196 1651 3174 1231 1675 3175 1198 1655 3176 1152 1607 3177 1209 1676 3178 1154 1609 3179 1170 1625 3180 1218 1677 3181 1172 1627 3182 1188 1643 3183 1227 1678 3184 1190 1645 3185 1144 1599 3186 1205 1679 3187 1146 1601 3188 1162 1617 3189 1214 1680 3190 1164 1619 3191 1180 1635 3192 1223 1681 3193 1182 1637 3194 1198 1655 3195 1232 1682 3196 1200 1657 3197 1154 1609 3198 1210 1683 3199 1156 1611 3200 1172 1627 3201 1219 1684 3202 1174 1629 3203 1190 1645 3204 1228 1685 3205 1192 1647 3206 1146 1601 3207 1206 1653 3208 1148 1603 3209 1166 1621 3210 1214 1680 3211 1215 1660 3212 1182 1637 3213 1224 1686 3214 1184 1639 3215 1140 1595 3216 1202 1687 3217 1201 1688 3218 1200 1657 3219 1202 1687 3220 1138 1592 3221 1158 1613 3222 1210 1683 3223 1211 1665 3224 1174 1629 3225 1220 1689 3226 1176 1631 3227 1192 1647 3228 1229 1690 3229 1194 1649 3230 1250 1691 3231 1283 1692 3232 1251 1693 3233 1203 1664 3234 1233 1694 3235 1235 1695 3236 1230 1668 3237 1261 1696 3238 1262 1697 3239 1216 1662 3240 1249 1698 3241 1217 1670 3242 1204 1672 3243 1235 1695 3244 1236 1699 3245 1231 1675 3246 1262 1697 3247 1263 1700 3248 1217 1670 3249 1250 1691 3250 1218 1677 3251 1205 1679 3252 1236 1699 3253 1237 1701 3254 1232 1682 3255 1263 1700 3256 1264 1702 3257 1219 1684 3258 1250 1691 3259 1251 1693 3260 1205 1679 3261 1238 1703 3262 1206 1653 3263 1202 1687 3264 1264 1702 3265 1234 1704 3266 1219 1684 3267 1252 1705 3268 1220 1689 3269 1206 1653 3270 1239 1706 3271 1207 1654 3272 1221 1667 3273 1252 1705 3274 1253 1707 3275 1207 1654 3276 1240 1708 3277 1208 1669 3278 1222 1674 3279 1253 1707 3280 1254 1709 3281 1208 1669 3282 1241 1710 3283 1209 1676 3284 1223 1681 3285 1254 1709 3286 1255 1711 3287 1209 1676 3288 1242 1712 3289 1210 1683 3290 1224 1686 3291 1255 1711 3292 1256 1713 3293 1210 1683 3294 1243 1714 3295 1211 1665 3296 1225 1663 3297 1256 1713 3298 1257 1715 3299 1211 1665 3300 1244 1716 3301 1212 1666 3302 1226 1671 3303 1257 1715 3304 1258 1717 3305 1212 1666 3306 1245 1718 3307 1213 1673 3308 1226 1671 3309 1259 1719 3310 1227 1678 3311 1213 1673 3312 1246 1720 3313 1214 1680 3314 1227 1678 3315 1260 1721 3316 1228 1685 3317 1214 1680 3318 1247 1722 3319 1215 1660 3320 1202 1687 3321 1233 1694 3322 1201 1688 3323 1229 1690 3324 1260 1721 3325 1261 1696 3326 1286 1723 3327 1317 1724 3328 1318 1725 3329 1237 1701 3330 1270 1726 3331 1238 1703 3332 1264 1702 3333 1266 1727 3334 1234 1704 3335 1251 1693 3336 1284 1728 3337 1252 1705 3338 1238 1703 3339 1271 1729 3340 1239 1706 3341 1253 1707 3342 1284 1728 3343 1285 1730 3344 1240 1708 3345 1271 1729 3346 1272 1731 3347 1253 1707 3348 1286 1723 3349 1254 1709 3350 1241 1710 3351 1272 1731 3352 1273 1732 3353 1254 1709 3354 1287 1733 3355 1255 1711 3356 1241 1710 3357 1274 1734 3358 1242 1712 3359 1255 1711 3360 1288 1735 3361 1256 1713 3362 1242 1712 3363 1275 1736 3364 1243 1714 3365 1256 1713 3366 1289 1737 3367 1257 1715 3368 1244 1716 3369 1275 1736 3370 1276 1738 3371 1257 1715 3372 1290 1739 3373 1258 1717 3374 1245 1718 3375 1276 1738 3376 1277 1740 3377 1259 1719 3378 1290 1739 3379 1291 1741 3380 1245 1718 3381 1278 1742 3382 1246 1720 3383 1259 1719 3384 1292 1743 3385 1260 1721 3386 1246 1720 3387 1279 1744 3388 1247 1722 3389 1233 1694 3390 1266 1727 3391 1265 1745 3392 1260 1721 3393 1293 1746 3394 1261 1696 3395 1248 1661 3396 1279 1744 3397 1280 1747 3398 1233 1694 3399 1267 1748 3400 1235 1695 3401 1262 1697 3402 1293 1746 3403 1294 1749 3404 1249 1698 3405 1280 1747 3406 1281 1750 3407 1235 1695 3408 1268 1751 3409 1236 1699 3410 1262 1697 3411 1295 1752 3412 1263 1700 3413 1249 1698 3414 1282 1753 3415 1250 1691 3416 1236 1699 3417 1269 1754 3418 1237 1701 3419 1264 1702 3420 1295 1752 3421 1296 1755 3422 1321 1756 3423 1352 1757 3424 1353 1758 3425 1273 1732 3426 1304 1759 3427 1305 1760 3428 1287 1733 3429 1318 1725 3430 1319 1761 3431 1273 1732 3432 1306 1762 3433 1274 1734 3434 1288 1735 3435 1319 1761 3436 1320 1763 3437 1275 1736 3438 1306 1762 3439 1307 1764 3440 1289 1737 3441 1320 1763 3442 1321 1756 3443 1275 1736 3444 1308 1765 3445 1276 1738 3446 1289 1737 3447 1322 1766 3448 1290 1739 3449 1277 1740 3450 1308 1765 3451 1309 1767 3452 1291 1741 3453 1322 1766 3454 1323 1768 3455 1278 1742 3456 1309 1767 3457 1310 1769 3458 1291 1741 3459 1324 1770 3460 1292 1743 3461 1279 1744 3462 1310 1769 3463 1311 1771 3464 1265 1745 3465 1298 1772 3466 1297 1773 3467 1292 1743 3468 1325 1774 3469 1293 1746 3470 1280 1747 3471 1311 1771 3472 1312 1775 3473 1267 1748 3474 1297 1773 3475 1299 1776 3476 1294 1749 3477 1325 1774 3478 1326 1777 3479 1280 1747 3480 1313 1778 3481 1281 1750 3482 1267 1748 3483 1300 1779 3484 1268 1751 3485 1295 1752 3486 1326 1777 3487 1327 1780 3488 1281 1750 3489 1314 1781 3490 1282 1753 3491 1268 1751 3492 1301 1782 3493 1269 1754 3494 1295 1752 3495 1328 1783 3496 1296 1755 3497 1282 1753 3498 1315 1784 3499 1283 1692 3500 1270 1726 3501 1301 1782 3502 1302 1785 3503 1296 1755 3504 1298 1772 3505 1266 1727 3506 1283 1692 3507 1316 1786 3508 1284 1728 3509 1271 1729 3510 1302 1785 3511 1303 1787 3512 1285 1730 3513 1316 1786 3514 1317 1724 3515 1272 1731 3516 1303 1787 3517 1304 1759 3518 1356 1788 3519 1387 1789 3520 1388 1790 3521 1307 1764 3522 1340 1791 3523 1308 1765 3524 1322 1766 3525 1353 1758 3526 1354 1792 3527 1308 1765 3528 1341 1793 3529 1309 1767 3530 1322 1766 3531 1355 1794 3532 1323 1768 3533 1310 1769 3534 1341 1793 3535 1342 1795 3536 1323 1768 3537 1356 1788 3538 1324 1770 3539 1311 1771 3540 1342 1795 3541 1343 1796 3542 1298 1772 3543 1329 1797 3544 1297 1773 3545 1324 1770 3546 1357 1798 3547 1325 1774 3548 1311 1771 3549 1344 1799 3550 1312 1775 3551 1297 1773 3552 1331 1800 3553 1299 1776 3554 1326 1777 3555 1357 1798 3556 1358 1801 3557 1313 1778 3558 1344 1799 3559 1345 1802 3560 1299 1776 3561 1332 1803 3562 1300 1779 3563 1327 1780 3564 1358 1801 3565 1359 1804 3566 1313 1778 3567 1346 1805 3568 1314 1781 3569 1300 1779 3570 1333 1806 3571 1301 1782 3572 1328 1783 3573 1359 1804 3574 1360 1807 3575 1314 1781 3576 1347 1808 3577 1315 1784 3578 1302 1785 3579 1333 1806 3580 1334 1809 3581 1298 1772 3582 1360 1807 3583 1330 1810 3584 1315 1784 3585 1348 1811 3586 1316 1786 3587 1303 1787 3588 1334 1809 3589 1335 1812 3590 1316 1786 3591 1349 1813 3592 1317 1724 3593 1303 1787 3594 1336 1814 3595 1304 1759 3596 1318 1725 3597 1349 1813 3598 1350 1815 3599 1304 1759 3600 1337 1816 3601 1305 1760 3602 1319 1761 3603 1350 1815 3604 1351 1817 3605 1306 1762 3606 1337 1816 3607 1338 1818 3608 1320 1763 3609 1351 1817 3610 1352 1757 3611 1306 1762 3612 1339 1819 3613 1307 1764 3614 1391 1820 3615 1422 1821 3616 1423 1822 3617 1342 1795 3618 1375 1823 3619 1343 1796 3620 1330 1810 3621 1361 1824 3622 1329 1797 3623 1357 1798 3624 1388 1790 3625 1389 1825 3626 1343 1796 3627 1376 1826 3628 1344 1799 3629 1329 1797 3630 1363 1827 3631 1331 1800 3632 1358 1801 3633 1389 1825 3634 1390 1828 3635 1345 1802 3636 1376 1826 3637 1377 1829 3638 1332 1803 3639 1363 1827 3640 1364 1830 3641 1359 1804 3642 1390 1828 3643 1391 1820 3644 1345 1802 3645 1378 1831 3646 1346 1805 3647 1333 1806 3648 1364 1830 3649 1365 1832 3650 1360 1807 3651 1391 1820 3652 1392 1833 3653 1346 1805 3654 1379 1834 3655 1347 1808 3656 1333 1806 3657 1366 1835 3658 1334 1809 3659 1330 1810 3660 1392 1833 3661 1362 1836 3662 1348 1811 3663 1379 1834 3664 1380 1837 3665 1334 1809 3666 1367 1838 3667 1335 1812 3668 1348 1811 3669 1381 1839 3670 1349 1813 3671 1335 1812 3672 1368 1840 3673 1336 1814 3674 1350 1815 3675 1381 1839 3676 1382 1841 3677 1336 1814 3678 1369 1842 3679 1337 1816 3680 1350 1815 3681 1383 1843 3682 1351 1817 3683 1337 1816 3684 1370 1844 3685 1338 1818 3686 1352 1757 3687 1383 1843 3688 1384 1845 3689 1338 1818 3690 1371 1846 3691 1339 1819 3692 1353 1758 3693 1384 1845 3694 1385 1847 3695 1340 1791 3696 1371 1846 3697 1372 1848 3698 1354 1792 3699 1385 1847 3700 1386 1849 3701 1340 1791 3702 1373 1850 3703 1341 1793 3704 1354 1792 3705 1387 1789 3706 1355 1794 3707 1341 1793 3708 1374 1851 3709 1342 1795 3710 1412 1852 3711 1445 1853 3712 1413 1854 3713 1377 1829 3714 1410 1855 3715 1378 1831 3716 1364 1830 3717 1397 1856 3718 1365 1832 3719 1392 1833 3720 1423 1822 3721 1424 1857 3722 1378 1831 3723 1411 1858 3724 1379 1834 3725 1366 1835 3726 1397 1856 3727 1398 1859 3728 1362 1836 3729 1424 1857 3730 1394 1860 3731 1380 1837 3732 1411 1858 3733 1412 1852 3734 1366 1835 3735 1399 1861 3736 1367 1838 3737 1380 1837 3738 1413 1854 3739 1381 1839 3740 1367 1838 3741 1400 1862 3742 1368 1840 3743 1382 1841 3744 1413 1854 3745 1414 1863 3746 1368 1840 3747 1401 1864 3748 1369 1842 3749 1383 1843 3750 1414 1863 3751 1415 1865 3752 1370 1844 3753 1401 1864 3754 1402 1866 3755 1384 1845 3756 1415 1865 3757 1416 1867 3758 1370 1844 3759 1403 1868 3760 1371 1846 3761 1384 1845 3762 1417 1869 3763 1385 1847 3764 1372 1848 3765 1403 1868 3766 1404 1870 3767 1386 1849 3768 1417 1869 3769 1418 1871 3770 1372 1848 3771 1405 1872 3772 1373 1850 3773 1386 1849 3774 1419 1873 3775 1387 1789 3776 1373 1850 3777 1406 1874 3778 1374 1851 3779 1388 1790 3780 1419 1873 3781 1420 1875 3782 1374 1851 3783 1407 1876 3784 1375 1823 3785 1362 1836 3786 1393 1877 3787 1361 1824 3788 1389 1825 3789 1420 1875 3790 1421 1878 3791 1375 1823 3792 1408 1879 3793 1376 1826 3794 1361 1824 3795 1395 1880 3796 1363 1827 3797 1390 1828 3798 1421 1878 3799 1422 1821 3800 1377 1829 3801 1408 1879 3802 1409 1881 3803 1364 1830 3804 1395 1880 3805 1396 1882 3806 1448 1883 3807 1479 1884 3808 1480 1885 3809 1399 1861 3810 1432 1886 3811 1400 1862 3812 1414 1863 3813 1445 1853 3814 1446 1887 3815 1400 1862 3816 1433 1888 3817 1401 1864 3818 1415 1865 3819 1446 1887 3820 1447 1889 3821 1401 1864 3822 1434 1890 3823 1402 1866 3824 1416 1867 3825 1447 1889 3826 1448 1883 3827 1402 1866 3828 1435 1891 3829 1403 1868 3830 1404 1870 3831 1435 1891 3832 1436 1892 3833 1404 1870 3834 1437 1893 3835 1405 1872 3836 1418 1871 3837 1451 1894 3838 1419 1873 3839 1405 1872 3840 1438 1895 3841 1406 1874 3842 1420 1875 3843 1451 1894 3844 1452 1896 3845 1406 1874 3846 1439 1897 3847 1407 1876 3848 1421 1878 3849 1452 1896 3850 1453 1898 3851 1407 1876 3852 1440 1899 3853 1408 1879 3854 1393 1877 3855 1427 1900 3856 1395 1880 3857 1422 1821 3858 1453 1898 3859 1454 1901 3860 1396 1882 3861 1427 1900 3862 1428 1902 3863 1423 1822 3864 1454 1901 3865 1455 1903 3866 1396 1882 3867 1429 1904 3868 1397 1856 3869 1424 1857 3870 1455 1903 3871 1456 1905 3872 1410 1855 3873 1443 1906 3874 1411 1858 3875 1398 1859 3876 1429 1904 3877 1430 1907 3878 1412 1852 3879 1443 1906 3880 1444 1908 3881 1398 1859 3882 1431 1909 3883 1399 1861 3884 1482 1910 3885 1515 1911 3886 1483 1912 3887 1434 1890 3888 1467 1913 3889 1435 1891 3890 1449 1914 3891 1480 1885 3892 1481 1915 3893 1436 1892 3894 1467 1913 3895 1468 1916 3896 1450 1917 3897 1481 1915 3898 1482 1910 3899 1436 1892 3900 1469 1918 3901 1437 1893 3902 1450 1917 3903 1483 1912 3904 1451 1894 3905 1438 1895 3906 1469 1918 3907 1470 1919 3908 1452 1896 3909 1483 1912 3910 1484 1920 3911 1438 1895 3912 1471 1921 3913 1439 1897 3914 1426 1922 3915 1457 1923 3916 1425 1924 3917 1452 1896 3918 1485 1925 3919 1453 1898 3920 1439 1897 3921 1472 1926 3922 1440 1899 3923 1425 1924 3924 1459 1927 3925 1427 1900 3926 1454 1901 3927 1485 1925 3928 1486 1928 3929 1441 1929 3930 1472 1926 3931 1473 1930 3932 1428 1902 3933 1459 1927 3934 1460 1931 3935 1455 1903 3936 1486 1928 3937 1487 1932 3938 1441 1929 3939 1474 1933 3940 1442 1934 3941 1428 1902 3942 1461 1935 3943 1429 1904 3944 1456 1905 3945 1487 1932 3946 1488 1936 3947 1443 1906 3948 1474 1933 3949 1475 1937 3950 1429 1904 3951 1462 1938 3952 1430 1907 3953 1426 1922 3954 1488 1936 3955 1458 1939 3956 1444 1908 3957 1475 1937 3958 1476 1940 3959 1430 1907 3960 1463 1941 3961 1431 1909 3962 1444 1908 3963 1477 1942 3964 1445 1853 3965 1432 1886 3966 1463 1941 3967 1464 1943 3968 1446 1887 3969 1477 1942 3970 1478 1944 3971 1432 1886 3972 1465 1945 3973 1433 1888 3974 1447 1889 3975 1478 1944 3976 1479 1884 3977 1433 1888 3978 1466 1946 3979 1434 1890 3980 1507 1947 3981 1538 1948 3982 1539 1949 3983 1469 1918 3984 1502 1950 3985 1470 1919 3986 1484 1920 3987 1515 1911 3988 1516 1951 3989 1470 1919 3990 1503 1952 3991 1471 1921 3992 1458 1939 3993 1489 1953 3994 1457 1923 3995 1484 1920 3996 1517 1954 3997 1485 1925 3998 1471 1921 3999 1504 1955 4000 1472 1926 4001 1457 1923 4002 1491 1956 4003 1459 1927 4004 1485 1925 4005 1518 1957 4006 1486 1928 4007 1473 1930 4008 1504 1955 4009 1505 1958 4010 1460 1931 4011 1491 1956 4012 1492 1959 4013 1487 1932 4014 1518 1957 4015 1519 1960 4016 1473 1930 4017 1506 1961 4018 1474 1933 4019 1461 1935 4020 1492 1959 4021 1493 1962 4022 1488 1936 4023 1519 1960 4024 1520 1963 4025 1475 1937 4026 1506 1961 4027 1507 1947 4028 1461 1935 4029 1494 1964 4030 1462 1938 4031 1458 1939 4032 1520 1963 4033 1490 1965 4034 1475 1937 4035 1508 1966 4036 1476 1940 4037 1462 1938 4038 1495 1967 4039 1463 1941 4040 1476 1940 4041 1509 1968 4042 1477 1942 4043 1463 1941 4044 1496 1969 4045 1464 1943 4046 1478 1944 4047 1509 1968 4048 1510 1970 4049 1464 1943 4050 1497 1971 4051 1465 1945 4052 1479 1884 4053 1510 1970 4054 1511 1972 4055 1466 1946 4056 1497 1971 4057 1498 1973 4058 1480 1885 4059 1511 1972 4060 1512 1974 4061 1466 1946 4062 1499 1975 4063 1467 1913 4064 1480 1885 4065 1513 1976 4066 1481 1915 4067 1467 1913 4068 1500 1977 4069 1468 1916 4070 1482 1910 4071 1513 1976 4072 1514 1978 4073 1468 1916 4074 1501 1979 4075 1469 1918 4076 1541 1980 4077 1574 1981 4078 1542 1982 4079 1493 1962 4080 1526 1983 4081 1494 1964 4082 1490 1965 4083 1552 1984 4084 1522 1985 4085 1508 1966 4086 1539 1949 4087 1540 1986 4088 1494 1964 4089 1527 1987 4090 1495 1967 4091 1508 1966 4092 1541 1988 4093 1509 1968 4094 1496 1969 4095 1527 1987 4096 1528 1989 4097 1510 1970 4098 1541 1988 4099 1542 1990 4100 1496 1969 4101 1529 1991 4102 1497 1971 4103 1511 1972 4104 1542 1990 4105 1543 1992 4106 1498 1973 4107 1529 1991 4108 1530 1993 4109 1512 1974 4110 1543 1992 4111 1544 1994 4112 1498 1973 4113 1531 1995 4114 1499 1975 4115 1512 1974 4116 1545 1996 4117 1513 1976 4118 1500 1977 4119 1531 1995 4120 1532 1997 4121 1514 1978 4122 1545 1996 4123 1546 1998 4124 1500 1977 4125 1533 1999 4126 1501 1979 4127 1514 1978 4128 1547 2000 4129 1515 1911 4130 1501 1979 4131 1534 2001 4132 1502 1950 4133 1516 1951 4134 1547 2000 4135 1548 2002 4136 1502 1950 4137 1535 2003 4138 1503 1952 4139 1490 1965 4140 1521 2004 4141 1489 1953 4142 1516 1951 4143 1549 2005 4144 1517 1954 4145 1503 1952 4146 1536 2006 4147 1504 1955 4148 1489 1953 4149 1523 2007 4150 1491 1956 4151 1518 1957 4152 1549 2005 4153 1550 2008 4154 1505 1958 4155 1536 2006 4156 1537 2009 4157 1492 1959 4158 1523 2007 4159 1524 2010 4160 1519 1960 4161 1550 2008 4162 1551 2011 4163 1505 1958 4164 1538 1948 4165 1506 1961 4166 1493 1962 4167 1524 2010 4168 1525 2012 4169 1520 1963 4170 1551 2011 4171 1552 1984 4172 1528 2013 4173 1561 2014 4174 1529 2015 4175 1542 1982 4176 1575 2016 4177 1543 2017 4178 1529 2015 4179 1562 2018 4180 1530 2019 4181 1543 2017 4182 1576 2020 4183 1544 2021 4184 1530 2019 4185 1563 2022 4186 1531 2023 4187 1544 2021 4188 1577 2024 4189 1545 2025 4190 1531 2023 4191 1564 2026 4192 1532 2027 4193 1545 2025 4194 1578 2028 4195 1546 2029 4196 1532 2027 4197 1565 2030 4198 1533 2031 4199 1546 2029 4200 1579 2032 4201 1547 2033 4202 1533 2031 4203 1566 2034 4204 1534 2035 4205 1547 2033 4206 1580 2036 4207 1548 2037 4208 1534 2035 4209 1567 2038 4210 1535 2039 4211 1522 2040 4212 1553 2041 4213 1521 2042 4214 1548 2037 4215 1581 2043 4216 1549 2044 4217 1536 2045 4218 1567 2038 4219 1568 2046 4220 1521 2042 4221 1555 2047 4222 1523 2048 4223 1549 2044 4224 1582 2049 4225 1550 2050 4226 1537 2051 4227 1568 2046 4228 1569 2052 4229 1523 2048 4230 1556 2053 4231 1524 2054 4232 1550 2050 4233 1583 2055 4234 1551 2056 4235 1538 2057 4236 1569 2052 4237 1570 2058 4238 1524 2054 4239 1557 2059 4240 1525 2060 4241 1551 2056 4242 1584 2061 4243 1552 2062 4244 1538 2057 4245 1571 2063 4246 1539 2064 4247 1525 2060 4248 1558 2065 4249 1526 2066 4250 1552 2062 4251 1554 2067 4252 1522 2040 4253 1539 2064 4254 1572 2068 4255 1540 2069 4256 1526 2066 4257 1559 2070 4258 1527 2071 4259 1540 2069 4260 1573 2072 4261 1541 1980 4262 1527 2071 4263 1560 2073 4264 1528 2013 4265 1611 2074 4266 1643 2075 4267 1612 2076 4268 1563 2077 4269 1596 2078 4270 1564 2079 4271 1564 2079 4272 1597 2080 4273 1565 2081 4274 1566 2082 4275 1597 2080 4276 1598 2083 4277 1566 2082 4278 1599 2084 4279 1567 2085 4280 1553 2086 4281 1586 2087 4282 1585 2088 4283 1581 2089 4284 1612 2090 4285 1613 2091 4286 1568 2092 4287 1599 2084 4288 1600 2093 4289 1555 2094 4290 1585 2088 4291 1587 2095 4292 1581 2089 4293 1614 2096 4294 1582 2097 4295 1568 2092 4296 1601 2098 4297 1569 2099 4298 1555 2094 4299 1588 2100 4300 1556 2101 4301 1582 2097 4302 1615 2102 4303 1583 2103 4304 1570 2104 4305 1601 2098 4306 1602 2105 4307 1557 2106 4308 1588 2100 4309 1589 2107 4310 1583 2103 4311 1616 2108 4312 1584 2109 4313 1570 2104 4314 1603 2110 4315 1571 2111 4316 1558 2112 4317 1589 2107 4318 1590 2113 4319 1584 2109 4320 1586 2087 4321 1554 2114 4322 1571 2111 4323 1604 2115 4324 1572 2116 4325 1559 2117 4326 1590 2113 4327 1591 2118 4328 1573 2119 4329 1604 2115 4330 1605 2120 4331 1559 2117 4332 1592 2121 4333 1560 2122 4334 1573 2119 4335 1606 2123 4336 1574 2124 4337 1561 2125 4338 1592 2121 4339 1593 2126 4340 1561 2125 4341 1594 2127 4342 1562 2128 4343 1563 2077 4344 1594 2127 4345 1595 2129 4346 1619 2130 4347 1650 2131 4348 1620 2132 4349 1598 2133 4350 1631 2134 4351 1599 2135 4352 1585 2136 4353 1618 2137 4354 1617 2138 4355 1613 2139 4356 1643 2075 4357 1644 2140 4358 1613 2139 4359 1645 2141 4360 1614 2142 4361 1600 2143 4362 1633 2144 4363 1601 2145 4364 1587 2146 4365 1620 2132 4366 1588 2147 4367 1602 2148 4368 1633 2144 4369 1634 2149 4370 1589 2150 4371 1620 2132 4372 1621 2151 4373 1589 2150 4374 1622 2152 4375 1590 2153 4376 1586 2154 4377 1646 2155 4378 1618 2137 4379 1591 2156 4380 1622 2152 4381 1623 2157 4382 1604 2158 4383 1636 2159 4384 1605 2160 4385 1591 2156 4386 1624 2161 4387 1592 2162 4388 1605 2160 4389 1637 2163 4390 1606 2164 4391 1593 2165 4392 1624 2161 4393 1625 2166 4394 1606 2164 4395 1638 2167 4396 1607 2168 4397 1593 2165 4398 1626 2169 4399 1594 2170 4400 1607 2168 4401 1639 2171 4402 1608 2172 4403 1594 2170 4404 1627 2173 4405 1595 2174 4406 1609 2175 4407 1639 2171 4408 1640 2176 4409 1595 2174 4410 1628 2177 4411 1596 2178 4412 1609 2175 4413 1641 2179 4414 1610 2180 4415 1596 2178 4416 1629 2181 4417 1597 2182 4418 1610 2180 4419 1642 2183 4420 1611 2074 4421 1597 2182 4422 1630 2184 4423 1598 2133 4424 1652 2185 4425 1685 2186 4426 1653 2187 4427 1634 2149 4428 1663 2188 4429 1664 2189 4430 1621 2151 4431 1650 2131 4432 1651 2190 4433 1622 2152 4434 1651 2190 4435 1652 2191 4436 1646 2155 4437 1648 2192 4438 1618 2137 4439 1623 2157 4440 1652 2191 4441 1653 2193 4442 1636 2159 4443 1666 2194 4444 1667 2195 4445 1623 2157 4446 1654 2196 4447 1624 2161 4448 1637 2163 4449 1667 2195 4450 1668 2197 4451 1625 2166 4452 1654 2196 4453 1655 2198 4454 1637 2163 4455 1669 2199 4456 1638 2167 4457 1625 2166 4458 1656 2200 4459 1626 2169 4460 1638 2167 4461 1670 2201 4462 1639 2171 4463 1627 2173 4464 1656 2200 4465 1657 2202 4466 1640 2176 4467 1670 2201 4468 1671 2203 4469 1627 2173 4470 1658 2204 4471 1628 2177 4472 1640 2176 4473 1672 2205 4474 1641 2179 4475 1629 2181 4476 1658 2204 4477 1659 2206 4478 1642 2183 4479 1672 2205 4480 1673 2207 4481 1630 2184 4482 1659 2206 4483 1660 2208 4484 1642 2183 4485 1674 2209 4486 1643 2075 4487 1630 2184 4488 1661 2210 4489 1631 2134 4490 1617 2138 4491 1648 2192 4492 1647 2211 4493 1644 2140 4494 1674 2209 4495 1675 2212 4496 1644 2140 4497 1676 2213 4498 1645 2141 4499 1632 2214 4500 1663 2188 4501 1633 2144 4502 1688 2215 4503 1719 2216 4504 1720 2217 4505 1666 2218 4506 1699 2219 4507 1667 2220 4508 1654 2221 4509 1685 2186 4510 1686 2222 4511 1667 2220 4512 1700 2223 4513 1668 2224 4514 1654 2221 4515 1687 2225 4516 1655 2226 4517 1669 2227 4518 1700 2223 4519 1701 2228 4520 1656 2229 4521 1687 2225 4522 1688 2230 4523 1670 2231 4524 1701 2228 4525 1702 2232 4526 1656 2229 4527 1689 2233 4528 1657 2234 4529 1671 2235 4530 1702 2232 4531 1703 2236 4532 1658 2237 4533 1689 2233 4534 1690 2238 4535 1672 2239 4536 1703 2236 4537 1704 2240 4538 1658 2237 4539 1691 2241 4540 1659 2242 4541 1672 2239 4542 1705 2243 4543 1673 2244 4544 1659 2242 4545 1692 2245 4546 1660 2246 4547 1673 2244 4548 1706 2247 4549 1674 2248 4550 1660 2246 4551 1693 2249 4552 1661 2250 4553 1648 2251 4554 1679 2252 4555 1647 2253 4556 1674 2248 4557 1707 2254 4558 1675 2255 4559 1661 2250 4560 1694 2256 4561 1662 2257 4562 1647 2253 4563 1681 2258 4564 1649 2259 4565 1675 2255 4566 1708 2260 4567 1676 2261 4568 1663 2262 4569 1694 2256 4570 1695 2263 4571 1650 2264 4572 1681 2258 4573 1682 2265 4574 1676 2261 4575 1709 2266 4576 1677 2267 4577 1663 2262 4578 1696 2268 4579 1664 2269 4580 1651 2270 4581 1682 2265 4582 1683 2271 4583 1677 2267 4584 1710 2272 4585 1678 2273 4586 1665 2274 4587 1696 2268 4588 1697 2275 4589 1651 2270 4590 1684 2276 4591 1652 2185 4592 1648 2251 4593 1710 2272 4594 1680 2277 4595 1666 2218 4596 1697 2275 4597 1698 2278 4598 1723 2279 4599 1722 2280 4600 1743 2281 4601 1702 2282 4602 1733 2283 4603 1734 2284 4604 1688 2215 4605 1721 2285 4606 1689 2286 4607 1702 2282 4608 1735 2287 4609 1703 2288 4610 1690 2289 4611 1721 2285 4612 1722 2280 4613 1704 2290 4614 1735 2287 4615 1736 2291 4616 1691 2292 4617 1722 2280 4618 1723 2279 4619 1704 2290 4620 1737 2293 4621 1705 2294 4622 1691 2292 4623 1724 2295 4624 1692 2296 4625 1706 2297 4626 1737 2293 4627 1738 2298 4628 1692 2296 4629 1725 2299 4630 1693 2300 4631 1680 2301 4632 1711 2302 4633 1679 2303 4634 1706 2297 4635 1739 2304 4636 1707 2305 4637 1693 2300 4638 1726 2306 4639 1694 2307 4640 1679 2303 4641 1713 2308 4642 1681 2309 4643 1708 2310 4644 1739 2304 4645 1740 2311 4646 1695 2312 4647 1726 2306 4648 1727 2313 4649 1682 2314 4650 1713 2308 4651 1714 2315 4652 1709 2316 4653 1740 2311 4654 1741 2317 4655 1695 2312 4656 1728 2318 4657 1696 2319 4658 1682 2314 4659 1715 2320 4660 1683 2321 4661 1710 2322 4662 1741 2317 4663 1742 2323 4664 1697 2324 4665 1728 2318 4666 1729 2325 4667 1683 2321 4668 1716 2326 4669 1684 2327 4670 1680 2301 4671 1742 2323 4672 1712 2328 4673 1698 2329 4674 1729 2325 4675 1730 2330 4676 1684 2327 4677 1717 2331 4678 1685 2332 4679 1698 2329 4680 1731 2333 4681 1699 2334 4682 1686 2335 4683 1717 2331 4684 1718 2336 4685 1699 2334 4686 1732 2337 4687 1700 2338 4688 1686 2335 4689 1719 2216 4690 1687 2339 4691 1701 2340 4692 1732 2337 4693 1733 2283 4694 1737 2293 4695 1736 2291 4696 1743 2281 4697 1724 2295 4698 1723 2279 4699 1743 2281 4700 1738 2298 4701 1737 2293 4702 1743 2281 4703 1725 2299 4704 1724 2295 4705 1743 2281 4706 1711 2302 4707 1712 2328 4708 1743 2281 4709 1739 2304 4710 1738 2298 4711 1743 2281 4712 1726 2306 4713 1725 2299 4714 1743 2281 4715 1713 2308 4716 1711 2302 4717 1743 2281 4718 1740 2311 4719 1739 2304 4720 1743 2281 4721 1727 2313 4722 1726 2306 4723 1743 2281 4724 1714 2315 4725 1713 2308 4726 1743 2281 4727 1741 2317 4728 1740 2311 4729 1743 2281 4730 1728 2318 4731 1727 2313 4732 1743 2281 4733 1715 2320 4734 1714 2315 4735 1743 2281 4736 1742 2323 4737 1741 2317 4738 1743 2281 4739 1729 2325 4740 1728 2318 4741 1743 2281 4742 1716 2326 4743 1715 2320 4744 1743 2281 4745 1712 2328 4746 1742 2323 4747 1743 2281 4748 1730 2330 4749 1729 2325 4750 1743 2281 4751 1717 2331 4752 1716 2326 4753 1743 2281 4754 1731 2333 4755 1730 2330 4756 1743 2281 4757 1718 2336 4758 1717 2331 4759 1743 2281 4760 1732 2337 4761 1731 2333 4762 1743 2281 4763 1719 2216 4764 1718 2336 4765 1743 2281 4766 1733 2283 4767 1732 2337 4768 1743 2281 4769 1720 2217 4770 1719 2216 4771 1743 2281 4772 1734 2284 4773 1733 2283 4774 1743 2281 4775 1721 2285 4776 1720 2217 4777 1743 2281 4778 1735 2287 4779 1734 2284 4780 1743 2281 4781 1722 2280 4782 1721 2285 4783 1743 2281 4784 1736 2291 4785 1735 2287 4786 1743 2281 4787 1795 2341 4788 1863 2342 4789 1864 2343 4790 1768 2344 4791 1818 2345 4792 1766 2346 4793 1747 2347 4794 1748 2348 4795 1746 2349 4796 1784 2350 4797 1826 2351 4798 1782 2351 4799 1749 2352 4800 1750 2353 4801 1748 2348 4802 1771 2354 4803 1853 2355 4804 1773 2356 4805 1800 2357 4806 1834 2358 4807 1798 2359 4808 1750 2353 4809 1753 2360 4810 1752 2361 4811 1787 2362 4812 1861 2363 4813 1789 2364 4814 1762 2365 4815 1815 2366 4816 1760 2367 4817 1753 2360 4818 1754 2368 4819 1752 2361 4820 1803 2369 4821 1869 2370 4822 1805 2371 4823 1778 2372 4824 1823 2373 4825 1776 2374 4826 1754 2368 4827 1757 2375 4828 1756 2376 4829 1794 2377 4830 1831 2378 4831 1792 2379 4832 1756 2376 4833 1759 2380 4834 1758 2381 4835 1756 2382 4836 1812 2383 4837 1754 2384 4838 1758 2381 4839 1761 2385 4840 1760 2386 4841 1765 2387 4842 1850 2388 4843 1767 2389 4844 1746 2390 4845 1839 2391 4846 1808 1656 4847 1761 2385 4848 1762 2392 4849 1760 2386 4850 1772 2393 4851 1820 2394 4852 1770 2395 4853 1762 2392 4854 1765 2396 4855 1764 2397 4856 1799 2398 4857 1865 2399 4858 1866 2400 4859 1788 2401 4860 1828 2402 4861 1786 2403 4862 1764 2397 4863 1767 2404 4864 1766 2405 4865 1759 2406 4866 1847 2407 4867 1761 2408 4868 1804 2409 4869 1836 2410 4870 1802 2411 4871 1766 2405 4872 1769 2412 4873 1768 2413 4874 1750 2047 4875 1744 2414 4876 1748 2415 4877 1768 2413 4878 1771 2416 4879 1770 2417 4880 1793 2418 4881 1862 2419 4882 1863 2342 4883 1766 2346 4884 1817 2420 4885 1764 2421 4886 1770 2417 4887 1773 2422 4888 1772 2423 4889 1782 2351 4890 1825 2424 4891 1780 2425 4892 1772 2423 4893 1775 2426 4894 1774 2427 4895 1753 2428 4896 1844 2429 4897 1755 2430 4898 1798 2359 4899 1833 2431 4900 1796 2431 4901 1775 2426 4902 1776 2432 4903 1774 2427 4904 1769 2433 4905 1852 2434 4906 1771 2354 4907 1760 2367 4908 1814 2435 4909 1758 2436 4910 1776 2432 4911 1779 2437 4912 1778 2438 4913 1785 2439 4914 1860 2440 4915 1787 2362 4916 1776 2374 4917 1822 2441 4918 1774 2441 4919 1779 2437 4920 1780 2442 4921 1778 2438 4922 1801 2443 4923 1868 2444 4924 1803 2369 4925 1792 2379 4926 1830 2445 4927 1790 2446 4928 1781 2447 4929 1782 2448 4930 1780 2442 4931 1763 2449 4932 1849 2450 4933 1765 2387 4934 1808 1656 4935 1838 2451 4936 1806 2452 4937 1783 2453 4938 1784 2454 4939 1782 2448 4940 1754 2384 4941 1811 2455 4942 1752 2456 4943 1785 2457 4944 1786 2458 4945 1784 2454 4946 1795 2341 4947 1865 2399 4948 1797 2459 4949 1770 2395 4950 1819 2460 4951 1768 2344 4952 1787 2461 4953 1788 2462 4954 1786 2458 4955 1786 2403 4956 1827 2463 4957 1784 2350 4958 1788 2462 4959 1791 2464 4960 1790 2465 4961 1757 2466 4962 1846 2467 4963 1759 2406 4964 1802 2411 4965 1835 2468 4966 1800 2357 4967 1791 2464 4968 1792 2469 4969 1790 2465 4970 1773 2356 4971 1854 2470 4972 1775 2471 4973 1764 2421 4974 1816 2472 4975 1762 2365 4976 1793 2473 4977 1794 2474 4978 1792 2469 4979 1789 2364 4980 1862 2419 4981 1791 2475 4982 1780 2425 4983 1824 2476 4984 1778 2372 4985 1794 2474 4986 1797 2477 4987 1796 2478 4988 1805 2371 4989 1870 2479 4990 1807 2480 4991 1796 2431 4992 1832 2481 4993 1794 2377 4994 1797 2477 4995 1798 2482 4996 1796 2478 4997 1751 2483 4998 1843 2484 4999 1753 2428 5000 1758 2436 5001 1813 2485 5002 1756 2382 5003 1799 2486 5004 1800 2487 5005 1798 2482 5006 1769 2433 5007 1850 2388 5008 1851 2488 5009 1748 2415 5010 1745 2489 5011 1746 2390 5012 1800 2487 5013 1803 2490 5014 1802 2491 5015 1785 2439 5016 1858 2492 5017 1859 2493 5018 1774 2441 5019 1821 2494 5020 1772 2393 5021 1803 2490 5022 1804 2495 5023 1802 2491 5024 1870 2479 5025 1901 2496 5026 1902 2497 5027 1790 2446 5028 1829 2498 5029 1788 2401 5030 1804 2495 5031 1807 2499 5032 1806 2500 5033 1801 2443 5034 1866 2400 5035 1867 2501 5036 1817 2502 5037 2222 2503 5038 2223 2504 5039 1807 2499 5040 1808 2505 5041 1806 2500 5042 1755 2430 5043 1845 2506 5044 1757 2466 5045 1752 2456 5046 1810 2507 5047 1750 2047 5048 1808 2505 5049 1747 2347 5050 1746 2349 5051 1806 2452 5052 1837 2508 5053 1804 2409 5054 1761 2408 5055 1848 2509 5056 1763 2449 5057 1899 2510 5058 1930 2511 5059 1931 2512 5060 1856 2513 5061 1889 2514 5062 1857 2515 5063 1843 2484 5064 1876 2516 5065 1844 2429 5066 1871 2517 5067 1902 2497 5068 1903 2518 5069 1857 2515 5070 1890 2519 5071 1858 2492 5072 1844 2429 5073 1877 2520 5074 1845 2506 5075 1871 2517 5076 1873 2521 5077 1841 2522 5078 1859 2493 5079 1890 2519 5080 1891 2523 5081 1845 2506 5082 1878 2524 5083 1846 2467 5084 1859 2493 5085 1892 2525 5086 1860 2440 5087 1846 2467 5088 1879 2526 5089 1847 2407 5090 1861 2363 5091 1892 2525 5092 1893 2527 5093 1848 2509 5094 1879 2526 5095 1880 2528 5096 1861 2363 5097 1894 2529 5098 1862 2419 5099 1848 2509 5100 1881 2530 5101 1849 2450 5102 1863 2342 5103 1894 2529 5104 1895 2531 5105 1849 2450 5106 1882 2532 5107 1850 2388 5108 1864 2343 5109 1895 2531 5110 1896 2533 5111 1851 2488 5112 1882 2532 5113 1883 2534 5114 1864 2343 5115 1897 2535 5116 1865 2399 5117 1852 2434 5118 1883 2534 5119 1884 2536 5120 1866 2400 5121 1897 2535 5122 1898 2537 5123 1852 2434 5124 1885 2538 5125 1853 2355 5126 1867 2501 5127 1898 2537 5128 1899 2510 5129 1853 2355 5130 1886 2539 5131 1854 2470 5132 1840 2540 5133 1873 2521 5134 1872 2541 5135 1867 2501 5136 1900 2542 5137 1868 2444 5138 1855 2543 5139 1886 2539 5140 1887 2544 5141 1842 2545 5142 1872 2541 5143 1874 2546 5144 1869 2370 5145 1900 2542 5146 1901 2496 5147 1855 2543 5148 1888 2547 5149 1856 2513 5150 1842 2545 5151 1875 2548 5152 1843 2484 5153 1907 2549 5154 1938 2550 5155 1939 2551 5156 1885 2538 5157 1918 2552 5158 1886 2539 5159 1872 2541 5160 1905 2553 5161 1904 2554 5162 1899 2510 5163 1932 2555 5164 1900 2542 5165 1886 2539 5166 1919 2556 5167 1887 2544 5168 1874 2546 5169 1904 2554 5170 1906 2557 5171 1901 2496 5172 1932 2555 5173 1933 2558 5174 1887 2544 5175 1920 2559 5176 1888 2547 5177 1874 2546 5178 1907 2560 5179 1875 2548 5180 1902 2497 5181 1933 2558 5182 1934 2561 5183 1888 2547 5184 1921 2562 5185 1889 2514 5186 1875 2548 5187 1908 2563 5188 1876 2516 5189 1903 2518 5190 1934 2561 5191 1935 2564 5192 1890 2519 5193 1921 2562 5194 1922 2565 5195 1877 2520 5196 1908 2563 5197 1909 2566 5198 1903 2518 5199 1905 2553 5200 1873 2521 5201 1891 2523 5202 1922 2565 5203 1923 2567 5204 1877 2520 5205 1910 2568 5206 1878 2524 5207 1891 2523 5208 1924 2569 5209 1892 2525 5210 1878 2524 5211 1911 2570 5212 1879 2526 5213 1893 2527 5214 1924 2569 5215 1925 2571 5216 1879 2526 5217 1912 2572 5218 1880 2528 5219 1893 2527 5220 1926 2573 5221 1894 2529 5222 1880 2528 5223 1913 2574 5224 1881 2530 5225 1895 2531 5226 1926 2573 5227 1927 2575 5228 1881 2530 5229 1914 2576 5230 1882 2532 5231 1896 2533 5232 1927 2575 5233 1928 2577 5234 1883 2534 5235 1914 2576 5236 1915 2578 5237 1896 2533 5238 1929 2579 5239 1897 2535 5240 1883 2534 5241 1916 2580 5242 1884 2536 5243 1898 2537 5244 1929 2579 5245 1930 2511 5246 1884 2536 5247 1917 2581 5248 1885 2538 5249 1941 408 5250 1974 2582 5251 1942 408 5252 1934 2583 5253 1965 2584 5254 1966 2585 5255 1920 2586 5256 1953 2587 5257 1921 2588 5258 1908 2589 5259 1939 2551 5260 1940 2590 5261 1935 2591 5262 1966 2585 5263 1967 2592 5264 1921 2588 5265 1954 2593 5266 1922 2594 5267 1909 2595 5268 1940 2590 5269 1941 2596 5270 1905 2597 5271 1967 2592 5272 1937 2598 5273 1922 2594 5274 1955 2599 5275 1923 2600 5276 1910 2601 5277 1941 2596 5278 1942 2602 5279 1923 2600 5280 1956 2603 5281 1924 2604 5282 1911 2605 5283 1942 2602 5284 1943 2606 5285 1924 2604 5286 1957 2607 5287 1925 2608 5288 1911 2605 5289 1944 2609 5290 1912 2610 5291 1925 2608 5292 1958 2611 5293 1926 2612 5294 1912 2610 5295 1945 2613 5296 1913 2614 5297 1926 2612 5298 1959 2615 5299 1927 2616 5300 1913 2614 5301 1946 2617 5302 1914 2618 5303 1927 2616 5304 1960 2619 5305 1928 2620 5306 1914 2618 5307 1947 2621 5308 1915 2622 5309 1929 2623 5310 1960 2619 5311 1961 2624 5312 1915 2622 5313 1948 2625 5314 1916 2626 5315 1930 2627 5316 1961 2624 5317 1962 2628 5318 1916 2626 5319 1949 2629 5320 1917 2630 5321 1931 2631 5322 1962 2628 5323 1963 2632 5324 1917 2630 5325 1950 2633 5326 1918 2634 5327 1904 2635 5328 1937 2598 5329 1936 2636 5330 1932 2637 5331 1963 2632 5332 1964 2638 5333 1918 2634 5334 1951 2639 5335 1919 2640 5336 1906 2641 5337 1936 2636 5338 1938 2550 5339 1933 2642 5340 1964 2638 5341 1965 2584 5342 1919 2640 5343 1952 2643 5344 1920 2586 5345 1970 2644 5346 1994 2645 5347 1986 2646 5348 1955 2647 5349 1988 2648 5350 1956 2649 5351 1999 2650 5352 2039 2651 5353 1998 2651 5354 1957 408 5355 1988 2648 5356 1989 408 5357 1960 2619 5358 2016 2652 5359 1961 2624 5360 1957 408 5361 1990 2653 5362 1958 408 5363 1968 2654 5364 2021 2655 5365 1969 2656 5366 1985 2657 5367 2030 2658 5368 1984 2659 5369 1959 2615 5370 2015 2660 5371 1960 2619 5372 1946 2661 5373 2027 2661 5374 1978 2662 5375 1947 2663 5376 1978 2664 5377 1979 2665 5378 1984 2659 5379 2028 2666 5380 1983 2667 5381 1948 2668 5382 1979 2665 5383 1980 2669 5384 1945 2613 5385 2007 2670 5386 1946 2617 5387 1948 2668 5388 1981 2671 5389 1949 2672 5390 1963 2673 5391 1994 2645 5392 1995 408 5393 1950 2674 5394 1981 2671 5395 1982 2675 5396 1938 2676 5397 2022 2677 5398 1970 2678 5399 1963 2673 5400 1996 2679 5401 1964 2680 5402 1958 2611 5403 2013 2681 5404 1959 2615 5405 1983 2667 5406 2029 2682 5407 1982 2683 5408 1964 2680 5409 1997 2684 5410 1965 2685 5411 1944 2609 5412 2006 2686 5413 1945 2613 5414 1938 2687 5415 1971 2688 5416 1939 2689 5417 1965 2685 5418 1998 2690 5419 1966 2691 5420 1943 2606 5421 2005 398 5422 1944 2609 5423 1939 2689 5424 1972 2692 5425 1940 2693 5426 1990 2694 5427 2014 2694 5428 1958 2695 5429 1942 2602 5430 2003 2696 5431 1943 2606 5432 1941 408 5433 1972 2692 5434 1973 408 5435 1994 2697 5436 2036 2698 5437 1993 2699 5438 1955 2647 5439 1986 2646 5440 1987 2700 5441 1986 2701 5442 2031 2702 5443 1985 2657 5444 1970 2703 5445 2020 2704 5446 1968 2654 5447 1961 2624 5448 2017 2705 5449 1962 2628 5450 1969 2656 5451 2038 2706 5452 1999 2650 5453 1998 2707 5454 2019 2708 5455 1966 2709 5456 1937 2598 5457 2000 2710 5458 1936 2636 5459 1975 2711 5460 2024 2712 5461 1974 2713 5462 1974 2714 5463 2004 2715 5464 1942 2716 5465 1950 2633 5466 2008 2717 5467 1951 2639 5468 1962 2718 5469 2037 2048 5470 1994 2719 5471 1936 2636 5472 2002 2720 5473 1938 2550 5474 1976 2721 5475 2023 2722 5476 1975 2711 5477 1951 2639 5478 2010 2723 5479 1952 2643 5480 1977 2724 5481 2025 2725 5482 1976 2721 5483 1952 2643 5484 2011 2726 5485 1953 2587 5486 1991 2727 5487 2034 2728 5488 1990 2729 5489 1966 2585 5490 2018 2730 5491 1967 2592 5492 1978 2731 5493 2026 2732 5494 1977 2724 5495 1954 2733 5496 2032 2734 5497 1986 2735 5498 1953 2587 5499 2012 2736 5500 1954 2593 5501 1992 2737 5502 2033 2738 5503 1991 2727 5504 1982 2739 5505 2009 2740 5506 1950 2741 5507 1967 2592 5508 2001 2742 5509 1937 2598 5510 1993 2699 5511 2035 2743 5512 1992 2737 5513 2041 2744 5514 2042 2745 5515 2040 2746 5516 2043 2747 5517 2044 2748 5518 2042 2745 5519 2045 2749 5520 2046 2750 5521 2044 2748 5522 2046 2750 5523 2049 2751 5524 2048 2752 5525 2049 2751 5526 2050 2753 5527 2048 2752 5528 2051 2754 5529 2052 2755 5530 2050 2753 5531 2052 2755 5532 2055 2756 5533 2054 2757 5534 2054 2757 5535 2057 2758 5536 2056 2759 5537 2056 2759 5538 2059 2760 5539 2058 2761 5540 2059 2760 5541 2060 2762 5542 2058 2761 5543 2061 2763 5544 2062 2764 5545 2060 2762 5546 2062 2764 5547 2065 2765 5548 2064 2766 5549 2064 2766 5550 2067 2767 5551 2066 2768 5552 2066 2768 5553 2069 2769 5554 2068 2770 5555 2068 2770 5556 2071 2771 5557 2070 2772 5558 2070 2772 5559 2073 2773 5560 2072 2774 5561 2073 2773 5562 2074 2775 5563 2072 2774 5564 2074 2775 5565 2077 2776 5566 2076 2777 5567 2077 2776 5568 2078 2778 5569 2076 2777 5570 2078 2778 5571 2081 2779 5572 2080 2780 5573 2081 2779 5574 2082 2781 5575 2080 2780 5576 2083 2782 5577 2084 2783 5578 2082 2781 5579 2085 2784 5580 2086 2785 5581 2084 2783 5582 2086 2785 5583 2089 2786 5584 2088 2787 5585 2089 2786 5586 2090 2788 5587 2088 2787 5588 2091 2789 5589 2092 2790 5590 2090 2788 5591 2093 2791 5592 2094 2792 5593 2092 2790 5594 2095 2793 5595 2096 2794 5596 2094 2792 5597 2097 2795 5598 2098 2796 5599 2096 2794 5600 2098 2796 5601 2101 2797 5602 2100 2798 5603 2093 2791 5604 2131 2799 5605 2095 2793 5606 2101 2797 5607 2102 2800 5608 2100 2798 5609 2102 2800 5610 2041 2744 5611 2040 2746 5612 2070 2801 5613 2086 2802 5614 2102 2803 5615 2115 2804 5616 2148 2805 5617 2116 2806 5618 2051 2754 5619 2108 2807 5620 2109 2808 5621 2067 2767 5622 2118 2809 5623 2069 2769 5624 2087 2810 5625 2126 2811 5626 2127 2812 5627 2041 2744 5628 2104 2813 5629 2043 2747 5630 2103 2814 5631 2105 2815 5632 2041 2744 5633 2059 2760 5634 2114 2816 5635 2061 2763 5636 2079 2817 5637 2122 2818 5638 2123 2819 5639 2095 2793 5640 2132 2820 5641 2097 2795 5642 2051 2754 5643 2110 2821 5644 2053 2822 5645 2071 2771 5646 2118 2809 5647 2119 2823 5648 2089 2786 5649 2127 2812 5650 2128 2824 5651 2043 2747 5652 2106 2825 5653 2045 2749 5654 2063 2826 5655 2114 2816 5656 2115 2804 5657 2079 2817 5658 2124 2827 5659 2081 2779 5660 2099 2828 5661 2132 2820 5662 2133 2829 5663 2053 2822 5664 2111 2830 5665 2055 2756 5666 2073 2773 5667 2119 2823 5668 2120 2831 5669 2091 2789 5670 2128 2824 5671 2129 2832 5672 2045 2749 5673 2107 2833 5674 2047 2834 5675 2063 2826 5676 2116 2806 5677 2065 2765 5678 2083 2782 5679 2124 2827 5680 2125 2835 5681 2101 2797 5682 2133 2829 5683 2134 2836 5684 2055 2756 5685 2112 2837 5686 2057 2758 5687 2073 2773 5688 2121 2838 5689 2075 2839 5690 2093 2791 5691 2129 2832 5692 2130 2840 5693 2049 2751 5694 2107 2833 5695 2108 2807 5696 2065 2765 5697 2117 2841 5698 2067 2767 5699 2085 2784 5700 2125 2835 5701 2126 2811 5702 2103 2814 5703 2134 2836 5704 2135 2842 5705 2057 2758 5706 2113 2843 5707 2059 2760 5708 2077 2776 5709 2121 2838 5710 2122 2818 5711 2151 2844 5712 2184 2845 5713 2152 2846 5714 2129 2832 5715 2162 2847 5716 2130 2840 5717 2116 2806 5718 2149 2848 5719 2117 2841 5720 2130 2840 5721 2163 2849 5722 2131 2799 5723 2117 2841 5724 2150 2850 5725 2118 2809 5726 2104 2813 5727 2137 2851 5728 2136 2852 5729 2131 2799 5730 2164 2853 5731 2132 2820 5732 2118 2809 5733 2151 2844 5734 2119 2823 5735 2106 2825 5736 2136 2852 5737 2138 2854 5738 2132 2820 5739 2165 2855 5740 2133 2829 5741 2119 2823 5742 2152 2846 5743 2120 2831 5744 2107 2833 5745 2138 2854 5746 2139 2856 5747 2133 2829 5748 2166 2857 5749 2134 2836 5750 2121 2838 5751 2152 2846 5752 2153 2858 5753 2108 2807 5754 2139 2856 5755 2140 2859 5756 2134 2836 5757 2167 2860 5758 2135 2842 5759 2122 2818 5760 2153 2858 5761 2154 2861 5762 2109 2808 5763 2140 2859 5764 2141 2862 5765 2135 2842 5766 2137 2851 5767 2105 2815 5768 2123 2819 5769 2154 2861 5770 2155 2863 5771 2110 2821 5772 2141 2862 5773 2142 2864 5774 2124 2827 5775 2155 2863 5776 2156 2865 5777 2111 2830 5778 2142 2864 5779 2143 2866 5780 2125 2835 5781 2156 2865 5782 2157 2867 5783 2112 2837 5784 2143 2866 5785 2144 2868 5786 2126 2811 5787 2157 2867 5788 2158 2869 5789 2112 2837 5790 2145 2870 5791 2113 2843 5792 2127 2812 5793 2158 2869 5794 2159 2871 5795 2113 2843 5796 2146 2872 5797 2114 2816 5798 2128 2824 5799 2159 2871 5800 2160 2873 5801 2114 2816 5802 2147 2874 5803 2115 2804 5804 2128 2824 5805 2161 2875 5806 2129 2832 5807 2172 2876 5808 2171 2877 5809 2180 2878 5810 2139 2856 5811 2170 2879 5812 2171 2880 5813 2165 2855 5814 2198 2881 5815 2166 2857 5816 2153 2858 5817 2184 2845 5818 2185 2882 5819 2140 2859 5820 2171 2880 5821 2172 2883 5822 2166 2857 5823 2199 2884 5824 2167 2860 5825 2154 2861 5826 2185 2882 5827 2186 2885 5828 2141 2862 5829 2172 2883 5830 2173 2886 5831 2167 2860 5832 2169 2887 5833 2137 2851 5834 2155 2863 5835 2186 2885 5836 2187 2888 5837 2142 2889 5838 2173 2886 5839 2174 2890 5840 2156 2865 5841 2187 2888 5842 2188 2891 5843 2143 2892 5844 2174 2890 5845 2175 2893 5846 2157 2867 5847 2188 2891 5848 2189 2894 5849 2144 2895 5850 2175 2893 5851 2176 2896 5852 2158 2897 5853 2189 2894 5854 2190 2898 5855 2144 2895 5856 2177 2899 5857 2145 2900 5858 2159 2901 5859 2190 2898 5860 2191 2902 5861 2145 2900 5862 2178 2903 5863 2146 2904 5864 2160 2905 5865 2191 2902 5866 2192 2906 5867 2146 2904 5868 2179 2907 5869 2147 2874 5870 2160 2905 5871 2193 2908 5872 2161 2909 5873 2147 2874 5874 2180 2910 5875 2148 2805 5876 2161 2909 5877 2194 2911 5878 2162 2912 5879 2148 2805 5880 2181 2913 5881 2149 2848 5882 2162 2912 5883 2195 2914 5884 2163 2849 5885 2149 2848 5886 2182 2915 5887 2150 2850 5888 2136 2852 5889 2169 2887 5890 2168 2916 5891 2163 2849 5892 2196 2917 5893 2164 2853 5894 2150 2850 5895 2183 2918 5896 2151 2844 5897 2138 2854 5898 2168 2916 5899 2170 2879 5900 2164 2853 5901 2197 2919 5902 2165 2855 5903 2210 2920 5904 2243 2921 5905 2211 2922 5906 1826 2923 5907 2215 2924 5908 1825 2925 5909 1839 2926 5910 2201 2927 5911 2200 2928 5912 1834 2929 5913 2207 2930 5914 1833 2931 5915 1839 2926 5916 2202 2932 5917 1838 2933 5918 1814 2934 5919 2225 2935 5920 2226 2936 5921 1823 2937 5922 2218 2938 5923 1822 2939 5924 1831 2940 5925 2210 2941 5926 1830 2942 5927 1811 2943 5928 2228 2944 5929 2229 2945 5930 1819 2946 5931 2220 2947 5932 2221 2948 5933 1827 2949 5934 2212 2950 5935 2213 2951 5936 1836 2952 5937 2205 2953 5938 1835 2954 5939 1744 2955 5940 2201 2927 5941 1745 2956 5942 1816 2957 5943 2223 2504 5944 2224 2958 5945 1825 2925 5946 2216 2959 5947 1824 2960 5948 1832 2961 5949 2207 2930 5950 2208 2962 5951 1814 2934 5952 2227 2963 5953 1813 2964 5954 1821 2965 5955 2218 2938 5956 2219 2966 5957 1829 2967 5958 2210 2941 5959 2211 2968 5960 1837 2969 5961 2202 2932 5962 2203 2970 5963 1810 2971 5964 2229 2945 5965 2230 2972 5966 1818 2973 5967 2221 2948 5968 2222 2503 5969 1827 2949 5970 2214 2974 5971 1826 2923 5972 1835 2954 5973 2206 2975 5974 1834 2929 5975 1816 2957 5976 2225 2935 5977 1815 2976 5978 1823 2937 5979 2216 2959 5980 2217 2977 5981 1832 2961 5982 2209 2978 5983 1831 2940 5984 1812 2979 5985 2227 2963 5986 2228 2944 5987 1820 2947 5988 2219 2966 5989 2220 2947 5990 1829 2967 5991 2212 2950 5992 1828 2980 5993 1837 2969 5994 2204 2981 5995 1836 2952 5996 1810 2971 5997 2231 2982 5998 1744 2955 5999 2246 2983 6000 2277 2984 6001 2278 2985 6002 2224 2986 6003 2257 2987 6004 2225 2988 6005 2211 2922 6006 2244 2989 6007 2212 2990 6008 2225 2988 6009 2258 2991 6010 2226 2992 6011 2212 2990 6012 2245 2993 6013 2213 2994 6014 2226 2992 6015 2259 2995 6016 2227 2996 6017 2213 2994 6018 2246 2983 6019 2214 2997 6020 2200 2998 6021 2233 2999 6022 2232 3000 6023 2228 3001 6024 2259 2995 6025 2260 3002 6026 2214 2997 6027 2247 3003 6028 2215 3004 6029 2202 3005 6030 2232 3000 6031 2234 3006 6032 2229 3007 6033 2260 3002 6034 2261 3008 6035 2215 3004 6036 2248 3009 6037 2216 3010 6038 2203 3011 6039 2234 3006 6040 2235 3012 6041 2230 3013 6042 2261 3008 6043 2262 3014 6044 2216 3010 6045 2249 3015 6046 2217 3016 6047 2204 3017 6048 2235 3012 6049 2236 3018 6050 2231 3019 6051 2262 3014 6052 2263 3020 6053 2217 3016 6054 2250 3021 6055 2218 3022 6056 2205 3023 6057 2236 3018 6058 2237 3024 6059 2201 3025 6060 2263 3020 6061 2233 2999 6062 2218 3022 6063 2251 3026 6064 2219 3027 6065 2205 3023 6066 2238 3028 6067 2206 2032 6068 2219 3027 6069 2252 3029 6070 2220 3030 6071 2206 2032 6072 2239 3031 6073 2207 3032 6074 2220 3030 6075 2253 3033 6076 2221 3034 6077 2207 3032 6078 2240 3035 6079 2208 3036 6080 2221 3034 6081 2254 3037 6082 2222 3038 6083 2208 3036 6084 2241 3039 6085 2209 3040 6086 2222 3038 6087 2255 3041 6088 2223 3042 6089 2209 3040 6090 2242 3043 6091 2210 2920 6092 2223 3042 6093 2256 3044 6094 2224 2986 6095 2289 3045 6096 2281 3046 6097 2273 3047 6098 2233 2999 6099 2264 3048 6100 2232 3000 6101 2259 2995 6102 2292 3049 6103 2260 3002 6104 2247 3003 6105 2278 2985 6106 2279 3050 6107 2234 3006 6108 2264 3048 6109 2266 3051 6110 2260 3002 6111 2293 3052 6112 2261 3008 6113 2247 3003 6114 2280 3053 6115 2248 3009 6116 2235 3012 6117 2266 3051 6118 2267 3054 6119 2262 3014 6120 2293 3052 6121 2294 3055 6122 2248 3009 6123 2281 3056 6124 2249 3015 6125 2236 3018 6126 2267 3054 6127 2268 3057 6128 2263 3020 6129 2294 3055 6130 2295 3058 6131 2250 3021 6132 2281 3056 6133 2282 3059 6134 2236 3018 6135 2269 3060 6136 2237 3024 6137 2233 2999 6138 2295 3058 6139 2265 3061 6140 2250 3021 6141 2283 3062 6142 2251 3026 6143 2238 3028 6144 2269 3060 6145 2270 3063 6146 2251 3026 6147 2284 3064 6148 2252 3029 6149 2239 3031 6150 2270 3063 6151 2271 3065 6152 2253 3033 6153 2284 3064 6154 2285 3066 6155 2239 3031 6156 2272 3067 6157 2240 3035 6158 2254 3037 6159 2285 3066 6160 2286 3068 6161 2241 3039 6162 2272 3067 6163 2273 3069 6164 2254 3037 6165 2287 3070 6166 2255 3041 6167 2242 3043 6168 2273 3069 6169 2274 3071 6170 2255 3041 6171 2288 3072 6172 2256 3044 6173 2243 2921 6174 2274 3071 6175 2275 3073 6176 2257 2987 6177 2288 3072 6178 2289 3074 6179 2244 2989 6180 2275 3073 6181 2276 3075 6182 2257 2987 6183 2290 3076 6184 2258 2991 6185 2244 2989 6186 2277 2984 6187 2245 2993 6188 2259 2995 6189 2290 3076 6190 2291 3077 6191 2300 3078 6192 1024 1579 6193 2298 3079 6194 2302 3080 6195 1133 1588 6196 2300 3078 6197 1023 1589 6198 2302 3080 6199 2305 3081 6200 1134 1370 6201 2305 3082 6202 2308 3083 6203 1021 1590 6204 2308 3083 6205 2313 3084 6206 1021 1590 6207 2313 3084 6208 2317 3085 6209 1135 1366 6210 2297 3086 6211 1019 1591 6212 1019 3087 6213 2296 3088 6214 1136 1363 6215 1136 1363 6216 2296 3088 6217 2299 3089 6218 1018 1364 6219 2299 3089 6220 2301 3090 6221 1092 3091 6222 2303 3092 6223 2304 3093 6224 1015 3094 6225 2310 3095 6226 2309 3096 6227 1089 3097 6228 2307 3098 6229 2311 3099 6230 1015 3094 6231 2315 3100 6232 2310 3095 6233 1014 3101 6234 2306 3102 6235 2316 3103 6236 2320 3104 6237 1090 3105 6238 2319 3106 6239 1017 3107 6240 2303 3108 6241 1092 3109 6242 1091 3110 6243 2318 3111 6244 2321 3112 6245 1408 1879 6246 2305 3113 6247 2302 3114 6248 1410 1855 6249 2296 3115 6250 2297 3116 6251 1777 3117 6252 2316 3118 6253 2306 3119 6254 1855 2543 6255 2320 3120 6256 2319 3121 6257 2307 3122 6258 1783 3123 6259 2311 3124 6260 1854 2470 6261 2321 3125 6262 2318 3126 6263 2303 3127 6264 2312 3128 6265 1781 3129 6266 2310 3130 6267 2315 3131 6268 1857 2515 6269 823 1351 6270 862 3132 6271 2323 3133 6272 867 1347 6273 2324 3134 6274 2325 3135 6275 2328 3136 6276 866 3137 6277 2327 3138 6278 867 1347 6279 2325 3135 6280 2327 3138 6281 976 1139 6282 2328 3139 6283 2330 3140 6284 864 1360 6285 2330 3140 6286 2331 3141 6287 2332 3142 6288 864 3143 6289 2331 3144 6290 2326 3145 6291 977 1135 6292 2332 3142 6293 2323 3133 6294 862 3132 6295 2326 3146 6296 861 1350 6297 2322 3147 6298 2329 3148 6299 935 3149 6300 2334 3150 6301 2333 3151 6302 858 3152 6303 2339 3153 6304 2338 3154 6305 932 3155 6306 2337 3156 6307 2340 3157 6308 858 3152 6309 2342 3158 6310 2339 3153 6311 857 3159 6312 2336 3160 6313 2343 3161 6314 2346 3162 6315 933 3163 6316 2345 3164 6317 860 3165 6318 2334 3166 6319 935 3167 6320 934 3168 6321 2344 3169 6322 2347 3170 6323 1393 1877 6324 2323 3171 6325 2326 3172 6326 1424 1857 6327 2328 3173 6328 2327 3174 6329 2345 3175 6330 1871 2517 6331 2346 3176 6332 1809 3177 6333 2336 3178 6334 2333 3179 6335 2337 3180 6336 2338 3181 6337 1842 2545 6338 1807 2480 6339 1870 2479 6340 2344 3182 6341 1840 2540 6342 2339 3183 6343 2342 3184 6344 1747 3185 6345 2333 3179 6346 2334 3186 6347 662 3187 6348 2349 3188 6349 2348 3189 6350 663 3190 6351 664 840 6352 2351 3191 6353 2351 3192 6354 665 852 6355 2352 3193 6356 2353 3194 6357 2352 3195 6358 666 855 6359 662 846 6360 2348 3196 6361 2356 3197 6362 2357 3198 6363 742 993 6364 2358 3199 6365 2357 3200 6366 2359 3201 6367 2360 3202 6368 745 996 6369 2360 3203 6370 2361 3204 6371 746 999 6372 745 998 6373 2361 3205 6374 742 990 6375 2362 3206 6376 2358 3207 6377 1587 2146 6378 2358 3208 6379 2362 3209 6380 1645 2141 6381 2354 3210 6382 2355 3211 6383 2348 3212 6384 2349 3213 6385 1615 3214 6386 2354 3210 6387 1645 2141 6388 1676 2213 6389 1677 3215 6390 2351 3216 6391 2352 3217 6392 1649 3218 6393 2361 3219 6394 2360 3220 6395 2364 3221 6396 502 556 6397 2366 3222 6398 2364 3223 6399 2367 3224 6400 2369 3225 6401 505 559 6402 2369 3226 6403 2371 3227 6404 506 562 6405 2371 3228 6406 2377 3229 6407 506 552 6408 2381 3230 6409 2383 3231 6410 563 673 6411 558 653 6412 2394 3232 6413 566 674 6414 2397 3233 6415 2396 3234 6416 2391 3235 6417 559 657 6418 2398 3236 6419 2399 3237 6420 562 660 6421 2393 3238 6422 560 651 6423 2395 3239 6424 2401 3240 6425 564 669 6426 2399 3241 6427 2400 3242 6428 582 3243 6429 2365 3244 6430 2388 3245 6431 583 3246 6432 584 698 6433 2372 3247 6434 585 710 6435 2372 3248 6436 584 708 6437 2375 3249 6438 585 711 6439 586 713 6440 582 704 6441 2385 3250 6442 586 702 6443 643 3251 6444 2370 3252 6445 2380 3253 6446 637 797 6447 2387 3254 6448 2376 3255 6449 642 802 6450 2373 3256 6451 2370 3257 6452 639 801 6453 2376 3258 6454 2374 3259 6455 641 786 6456 2379 3260 6457 2386 3261 6458 640 795 6459 2389 3262 6460 2382 3263 6461 717 941 6462 2400 3264 6463 2399 3265 6464 720 942 6465 2401 3266 6466 2395 3267 6467 726 961 6468 2390 3268 6469 725 3269 6470 721 930 6471 2396 3270 6472 2397 3271 6473 723 953 6474 2394 3272 6475 726 3273 6476 2398 3274 6477 2401 3240 6478 719 3275 6479 793 3276 6480 798 1099 6481 2370 3277 6482 2387 3278 6483 800 1103 6484 799 1102 6485 801 1095 6486 2386 3279 6487 2379 3280 6488 795 1069 6489 2382 3281 6490 2389 3282 6491 1600 2143 6492 1599 2135 6493 2388 3283 6494 2364 3284 6495 2366 3285 6496 1603 3286 6497 1603 3286 6498 2383 3287 6499 2381 3288 6500 1665 3289 6501 2371 3290 6502 2369 3291 6503 1666 2194 6504 1635 3292 6505 2378 3293 6506 1661 2210 6507 2372 3294 6508 2375 3295 6509 2408 3296 6510 2409 3297 6511 374 420 6512 380 475 6513 2422 3298 6514 2425 3299 6515 2426 3300 6516 381 3301 6517 2423 3302 6518 2421 3303 6519 382 476 6520 2404 3304 6521 381 3301 6522 2426 3300 6523 2411 3305 6524 385 432 6525 384 439 6526 2431 3306 6527 2410 3307 6528 384 439 6529 2412 3308 6530 426 3309 6531 2416 3310 6532 2417 3311 6533 2427 3312 6534 415 458 6535 2428 3313 6536 417 462 6537 2428 3313 6538 416 457 6539 414 459 6540 415 458 6541 2420 3314 6542 420 463 6543 2430 3315 6544 2429 3316 6545 2416 3310 6546 425 3317 6547 2433 3318 6548 2413 3319 6549 434 474 6550 2414 3320 6551 374 420 6552 2407 3321 6553 2415 3322 6554 428 488 6555 2419 3323 6556 2414 3320 6557 2416 3324 6558 2433 3325 6559 968 1159 6560 2422 3326 6561 1609 3327 6562 2425 3328 6563 1576 3329 6564 2408 3330 6565 1577 3331 6566 1609 3327 6567 2424 3332 6568 2425 3328 6569 1578 3333 6570 2408 3330 6571 2403 3334 6572 1611 3335 6573 2411 3336 6574 2426 3337 6575 1579 3338 6576 2403 3334 6577 2402 3339 6578 1612 2090 6579 2410 3340 6580 2412 3341 6581 2414 3342 6582 2419 3343 6583 1574 2124 6584 2421 3344 6585 2404 3345 6586 1608 3346 6587 1575 3347 6588 2419 3343 6589 2415 3348 6590 350 405 6591 2438 3349 6592 2439 3350 6593 2449 3351 6594 2450 3352 6595 2437 3353 6596 2459 3354 6597 363 411 6598 2461 3355 6599 352 404 6600 2467 3356 6601 2468 3357 6602 351 402 6603 2469 3358 6604 2473 3359 6605 350 409 6606 2480 3360 6607 2474 3361 6608 2440 3362 6609 2442 3363 6610 2476 3364 6611 356 3365 6612 2471 3366 6613 2464 3367 6614 361 413 6615 2481 3368 6616 2475 3369 6617 358 396 6618 2479 3370 6619 2472 3371 6620 370 3372 6621 2458 3373 6622 2466 3374 6623 2434 3375 6624 372 3376 6625 2441 3377 6626 371 3378 6627 2434 3379 6628 2452 3380 6629 370 418 6630 2447 3381 6631 2458 3382 6632 2450 3383 6633 471 522 6634 2437 3353 6635 466 3384 6636 2440 3385 6637 2435 3386 6638 459 505 6639 2464 3367 6640 2471 3387 6641 466 3384 6642 2463 3388 6643 465 3389 6644 2475 3390 6645 457 504 6646 464 503 6647 2479 3391 6648 460 506 6649 2472 3392 6650 456 496 6651 2475 3390 6652 2481 3393 6653 465 3389 6654 2476 3394 6655 463 3395 6656 474 514 6657 481 518 6658 2461 3396 6659 2442 3397 6660 464 503 6661 2453 3398 6662 467 3399 6663 2435 3386 6664 2436 3400 6665 463 3401 6666 2440 3402 6667 465 3403 6668 478 533 6669 471 522 6670 2449 3404 6671 475 534 6672 2455 3405 6673 476 531 6674 470 515 6675 2454 3406 6676 2453 3398 6677 477 528 6678 2457 3407 6679 475 534 6680 497 542 6681 490 537 6682 2462 3408 6683 482 529 6684 483 532 6685 2446 3409 6686 494 536 6687 2444 3410 6688 2445 3411 6689 501 544 6690 496 3412 6691 2448 3413 6692 496 3412 6693 2459 3414 6694 2448 3413 6695 489 3415 6696 2456 3416 6697 2460 3417 6698 2447 3418 6699 1045 3419 6700 2458 3420 6701 988 3421 6702 2478 3422 6703 2474 3423 6704 1040 1567 6705 2473 3424 6706 2469 3425 6707 1045 1548 6708 2480 3426 6709 2443 3427 6710 1043 1558 6711 2452 3428 6712 2434 3429 6713 1034 1387 6714 2439 3350 6715 2438 3349 6716 2480 3426 6717 988 3430 6718 2474 3431 6719 1035 1562 6720 2468 3357 6721 2467 3356 6722 314 369 6723 2484 3432 6724 315 362 6725 315 362 6726 2484 3432 6727 2486 3433 6728 317 371 6729 2488 3434 6730 2489 3435 6731 318 367 6732 2489 3435 6733 2490 3436 6734 2496 3437 6735 318 367 6736 2498 3438 6737 320 372 6738 319 368 6739 2502 3439 6740 314 369 6741 2503 3440 6742 2482 3441 6743 348 389 6744 2491 3442 6745 2493 3443 6746 346 393 6747 2494 3444 6748 2495 3445 6749 345 391 6750 2485 3446 6751 344 381 6752 342 388 6753 2491 3442 6754 343 392 6755 347 3447 6756 348 389 6757 2493 3443 6758 345 391 6759 2495 3445 6760 2483 3448 6761 344 381 6762 2487 3449 6763 342 388 6764 418 465 6765 2497 3450 6766 2498 3451 6767 2502 3452 6768 2496 3453 6769 418 465 6770 2498 3454 6771 2500 3455 6772 2405 3456 6773 2432 3457 6774 2406 3458 6775 2501 3459 6776 2493 3460 6777 2491 3461 6778 2429 3462 6779 974 1353 6780 2485 3463 6781 2483 3448 6782 2490 3436 6783 2489 3435 6784 879 1324 6785 2503 3464 6786 2418 3465 6787 2482 3441 6788 224 3466 6789 2506 3467 6790 2505 3468 6791 225 346 6792 2507 3469 6793 2506 3467 6794 226 3470 6795 2508 3471 6796 2507 3469 6797 227 3472 6798 2509 3473 6799 2508 3471 6800 228 3474 6801 2510 3475 6802 2509 3473 6803 230 3476 6804 2512 3477 6805 2511 3478 6806 2512 3477 6807 231 3479 6808 2513 3480 6809 2513 3480 6810 232 3481 6811 2514 3482 6812 2514 3482 6813 233 3483 6814 2515 3484 6815 2515 3484 6816 234 3485 6817 2516 3486 6818 2516 3486 6819 235 3487 6820 2517 3488 6821 2517 3488 6822 236 3489 6823 2518 3490 6824 237 3491 6825 2520 3492 6826 2519 3493 6827 2520 3492 6828 238 3494 6829 2521 3495 6830 238 3494 6831 2522 3496 6832 2521 3495 6833 239 3497 6834 2523 3498 6835 2522 3496 6836 240 3499 6837 2524 3500 6838 2523 3498 6839 241 3501 6840 2505 3468 6841 2524 3500 6842 1416 1867 6843 2515 3502 6844 2516 3503 6845 1418 1871 6846 2505 3504 6847 2506 3505 6848 1 8 6849 2532 3506 6850 2530 3507 6851 2532 3506 6852 2 14 6853 2534 3508 6854 2 14 6855 2535 3509 6856 2534 3508 6857 4 0 6858 2537 3510 6859 2536 3511 6860 5 2 6861 2537 3510 6862 4 0 6863 5 2 6864 2539 3512 6865 2538 3513 6866 6 12 6867 2531 3514 6868 2539 3512 6869 112 120 6870 2533 3515 6871 2541 3516 6872 114 124 6873 2540 3517 6874 2542 3518 6875 114 124 6876 2525 3519 6877 115 122 6878 115 122 6879 2525 3519 6880 2526 3520 6881 117 115 6882 2527 3521 6883 2528 3522 6884 117 115 6885 2529 3523 6886 118 126 6887 118 126 6888 2533 3524 6889 112 120 6890 2535 3525 6891 905 1197 6892 955 1199 6893 962 1177 6894 2537 3526 6895 2538 3513 6896 2528 3522 6897 2527 3527 6898 1112 1427 6899 2540 3517 6900 1052 1540 6901 1119 1405 6902 4 0 6903 11 5 6904 12 1 6905 10 3 6906 17 21 6907 18 4 6908 0 6 6909 8 13 6910 7 7 6911 3 9 6912 2 14 6913 9 10 6914 5 2 6915 12 1 6916 13 11 6917 3 9 6918 10 3 6919 11 5 6920 0 6 6921 6 12 6922 13 11 6923 2 14 6924 1 8 6925 7 7 6926 14 15 6927 15 19 6928 22 16 6929 9 10 6930 7 7 6931 14 15 6932 13 11 6933 20 22 6934 15 19 6935 11 5 6936 18 4 6937 19 20 6938 10 3 6939 9 10 6940 16 18 6941 7 7 6942 8 13 6943 15 19 6944 12 1 6945 19 20 6946 20 22 6947 22 16 6948 27 25 6949 34 23 6950 19 20 6951 26 28 6952 27 25 6953 17 21 6954 24 29 6955 25 26 6956 16 18 6957 14 15 6958 21 17 6959 20 22 6960 27 25 6961 22 16 6962 18 4 6963 25 26 6964 26 28 6965 17 21 6966 16 18 6967 23 27 6968 34 23 6969 33 33 6970 40 30 6971 26 28 6972 25 26 6973 32 32 6974 23 27 6975 30 36 6976 31 34 6977 22 16 6978 29 24 6979 28 35 6980 27 25 6981 26 28 6982 33 33 6983 24 29 6984 31 34 6985 32 32 6986 21 17 6987 28 35 6988 30 36 6989 38 37 6990 45 49 6991 46 38 6992 31 34 6993 38 37 6994 39 39 6995 28 35 6996 35 42 6997 37 40 6998 29 24 6999 34 23 7000 41 31 7001 33 33 7002 32 32 7003 39 39 7004 30 36 7005 37 40 7006 38 37 7007 29 24 7008 36 41 7009 35 42 7010 43 43 7011 50 50 7012 49 44 7013 35 42 7014 42 45 7015 44 46 7016 36 41 7017 41 31 7018 48 47 7019 40 30 7020 39 39 7021 46 38 7022 37 40 7023 44 46 7024 45 49 7025 36 41 7026 43 43 7027 42 45 7028 41 31 7029 40 30 7030 47 48 7031 50 50 7032 55 54 7033 62 51 7034 48 47 7035 47 48 7036 54 53 7037 45 49 7038 52 57 7039 53 55 7040 42 45 7041 49 44 7042 51 56 7043 43 43 7044 48 47 7045 55 54 7046 47 48 7047 46 38 7048 53 55 7049 44 46 7050 51 56 7051 52 57 7052 62 51 7053 61 61 7054 68 58 7055 54 53 7056 53 55 7057 60 60 7058 51 56 7059 58 64 7060 59 62 7061 50 50 7062 57 52 7063 56 63 7064 55 54 7065 54 53 7066 61 61 7067 52 57 7068 59 62 7069 60 60 7070 49 44 7071 56 63 7072 58 64 7073 65 65 7074 72 78 7075 73 66 7076 59 62 7077 66 67 7078 67 68 7079 56 63 7080 63 70 7081 65 65 7082 57 52 7083 62 51 7084 69 59 7085 61 61 7086 60 60 7087 67 68 7088 58 64 7089 65 65 7090 66 67 7091 57 52 7092 64 69 7093 63 70 7094 71 71 7095 76 76 7096 83 72 7097 64 69 7098 71 71 7099 70 74 7100 69 59 7101 68 58 7102 75 75 7103 66 67 7104 73 66 7105 74 77 7106 63 70 7107 70 74 7108 72 78 7109 64 69 7110 69 59 7111 76 76 7112 68 58 7113 67 68 7114 74 77 7115 83 72 7116 82 82 7117 89 79 7118 75 75 7119 74 77 7120 81 81 7121 72 78 7122 79 85 7123 80 83 7124 71 71 7125 78 73 7126 77 84 7127 76 76 7128 75 75 7129 82 82 7130 73 66 7131 80 83 7132 81 81 7133 70 74 7134 77 84 7135 79 85 7136 89 79 7137 88 88 7138 95 86 7139 80 83 7140 87 91 7141 88 88 7142 77 84 7143 84 92 7144 86 89 7145 78 73 7146 83 72 7147 90 80 7148 82 82 7149 81 81 7150 88 88 7151 79 85 7152 86 89 7153 87 91 7154 78 73 7155 85 90 7156 84 92 7157 91 93 7158 98 106 7159 100 94 7160 86 89 7161 93 95 7162 94 96 7163 85 90 7164 92 98 7165 91 93 7166 90 80 7167 89 79 7168 96 87 7169 87 91 7170 94 96 7171 95 86 7172 84 92 7173 91 93 7174 93 95 7175 85 90 7176 90 80 7177 97 97 7178 104 99 7179 103 104 7180 110 100 7181 92 98 7182 97 97 7183 104 99 7184 96 87 7185 95 86 7186 102 103 7187 93 95 7188 100 94 7189 101 105 7190 92 98 7191 99 102 7192 98 106 7193 97 97 7194 96 87 7195 103 104 7196 95 86 7197 94 96 7198 101 105 7199 217 107 7200 219 218 7201 107 108 7202 101 105 7203 108 112 7204 109 110 7205 98 106 7206 105 109 7207 107 108 7208 99 102 7209 104 99 7210 111 101 7211 103 104 7212 102 103 7213 109 110 7214 100 94 7215 107 108 7216 108 112 7217 99 102 7218 106 111 7219 105 109 7220 124 113 7221 123 118 7222 116 114 7223 130 116 7224 129 137 7225 122 117 7226 119 119 7227 120 130 7228 112 120 7229 115 122 7230 122 117 7231 121 123 7232 125 125 7233 124 113 7234 117 115 7235 123 118 7236 122 117 7237 115 122 7238 112 120 7239 120 130 7240 125 125 7241 114 124 7242 121 123 7243 119 119 7244 126 127 7245 133 138 7246 134 128 7247 121 123 7248 128 132 7249 126 127 7250 127 129 7251 132 133 7252 125 125 7253 131 131 7254 130 116 7255 123 118 7256 122 117 7257 129 137 7258 128 132 7259 119 119 7260 126 127 7261 127 129 7262 132 133 7263 131 131 7264 124 113 7265 134 128 7266 141 152 7267 146 134 7268 139 135 7269 138 139 7270 131 131 7271 137 136 7272 136 145 7273 129 137 7274 128 132 7275 135 140 7276 133 138 7277 134 128 7278 139 135 7279 132 133 7280 138 139 7281 137 136 7282 130 116 7283 129 137 7284 136 145 7285 135 140 7286 146 134 7287 153 153 7288 152 141 7289 138 139 7290 145 142 7291 144 143 7292 143 144 7293 142 147 7294 135 140 7295 140 146 7296 141 152 7297 134 128 7298 139 135 7299 146 134 7300 145 142 7301 144 143 7302 143 144 7303 136 145 7304 142 147 7305 140 146 7306 133 138 7307 158 148 7308 157 161 7309 150 149 7310 151 150 7311 150 149 7312 143 144 7313 149 151 7314 147 154 7315 140 146 7316 141 152 7317 148 159 7318 153 153 7319 145 142 7320 152 141 7321 151 150 7322 150 149 7323 149 151 7324 142 147 7325 147 154 7326 148 159 7327 141 152 7328 161 155 7329 162 163 7330 155 156 7331 156 158 7332 154 157 7333 147 154 7334 148 159 7335 155 156 7336 160 160 7337 152 141 7338 159 162 7339 158 148 7340 157 161 7341 156 158 7342 149 151 7343 154 157 7344 155 156 7345 148 159 7346 153 153 7347 160 160 7348 159 162 7349 162 163 7350 169 180 7351 174 164 7352 160 160 7353 167 165 7354 166 166 7355 165 167 7356 164 169 7357 157 161 7358 163 168 7359 161 155 7360 154 157 7361 155 156 7362 162 163 7363 167 165 7364 159 162 7365 166 166 7366 165 167 7367 164 169 7368 163 168 7369 156 158 7370 174 164 7371 181 181 7372 180 170 7373 166 166 7374 173 171 7375 172 172 7376 171 173 7377 170 175 7378 163 168 7379 168 174 7380 169 180 7381 162 163 7382 167 165 7383 174 164 7384 173 171 7385 172 172 7386 171 173 7387 164 169 7388 170 175 7389 168 174 7390 161 155 7391 185 176 7392 184 190 7393 177 177 7394 179 179 7395 178 178 7396 171 173 7397 177 177 7398 175 182 7399 168 174 7400 169 180 7401 176 187 7402 181 181 7403 173 171 7404 180 170 7405 179 179 7406 178 178 7407 177 177 7408 170 175 7409 175 182 7410 176 187 7411 169 180 7412 183 183 7413 190 200 7414 195 184 7415 182 186 7416 183 183 7417 176 187 7418 181 181 7419 188 185 7420 187 188 7421 186 189 7422 185 176 7423 178 178 7424 184 190 7425 182 186 7426 175 182 7427 176 187 7428 183 183 7429 188 185 7430 180 170 7431 187 188 7432 186 189 7433 195 184 7434 202 201 7435 201 191 7436 187 188 7437 194 192 7438 193 193 7439 192 194 7440 191 196 7441 184 190 7442 189 195 7443 190 200 7444 183 183 7445 188 185 7446 195 184 7447 194 192 7448 193 193 7449 192 194 7450 185 176 7451 191 196 7452 189 195 7453 182 186 7454 201 191 7455 208 209 7456 207 197 7457 200 198 7458 199 202 7459 192 194 7460 198 199 7461 196 203 7462 189 195 7463 190 200 7464 197 208 7465 202 201 7466 194 192 7467 201 191 7468 200 198 7469 199 202 7470 198 199 7471 191 196 7472 196 203 7473 197 208 7474 190 200 7475 212 204 7476 210 217 7477 203 205 7478 206 207 7479 205 206 7480 198 199 7481 203 205 7482 204 214 7483 197 208 7484 202 201 7485 209 210 7486 208 209 7487 207 197 7488 206 207 7489 199 202 7490 205 206 7491 203 205 7492 196 203 7493 197 208 7494 204 214 7495 209 210 7496 216 211 7497 223 221 7498 222 212 7499 204 214 7500 211 220 7501 216 211 7502 208 209 7503 215 213 7504 214 215 7505 213 216 7506 212 204 7507 205 206 7508 210 217 7509 211 220 7510 204 214 7511 209 210 7512 216 211 7513 215 213 7514 207 197 7515 214 215 7516 213 216 7517 219 218 7518 220 222 7519 108 112 7520 221 219 7521 220 222 7522 213 216 7523 219 218 7524 217 107 7525 210 217 7526 211 220 7527 218 223 7528 223 221 7529 215 213 7530 222 212 7531 221 219 7532 220 222 7533 219 218 7534 212 204 7535 217 107 7536 218 223 7537 211 220 7538 218 223 7539 217 107 7540 105 109 7541 220 222 7542 221 219 7543 109 110 7544 221 219 7545 222 212 7546 110 100 7547 222 212 7548 223 221 7549 111 101 7550 223 221 7551 218 223 7552 106 111 7553 229 224 7554 247 245 7555 248 225 7556 243 227 7557 261 270 7558 260 228 7559 235 230 7560 234 246 7561 252 231 7562 240 230 7563 239 247 7564 257 230 7565 227 232 7566 245 230 7567 246 233 7568 232 235 7569 250 248 7570 251 236 7571 238 237 7572 237 249 7573 255 238 7574 225 240 7575 242 251 7576 244 230 7577 230 226 7578 248 225 7579 249 230 7580 236 241 7581 235 230 7582 253 230 7583 241 243 7584 240 230 7585 258 230 7586 228 234 7587 246 233 7588 247 245 7589 234 246 7590 233 230 7591 251 236 7592 239 247 7593 238 237 7594 256 239 7595 226 230 7596 244 230 7597 245 230 7598 231 230 7599 249 230 7600 250 248 7601 237 249 7602 236 241 7603 254 242 7604 224 250 7605 243 252 7606 242 251 7607 224 250 7608 241 243 7609 259 244 7610 262 253 7611 260 322 7612 278 254 7613 257 256 7614 275 287 7615 276 257 7616 250 259 7617 268 288 7618 269 260 7619 242 229 7620 260 228 7621 262 262 7622 258 258 7623 276 257 7624 277 264 7625 251 261 7626 269 260 7627 270 266 7628 244 263 7629 262 262 7630 263 268 7631 259 265 7632 277 264 7633 261 270 7634 252 267 7635 270 266 7636 271 271 7637 245 269 7638 263 268 7639 264 273 7640 253 272 7641 271 271 7642 272 275 7643 246 274 7644 264 273 7645 265 277 7646 254 276 7647 272 275 7648 273 279 7649 247 278 7650 265 277 7651 266 281 7652 255 280 7653 273 279 7654 274 283 7655 248 282 7656 266 281 7657 267 285 7658 256 284 7659 274 283 7660 275 287 7661 249 286 7662 267 285 7663 268 288 7664 291 289 7665 309 358 7666 310 290 7667 276 292 7668 294 323 7669 295 293 7670 269 295 7671 287 324 7672 288 296 7673 263 298 7674 262 253 7675 280 255 7676 277 294 7677 295 293 7678 279 300 7679 270 297 7680 288 296 7681 289 302 7682 264 304 7683 263 298 7684 281 299 7685 271 303 7686 289 302 7687 290 306 7688 265 308 7689 264 304 7690 282 305 7691 272 307 7692 290 306 7693 291 310 7694 266 312 7695 265 308 7696 283 309 7697 273 311 7698 291 310 7699 292 314 7700 267 316 7701 266 312 7702 284 313 7703 274 315 7704 292 314 7705 293 318 7706 268 320 7707 267 316 7708 285 317 7709 260 322 7710 261 301 7711 279 300 7712 275 319 7713 293 318 7714 294 323 7715 269 295 7716 268 320 7717 286 321 7718 298 3528 7719 296 3529 7720 297 3530 7721 297 3530 7722 313 408 7723 312 3531 7724 312 3531 7725 311 3532 7726 310 3533 7727 310 3533 7728 309 3534 7729 308 325 7730 308 325 7731 307 3535 7732 304 326 7733 307 3535 7734 306 3536 7735 304 326 7736 306 3536 7737 305 408 7738 304 326 7739 304 326 7740 303 408 7741 302 408 7742 302 408 7743 301 408 7744 300 327 7745 300 327 7746 299 3537 7747 298 3528 7748 298 3528 7749 297 3530 7750 312 3531 7751 312 3531 7752 310 3533 7753 308 325 7754 304 326 7755 302 408 7756 300 327 7757 300 327 7758 298 3528 7759 312 3531 7760 312 3531 7761 308 325 7762 300 327 7763 284 328 7764 302 359 7765 303 258 7766 292 291 7767 310 290 7768 311 330 7769 285 329 7770 303 258 7771 304 332 7772 279 334 7773 297 349 7774 296 335 7775 293 331 7776 311 330 7777 312 337 7778 286 333 7779 304 332 7780 305 339 7781 278 336 7782 296 335 7783 298 341 7784 294 338 7785 312 337 7786 313 343 7787 287 340 7788 305 339 7789 306 345 7790 280 342 7791 298 341 7792 299 347 7793 295 344 7794 313 343 7795 297 349 7796 288 346 7797 306 345 7798 307 350 7799 281 348 7800 299 347 7801 300 352 7802 289 351 7803 307 350 7804 308 354 7805 282 353 7806 300 352 7807 301 356 7808 290 355 7809 308 354 7810 309 358 7811 283 357 7812 301 356 7813 302 359 7814 316 360 7815 323 378 7816 321 361 7817 322 363 7818 329 379 7819 334 364 7820 326 366 7821 325 373 7822 318 367 7823 315 362 7824 321 361 7825 322 363 7826 324 370 7827 323 378 7828 316 360 7829 320 372 7830 327 365 7831 326 366 7832 325 373 7833 324 370 7834 317 371 7835 314 369 7836 322 363 7837 327 365 7838 332 374 7839 339 385 7840 338 375 7841 333 377 7842 332 374 7843 325 373 7844 331 376 7845 330 383 7846 323 378 7847 321 361 7848 328 380 7849 329 379 7850 327 365 7851 334 364 7852 333 377 7853 332 374 7854 331 376 7855 324 370 7856 323 378 7857 330 383 7858 328 380 7859 338 375 7860 345 391 7861 344 381 7862 337 382 7863 335 386 7864 328 380 7865 336 384 7866 341 387 7867 334 364 7868 333 377 7869 340 390 7870 339 385 7871 331 376 7872 338 375 7873 337 382 7874 335 386 7875 336 384 7876 329 379 7877 341 387 7878 340 390 7879 333 377 7880 342 388 7881 343 392 7882 336 384 7883 348 389 7884 347 3447 7885 340 390 7886 339 385 7887 346 393 7888 345 391 7889 344 381 7890 342 388 7891 335 386 7892 343 392 7893 348 389 7894 341 387 7895 340 390 7896 347 3447 7897 346 393 7898 353 394 7899 356 3365 7900 355 395 7901 358 396 7902 353 3538 7903 354 397 7904 360 398 7905 355 398 7906 356 399 7907 359 230 7908 354 230 7909 355 230 7910 349 401 7911 359 230 7912 360 230 7913 351 403 7914 360 398 7915 357 400 7916 350 405 7917 358 396 7918 359 397 7919 352 407 7920 357 408 7921 358 408 7922 362 410 7923 366 398 7924 367 398 7925 367 408 7926 366 408 7927 365 408 7928 364 412 7929 368 397 7930 365 397 7931 361 414 7932 365 395 7933 366 395 7934 367 398 7935 371 3378 7936 369 416 7937 368 408 7938 372 3376 7939 371 417 7940 363 230 7941 369 3539 7942 370 418 7943 364 412 7944 370 3372 7945 372 419 7946 374 420 7947 376 423 7948 375 421 7949 376 423 7950 378 425 7951 377 424 7952 378 425 7953 380 475 7954 379 426 7955 374 420 7956 430 482 7957 431 427 7958 388 428 7959 389 433 7960 396 429 7961 379 426 7962 388 428 7963 387 431 7964 375 421 7965 386 434 7966 385 432 7967 379 426 7968 381 3301 7969 389 433 7970 377 424 7971 387 431 7972 386 434 7973 396 429 7974 390 440 7975 397 435 7976 387 431 7977 394 441 7978 393 437 7979 385 432 7980 392 442 7981 391 438 7982 389 433 7983 383 443 7984 390 440 7985 388 428 7986 395 430 7987 394 441 7988 386 434 7989 393 437 7990 392 442 7991 383 443 7992 384 439 7993 391 438 7994 401 444 7995 408 455 7996 407 445 7997 395 430 7998 402 449 7999 401 444 8000 393 437 8001 400 446 8002 399 447 8003 390 440 8004 391 438 8005 398 448 8006 395 430 8007 396 429 8008 403 436 8009 394 441 8010 401 444 8011 400 446 8012 391 438 8013 392 442 8014 399 447 8015 405 450 8016 412 461 8017 411 451 8018 398 448 8019 399 447 8020 406 453 8021 403 436 8022 397 435 8023 404 452 8024 402 449 8025 409 456 8026 408 455 8027 400 446 8028 407 445 8029 406 453 8030 397 435 8031 398 448 8032 405 450 8033 402 449 8034 403 436 8035 410 454 8036 410 454 8037 417 462 8038 416 457 8039 407 445 8040 408 455 8041 415 458 8042 405 450 8043 406 453 8044 413 460 8045 404 452 8046 411 451 8047 417 462 8048 408 455 8049 409 456 8050 416 457 8051 406 453 8052 407 445 8053 414 459 8054 413 460 8055 414 459 8056 420 463 8057 412 461 8058 413 460 8059 419 464 8060 427 3540 8061 421 3541 8062 426 468 8063 421 3541 8064 422 466 8065 426 468 8066 422 466 8067 423 3542 8068 424 467 8069 424 467 8070 425 3543 8071 426 468 8072 419 464 8073 423 471 8074 422 469 8075 419 464 8076 420 463 8077 424 470 8078 433 472 8079 440 486 8080 441 473 8081 380 475 8082 433 472 8083 434 474 8084 376 423 8085 431 427 8086 432 477 8087 378 425 8088 432 477 8089 433 472 8090 436 478 8091 441 473 8092 448 479 8093 431 427 8094 438 487 8095 439 481 8096 430 482 8097 428 488 8098 435 483 8099 429 485 8100 434 474 8101 441 473 8102 432 477 8103 439 481 8104 440 486 8105 430 482 8106 437 484 8107 438 487 8108 428 488 8109 429 485 8110 436 478 8111 445 489 8112 452 500 8113 453 490 8114 440 486 8115 439 481 8116 446 491 8117 437 484 8118 444 494 8119 445 489 8120 436 478 8121 443 480 8122 442 493 8123 441 473 8124 440 486 8125 447 492 8126 438 487 8127 445 489 8128 446 491 8129 435 483 8130 442 493 8131 444 494 8132 450 495 8133 457 504 8134 456 496 8135 444 494 8136 442 493 8137 449 497 8138 448 479 8139 455 501 8140 450 495 8141 446 491 8142 453 490 8143 454 499 8144 445 489 8145 444 494 8146 451 498 8147 442 493 8148 443 480 8149 450 495 8150 447 492 8151 454 499 8152 455 501 8153 462 502 8154 469 3544 8155 464 503 8156 454 499 8157 461 508 8158 462 502 8159 453 490 8160 452 500 8161 459 505 8162 449 497 8163 456 496 8164 458 507 8165 455 501 8166 462 502 8167 457 504 8168 453 490 8169 460 506 8170 461 508 8171 452 500 8172 451 498 8173 458 507 8174 461 508 8175 460 506 8176 467 509 8177 461 508 8178 468 510 8179 469 511 8180 469 511 8181 468 510 8182 473 512 8183 464 503 8184 469 3544 8185 474 514 8186 468 516 8187 467 3399 8188 472 517 8189 481 518 8190 480 521 8191 487 519 8192 472 517 8193 479 523 8194 480 521 8195 474 513 8196 473 512 8197 480 521 8198 471 522 8199 478 533 8200 479 523 8201 487 519 8202 486 527 8203 492 524 8204 479 523 8205 478 533 8206 485 526 8207 477 528 8208 475 534 8209 482 529 8210 476 531 8211 481 518 8212 488 520 8213 480 521 8214 479 523 8215 486 527 8216 477 528 8217 484 530 8218 485 526 8219 475 534 8220 476 531 8221 483 532 8222 484 530 8223 490 537 8224 491 535 8225 488 520 8226 487 519 8227 493 525 8228 485 526 8229 491 535 8230 492 524 8231 482 529 8232 489 3415 8233 490 537 8234 497 538 8235 495 3545 8236 496 539 8237 496 539 8238 501 3546 8239 500 540 8240 500 540 8241 499 3547 8242 498 3548 8243 498 3548 8244 497 538 8245 500 540 8246 492 524 8247 499 545 8248 500 541 8249 491 535 8250 490 537 8251 497 542 8252 493 525 8253 500 541 8254 501 544 8255 491 535 8256 498 543 8257 499 545 8258 504 546 8259 509 550 8260 507 547 8261 514 549 8262 512 580 8263 507 547 8264 508 551 8265 511 567 8266 506 552 8267 503 554 8268 507 570 8269 508 555 8270 510 557 8271 509 568 8272 504 558 8273 511 560 8274 510 572 8275 505 561 8276 520 563 8277 519 590 8278 514 564 8279 508 551 8280 513 581 8281 516 566 8282 515 565 8283 514 564 8284 509 568 8285 512 569 8286 513 577 8287 508 555 8288 511 560 8289 516 578 8290 515 571 8291 521 573 8292 526 599 8293 525 574 8294 517 576 8295 518 592 8296 513 577 8297 516 578 8298 521 573 8299 520 575 8300 519 579 8301 517 587 8302 512 580 8303 513 581 8304 518 588 8305 521 582 8306 523 583 8307 528 598 8308 531 584 8309 519 579 8310 524 600 8311 522 586 8312 523 583 8313 526 585 8314 521 582 8315 520 563 8316 525 597 8317 524 589 8318 522 591 8319 523 583 8320 518 592 8321 536 593 8322 535 618 8323 530 594 8324 530 596 8325 529 608 8326 524 589 8327 522 591 8328 527 609 8329 528 598 8330 531 595 8331 530 594 8332 525 574 8333 524 600 8334 529 606 8335 527 601 8336 533 602 8337 538 626 8338 541 603 8339 534 605 8340 532 620 8341 527 601 8342 528 598 8343 533 602 8344 536 604 8345 535 607 8346 534 615 8347 529 608 8348 527 609 8349 532 616 8350 533 610 8351 541 611 8352 546 638 8353 545 612 8354 540 614 8355 539 628 8356 534 615 8357 532 616 8358 537 630 8359 538 617 8360 541 611 8361 540 613 8362 535 618 8363 539 619 8364 537 625 8365 532 620 8366 543 621 8367 548 646 8368 551 622 8369 544 624 8370 542 640 8371 537 625 8372 538 626 8373 543 621 8374 546 623 8375 540 614 8376 545 634 8377 544 627 8378 542 629 8379 543 637 8380 538 617 8381 551 631 8382 556 655 8383 555 632 8384 545 634 8385 550 647 8386 549 635 8387 547 636 8388 548 650 8389 543 637 8390 546 638 8391 551 631 8392 550 633 8393 549 639 8394 547 645 8395 542 640 8396 553 641 8397 558 662 8398 561 642 8399 554 644 8400 552 658 8401 547 645 8402 548 646 8403 553 641 8404 556 643 8405 550 647 8406 555 652 8407 554 648 8408 552 649 8409 553 654 8410 548 650 8411 560 651 8412 559 3549 8413 554 648 8414 552 649 8415 557 3550 8416 558 653 8417 556 655 8418 561 3551 8419 560 656 8420 559 657 8421 557 3552 8422 552 658 8423 569 659 8424 567 684 8425 562 660 8426 558 662 8427 563 667 8428 566 663 8429 575 664 8430 574 695 8431 569 665 8432 563 667 8433 568 685 8434 571 668 8435 570 666 8436 569 665 8437 564 669 8438 562 671 8439 567 681 8440 568 672 8441 566 674 8442 571 682 8443 570 675 8444 576 677 8445 581 3553 8446 580 678 8447 572 680 8448 573 697 8449 568 672 8450 571 682 8451 576 677 8452 575 679 8453 574 683 8454 572 691 8455 567 684 8456 568 685 8457 573 692 8458 576 686 8459 579 687 8460 580 694 8461 660 688 8462 579 690 8463 577 830 8464 572 691 8465 573 692 8466 578 839 8467 581 693 8468 580 694 8469 579 687 8470 574 695 8471 572 680 8472 577 3554 8473 578 696 8474 584 698 8475 583 3246 8476 587 699 8477 587 699 8478 592 729 8479 594 701 8480 586 702 8481 591 3555 8482 588 703 8483 583 705 8484 582 3243 8485 588 706 8486 584 708 8487 589 719 8488 590 709 8489 585 711 8490 590 3556 8491 591 712 8492 594 714 8493 599 3557 8494 600 715 8495 588 703 8496 591 3555 8497 596 717 8498 589 719 8499 594 714 8500 595 716 8501 588 706 8502 593 726 8503 592 720 8504 591 712 8505 590 3556 8506 595 721 8507 601 723 8508 600 728 8509 605 724 8510 593 726 8511 598 740 8512 597 727 8513 596 722 8514 595 721 8515 600 728 8516 592 729 8517 597 3558 8518 599 730 8519 593 718 8520 596 717 8521 601 731 8522 603 733 8523 606 3559 8524 611 734 8525 599 730 8526 597 3558 8527 602 736 8528 601 731 8529 606 3559 8530 603 733 8531 600 715 8532 599 3557 8533 604 738 8534 598 740 8535 603 733 8536 602 741 8537 611 742 8538 610 3560 8539 615 743 8540 604 738 8541 609 3561 8542 610 745 8543 602 741 8544 603 733 8545 608 735 8546 605 724 8547 610 3560 8548 611 742 8549 604 737 8550 602 736 8551 607 747 8552 616 749 8553 621 3562 8554 618 750 8555 609 748 8556 607 747 8557 612 752 8558 611 734 8559 616 749 8560 613 751 8561 610 745 8562 609 3561 8563 614 754 8564 608 735 8565 613 762 8566 612 756 8567 621 757 8568 620 3563 8569 625 758 8570 615 755 8571 614 754 8572 619 760 8573 613 762 8574 618 773 8575 617 763 8576 615 743 8577 620 3563 8578 621 757 8579 614 753 8580 612 752 8581 617 764 8582 623 766 8583 626 770 8584 631 767 8585 617 764 8586 622 783 8587 624 769 8588 618 750 8589 621 3562 8590 626 770 8591 620 761 8592 619 760 8593 624 771 8594 618 773 8595 623 780 8596 622 774 8597 631 775 8598 630 782 8599 635 776 8600 625 772 8601 624 771 8602 629 778 8603 623 780 8604 628 793 8605 627 781 8606 626 759 8607 625 758 8608 630 782 8609 622 783 8610 627 788 8611 629 784 8612 633 785 8613 636 790 8614 641 786 8615 627 788 8616 632 800 8617 634 789 8618 628 768 8619 631 767 8620 636 790 8621 630 779 8622 629 778 8623 634 791 8624 628 793 8625 633 3564 8626 632 794 8627 634 791 8628 639 3565 8629 640 795 8630 632 794 8631 633 3564 8632 638 796 8633 636 777 8634 635 776 8635 640 798 8636 632 800 8637 637 3566 8638 639 801 8639 642 802 8640 647 825 8641 649 803 8642 641 799 8643 640 798 8644 645 805 8645 649 807 8646 654 835 8647 655 808 8648 643 810 8649 646 3567 8650 651 811 8651 644 813 8652 649 807 8653 650 809 8654 642 815 8655 643 3251 8656 648 816 8657 646 806 8658 645 805 8659 650 818 8660 655 820 8661 660 838 8662 661 821 8663 647 817 8664 648 816 8665 653 823 8666 651 819 8667 650 818 8668 655 820 8669 647 825 8670 652 831 8671 654 826 8672 648 812 8673 651 811 8674 656 827 8675 579 690 8676 659 832 8677 657 829 8678 652 831 8679 657 829 8680 659 832 8681 653 828 8682 656 827 8683 661 833 8684 654 835 8685 659 689 8686 660 688 8687 652 824 8688 653 823 8689 658 836 8690 580 678 8691 581 3553 8692 661 821 8693 578 696 8694 577 3554 8695 657 837 8696 578 839 8697 658 834 8698 661 833 8699 664 840 8700 663 3190 8701 667 841 8702 667 841 8703 672 871 8704 674 843 8705 666 844 8706 671 3568 8707 668 845 8708 663 847 8709 662 3187 8710 668 848 8711 664 850 8712 669 861 8713 670 851 8714 665 853 8715 670 3569 8716 671 854 8717 674 856 8718 679 3570 8719 680 857 8720 668 845 8721 671 3568 8722 676 859 8723 669 861 8724 674 856 8725 675 858 8726 668 848 8727 673 868 8728 672 862 8729 671 854 8730 670 3569 8731 675 863 8732 681 865 8733 680 870 8734 685 866 8735 673 868 8736 678 882 8737 677 869 8738 676 864 8739 675 863 8740 680 870 8741 672 871 8742 677 3571 8743 679 872 8744 673 860 8745 676 859 8746 681 873 8747 683 875 8748 686 3572 8749 691 876 8750 679 872 8751 677 3571 8752 682 878 8753 681 873 8754 686 3572 8755 683 875 8756 680 857 8757 679 3570 8758 684 880 8759 678 882 8760 683 875 8761 682 883 8762 690 884 8763 695 907 8764 696 885 8765 684 880 8766 689 896 8767 690 887 8768 682 883 8769 683 875 8770 688 877 8771 685 866 8772 690 884 8773 691 886 8774 684 879 8775 682 878 8776 687 889 8777 693 891 8778 696 895 8779 701 892 8780 687 889 8781 692 908 8782 694 894 8783 688 877 8784 691 876 8785 696 895 8786 689 896 8787 694 903 8788 695 897 8789 687 888 8790 688 877 8791 693 898 8792 701 900 8793 700 3573 8794 705 901 8795 694 903 8796 699 3574 8797 700 904 8798 692 899 8799 693 898 8800 698 905 8801 695 907 8802 700 3573 8803 701 900 8804 692 908 8805 697 913 8806 699 909 8807 703 910 8808 706 915 8809 711 911 8810 697 913 8811 702 927 8812 704 914 8813 698 893 8814 701 892 8815 706 915 8816 700 904 8817 699 3574 8818 704 916 8819 698 905 8820 703 924 8821 702 918 8822 711 919 8823 710 926 8824 715 920 8825 705 917 8826 704 916 8827 709 922 8828 703 924 8829 708 937 8830 707 925 8831 706 902 8832 705 901 8833 710 926 8834 702 927 8835 707 932 8836 709 928 8837 713 929 8838 716 934 8839 721 930 8840 707 932 8841 712 944 8842 714 933 8843 708 912 8844 711 911 8845 716 934 8846 710 923 8847 709 922 8848 714 935 8849 708 937 8850 713 3575 8851 712 938 8852 714 935 8853 719 3275 8854 720 939 8855 712 938 8856 713 3575 8857 718 940 8858 716 921 8859 715 920 8860 720 942 8861 712 944 8862 717 949 8863 719 945 8864 722 946 8865 727 969 8866 729 947 8867 717 949 8868 722 946 8869 724 948 8870 729 950 8871 734 980 8872 735 951 8873 723 953 8874 726 3273 8875 731 954 8876 724 956 8877 729 950 8878 730 952 8879 722 958 8880 723 3576 8881 728 959 8882 726 961 8883 725 3269 8884 730 962 8885 736 964 8886 735 968 8887 740 965 8888 728 959 8889 733 3577 8890 732 967 8891 731 963 8892 730 962 8893 735 968 8894 727 969 8895 732 976 8896 734 970 8897 728 955 8898 731 954 8899 736 971 8900 819 973 8901 820 1129 8902 740 974 8903 732 976 8904 737 1124 8905 739 977 8906 733 972 8907 736 971 8908 741 978 8909 734 980 8910 739 975 8911 740 974 8912 732 967 8913 733 3577 8914 738 981 8915 744 983 8916 749 987 8917 747 984 8918 754 986 8919 752 1017 8920 747 984 8921 748 988 8922 751 1004 8923 746 989 8924 743 991 8925 747 1007 8926 748 992 8927 750 994 8928 749 1005 8929 744 995 8930 751 997 8931 750 1009 8932 745 998 8933 760 1000 8934 759 1027 8935 754 1001 8936 748 988 8937 753 1018 8938 756 1003 8939 755 1002 8940 754 1001 8941 749 1005 8942 752 1006 8943 753 1014 8944 748 992 8945 751 997 8946 756 1015 8947 755 1008 8948 761 1010 8949 766 1036 8950 765 1011 8951 757 1013 8952 758 1029 8953 753 1014 8954 756 1015 8955 761 1010 8956 760 1012 8957 759 1016 8958 757 1024 8959 752 1017 8960 753 1018 8961 758 1025 8962 761 1019 8963 763 1020 8964 768 1035 8965 771 1021 8966 759 1016 8967 764 1037 8968 762 1023 8969 763 1020 8970 766 1022 8971 761 1019 8972 760 1000 8973 765 1034 8974 764 1026 8975 762 1028 8976 763 1020 8977 758 1029 8978 771 1030 8979 776 1055 8980 775 1031 8981 770 1033 8982 769 1045 8983 764 1026 8984 762 1028 8985 767 1047 8986 768 1035 8987 771 1030 8988 770 1032 8989 765 1011 8990 764 1037 8991 769 1043 8992 767 1038 8993 773 1039 8994 778 1063 8995 781 1040 8996 774 1042 8997 772 1057 8998 767 1038 8999 768 1035 9000 773 1039 9001 776 1041 9002 775 1044 9003 774 1052 9004 769 1045 9005 772 1046 9006 773 1054 9007 768 1035 9008 786 1048 9009 785 1075 9010 780 1049 9011 780 1051 9012 779 1065 9013 774 1052 9014 777 1053 9015 778 1067 9016 773 1054 9017 776 1055 9018 781 1050 9019 780 1049 9020 779 1056 9021 777 1062 9022 772 1057 9023 783 1058 9024 788 1080 9025 791 1059 9026 779 1056 9027 784 1077 9028 782 1061 9029 783 1058 9030 786 1060 9031 781 1040 9032 780 1051 9033 785 1071 9034 784 1064 9035 782 1066 9036 783 1074 9037 778 1067 9038 791 1068 9039 796 3578 9040 795 1069 9041 785 1071 9042 790 1083 9043 789 1072 9044 787 1073 9045 788 1085 9046 783 1074 9047 786 1048 9048 791 1068 9049 790 1070 9050 789 1076 9051 787 1079 9052 782 1061 9053 794 1078 9054 792 1091 9055 787 1079 9056 788 1080 9057 793 3276 9058 796 1081 9059 795 1082 9060 794 3579 9061 789 1072 9062 787 1073 9063 792 1089 9064 793 1084 9065 797 1086 9066 802 1110 9067 803 1087 9068 797 1086 9069 798 1088 9070 793 1084 9071 799 1090 9072 797 1098 9073 792 1091 9074 809 1092 9075 807 1120 9076 802 1093 9077 801 1095 9078 806 1113 9079 805 1096 9080 804 1094 9081 802 1093 9082 797 1098 9083 798 1099 9084 803 1107 9085 806 1100 9086 805 1096 9087 804 1109 9088 799 1102 9089 815 1104 9090 814 1130 9091 809 1105 9092 803 1107 9093 808 1121 9094 811 1108 9095 810 1106 9096 809 1105 9097 804 1109 9098 802 1110 9099 807 1117 9100 808 1111 9101 811 1112 9102 810 1106 9103 805 1096 9104 816 1114 9105 821 1133 9106 820 1115 9107 807 1117 9108 812 1131 9109 813 1118 9110 811 1112 9111 816 1114 9112 815 1116 9113 814 1119 9114 812 1126 9115 807 1120 9116 808 1121 9117 813 1127 9118 816 1122 9119 817 1123 9120 819 1125 9121 739 977 9122 819 1125 9123 817 1123 9124 812 1126 9125 813 1127 9126 818 3580 9127 821 1128 9128 820 1129 9129 819 973 9130 814 1130 9131 812 1131 9132 817 3581 9133 818 1132 9134 740 965 9135 820 1115 9136 821 1133 9137 818 1132 9138 817 3581 9139 737 982 9140 821 1128 9141 818 3580 9142 738 979 9143 825 1134 9144 864 3143 9145 977 1135 9146 865 1137 9147 824 1358 9148 866 1138 9149 828 1140 9150 870 1336 9151 975 1141 9152 874 1143 9153 826 1334 9154 868 1144 9155 829 1146 9156 871 1344 9157 972 1147 9158 875 1149 9159 827 1339 9160 869 1150 9161 835 1152 9162 886 1331 9163 970 1153 9164 882 1155 9165 831 1322 9166 877 1156 9167 832 1158 9168 878 1341 9169 968 1159 9170 830 1161 9171 876 1328 9172 967 1162 9173 839 1164 9174 894 1303 9175 966 1165 9176 890 1167 9177 833 1318 9178 884 1168 9179 836 1170 9180 887 1315 9181 964 1171 9182 891 1173 9183 834 1311 9184 885 1174 9185 844 1176 9186 903 1291 9187 962 1177 9188 898 1179 9189 837 3582 9190 892 1180 9191 840 1182 9192 895 1312 9193 960 1183 9194 899 1185 9195 838 1306 9196 893 1186 9197 847 1188 9198 910 1276 9199 958 1189 9200 906 1191 9201 842 1288 9202 901 1192 9203 843 1194 9204 902 1300 9205 956 1195 9206 905 1197 9207 841 1295 9208 900 1198 9209 920 1200 9210 849 1262 9211 916 1201 9212 914 1203 9213 845 1297 9214 908 1204 9215 848 1206 9216 911 1283 9217 952 1207 9218 915 1209 9219 846 1279 9220 909 1210 9221 856 1212 9222 927 1253 9223 950 1213 9224 852 1215 9225 919 1280 9226 949 1216 9227 921 1218 9228 850 1269 9229 917 1219 9230 851 1221 9231 918 1266 9232 947 1222 9233 938 1224 9234 933 1243 9235 858 1225 9236 930 1227 9237 854 1248 9238 925 1228 9239 855 1230 9240 926 1263 9241 944 1231 9242 929 1233 9243 853 1258 9244 924 1234 9245 936 1236 9246 940 1250 9247 860 1237 9248 937 1239 9249 946 1255 9250 857 1240 9251 938 1224 9252 941 1270 9253 859 1242 9254 939 1244 9255 942 1226 9256 858 1225 9257 925 1228 9258 940 1249 9259 936 1246 9260 854 1248 9261 939 3583 9262 940 1249 9263 939 1244 9264 932 1245 9265 860 1237 9266 941 1251 9267 938 3584 9268 853 1252 9269 937 1254 9270 941 1251 9271 927 1253 9272 936 1236 9273 935 1238 9274 857 1240 9275 924 1234 9276 942 1259 9277 939 1256 9278 853 1258 9279 938 3585 9280 942 1259 9281 943 1235 9282 924 1234 9283 854 1257 9284 916 1201 9285 943 1235 9286 930 1260 9287 849 1262 9288 929 1233 9289 943 1235 9290 926 1263 9291 856 1272 9292 928 1264 9293 944 1231 9294 928 1264 9295 852 1265 9296 931 1232 9297 944 1231 9298 918 1266 9299 945 1229 9300 925 1228 9301 855 1247 9302 917 1219 9303 945 1229 9304 931 1267 9305 850 1269 9306 930 1227 9307 945 1229 9308 937 1239 9309 934 1241 9310 859 1242 9311 946 1271 9312 937 3586 9313 856 1272 9314 936 1273 9315 946 1271 9316 926 1263 9317 918 1266 9318 852 1265 9319 922 1274 9320 947 1222 9321 922 1274 9322 848 1275 9323 923 1223 9324 947 1222 9325 910 1276 9326 948 1220 9327 917 1219 9328 851 1268 9329 909 1210 9330 948 1220 9331 923 1277 9332 846 1279 9333 921 1218 9334 948 1220 9335 919 1280 9336 849 1285 9337 920 1281 9338 949 1216 9339 920 1281 9340 845 1282 9341 922 1217 9342 949 1216 9343 911 1283 9344 927 1253 9345 853 1252 9346 929 1284 9347 950 1213 9348 929 1284 9349 849 1285 9350 928 1214 9351 950 1213 9352 919 1280 9353 951 1211 9354 909 1210 9355 847 1278 9356 901 1192 9357 951 1211 9358 912 1286 9359 842 1288 9360 915 1209 9361 951 1211 9362 911 1283 9363 845 1282 9364 914 1289 9365 952 1207 9366 914 1289 9367 841 1290 9368 913 1208 9369 952 1207 9370 903 1291 9371 953 1205 9372 908 1204 9373 846 1292 9374 900 1198 9375 953 1205 9376 915 1293 9377 841 1295 9378 914 1203 9379 953 1205 9380 954 1202 9381 916 1201 9382 850 1261 9383 908 1204 9384 954 1202 9385 921 1296 9386 845 1297 9387 920 1200 9388 954 1202 9389 955 1199 9390 900 1198 9391 842 1294 9392 892 1180 9393 955 1199 9394 906 1298 9395 902 1300 9396 844 1308 9397 904 1301 9398 956 1195 9399 904 1301 9400 840 1302 9401 907 1196 9402 956 1195 9403 894 1303 9404 957 1193 9405 901 1192 9406 843 1287 9407 893 1186 9408 957 1193 9409 907 1304 9410 838 1306 9411 906 1191 9412 957 1193 9413 910 1276 9414 848 1275 9415 913 1307 9416 958 1189 9417 913 1307 9418 844 1308 9419 912 1190 9420 958 1189 9421 902 1300 9422 959 1187 9423 893 1186 9424 839 1305 9425 885 1174 9426 959 1187 9427 896 1309 9428 834 1311 9429 899 1185 9430 959 1187 9431 895 1312 9432 837 3587 9433 898 1313 9434 960 1183 9435 898 1313 9436 833 1314 9437 897 1184 9438 960 1183 9439 887 1315 9440 961 1181 9441 892 1180 9442 838 1299 9443 884 1168 9444 961 1181 9445 899 1316 9446 833 1318 9447 898 1179 9448 961 1181 9449 903 1291 9450 841 1290 9451 905 1319 9452 904 1178 9453 962 1177 9454 895 1312 9455 963 1175 9456 885 1174 9457 835 1310 9458 963 1175 9459 888 1320 9460 832 1321 9461 891 1173 9462 963 1175 9463 877 1156 9464 887 1315 9465 833 1314 9466 890 1323 9467 879 1324 9468 964 1171 9469 890 1323 9470 965 1169 9471 884 1168 9472 834 1317 9473 965 1169 9474 891 1326 9475 831 1327 9476 890 1167 9477 965 1169 9478 876 1328 9479 894 1303 9480 840 1302 9481 897 1329 9482 966 1165 9483 897 1329 9484 836 1330 9485 896 1166 9486 966 1165 9487 886 1331 9488 967 1162 9489 876 1328 9490 831 1327 9491 868 1144 9492 967 1162 9493 882 1332 9494 826 1334 9495 881 1163 9496 967 1162 9497 968 1159 9498 880 3588 9499 829 1335 9500 883 1160 9501 968 1159 9502 870 1336 9503 969 1157 9504 877 1156 9505 832 1321 9506 869 1150 9507 969 1157 9508 883 1337 9509 827 1339 9510 882 1155 9511 969 1157 9512 886 1331 9513 836 1330 9514 889 1340 9515 832 1158 9516 888 1154 9517 970 1153 9518 971 1151 9519 869 1150 9520 828 1338 9521 863 1136 9522 971 1151 9523 872 1342 9524 823 1343 9525 875 1149 9526 971 1151 9527 871 1344 9528 826 1355 9529 874 1345 9530 972 1147 9531 874 1345 9532 822 1346 9533 873 1148 9534 972 1147 9535 867 1347 9536 973 1145 9537 868 1144 9538 827 1333 9539 861 1350 9540 973 1145 9541 875 1349 9542 822 1352 9543 874 1143 9544 973 1145 9545 974 1353 9546 879 1324 9547 830 1325 9548 974 1353 9549 881 1354 9550 826 1355 9551 880 1356 9552 974 1353 9553 871 1344 9554 870 1336 9555 829 1335 9556 873 1357 9557 975 1141 9558 873 1357 9559 824 1358 9560 872 1142 9561 975 1141 9562 865 1137 9563 825 1359 9564 865 1137 9565 976 1139 9566 863 1136 9567 977 1135 9568 862 1361 9569 979 1362 9570 1019 3087 9571 1136 1363 9572 981 1365 9573 1021 1590 9574 1135 1366 9575 1022 1368 9576 980 1586 9577 1023 1369 9578 984 1371 9579 1027 1566 9580 1132 1372 9581 989 1374 9582 1036 1551 9583 1131 1375 9584 1031 1377 9585 982 1561 9586 1025 1378 9587 985 1380 9588 1028 1576 9589 1129 1381 9590 1032 1383 9591 983 1570 9592 1026 1384 9593 1039 1386 9594 987 1549 9595 1034 1387 9596 986 1389 9597 1033 1555 9598 1124 1390 9599 996 1392 9600 1051 1531 9601 1123 1393 9602 1047 1395 9603 990 1546 9604 1041 1396 9605 993 1398 9606 1044 1543 9607 1121 1399 9608 1048 1401 9609 991 1539 9610 1042 1402 9611 1001 1404 9612 1060 1519 9613 1119 1405 9614 1055 1407 9615 994 3589 9616 1049 1408 9617 997 1410 9618 1052 1540 9619 1117 1411 9620 1056 1413 9621 995 1534 9622 1050 1414 9623 1004 1416 9624 1067 1504 9625 1115 1417 9626 1063 1419 9627 999 1516 9628 1058 1420 9629 1000 1422 9630 1059 1528 9631 1113 1423 9632 1062 1425 9633 998 1523 9634 1057 1426 9635 1077 1428 9636 1006 1490 9637 1073 1429 9638 1071 1431 9639 1002 1525 9640 1065 1432 9641 1005 1434 9642 1068 1511 9643 1109 1435 9644 1072 1437 9645 1003 1507 9646 1066 1438 9647 1013 1440 9648 1084 1481 9649 1107 1441 9650 1009 1443 9651 1076 1508 9652 1106 1444 9653 1078 1446 9654 1007 1497 9655 1074 1447 9656 1008 1449 9657 1075 1494 9658 1104 1450 9659 1095 1452 9660 1090 1471 9661 1015 1453 9662 1087 1455 9663 1011 1476 9664 1082 1456 9665 1012 1458 9666 1083 1491 9667 1101 1459 9668 1086 1461 9669 1010 1486 9670 1081 1462 9671 1093 1464 9672 1097 1478 9673 1017 1465 9674 1094 1467 9675 1103 1483 9676 1014 1468 9677 1095 1452 9678 1098 1498 9679 1016 1470 9680 1096 1472 9681 1099 1454 9682 1015 1453 9683 1082 1456 9684 1097 1477 9685 1093 1474 9686 1011 1476 9687 1096 3590 9688 1097 1477 9689 1096 1472 9690 1089 1473 9691 1017 1465 9692 1098 1479 9693 1095 3591 9694 1010 1480 9695 1094 1482 9696 1098 1479 9697 1084 1481 9698 1093 1464 9699 1092 1466 9700 1014 1468 9701 1081 1462 9702 1099 1487 9703 1096 1484 9704 1010 1486 9705 1095 3592 9706 1099 1487 9707 1100 1463 9708 1081 1462 9709 1011 1485 9710 1073 1429 9711 1100 1463 9712 1087 1488 9713 1006 1490 9714 1086 1461 9715 1100 1463 9716 1083 1491 9717 1013 1500 9718 1085 1492 9719 1101 1459 9720 1085 1492 9721 1009 1493 9722 1088 1460 9723 1101 1459 9724 1075 1494 9725 1102 1457 9726 1082 1456 9727 1012 1475 9728 1074 1447 9729 1102 1457 9730 1088 1495 9731 1007 1497 9732 1087 1455 9733 1102 1457 9734 1094 1467 9735 1091 1469 9736 1016 1470 9737 1103 1499 9738 1094 3593 9739 1013 1500 9740 1093 1501 9741 1103 1499 9742 1083 1491 9743 1075 1494 9744 1009 1493 9745 1079 1502 9746 1104 1450 9747 1079 1502 9748 1005 1503 9749 1080 1451 9750 1104 1450 9751 1067 1504 9752 1105 1448 9753 1074 1447 9754 1008 1496 9755 1066 1438 9756 1105 1448 9757 1080 1505 9758 1003 1507 9759 1078 1446 9760 1105 1448 9761 1076 1508 9762 1006 1513 9763 1077 1509 9764 1106 1444 9765 1077 1509 9766 1002 1510 9767 1079 1445 9768 1106 1444 9769 1068 1511 9770 1084 1481 9771 1010 1480 9772 1086 1512 9773 1107 1441 9774 1086 1512 9775 1006 1513 9776 1085 1442 9777 1107 1441 9778 1076 1508 9779 1108 1439 9780 1066 1438 9781 1004 1506 9782 1058 1420 9783 1108 1439 9784 1069 1514 9785 999 1516 9786 1072 1437 9787 1108 1439 9788 1068 1511 9789 1002 1510 9790 1071 1517 9791 1109 1435 9792 1071 1517 9793 998 1518 9794 1070 1436 9795 1109 1435 9796 1060 1519 9797 1110 1433 9798 1065 1432 9799 1003 1520 9800 1057 1426 9801 1110 1433 9802 1072 1521 9803 998 1523 9804 1071 1431 9805 1110 1433 9806 1111 1430 9807 1073 1429 9808 1007 1489 9809 1065 1432 9810 1111 1430 9811 1078 1524 9812 1002 1525 9813 1077 1428 9814 1111 1430 9815 1112 1427 9816 1057 1426 9817 999 1522 9818 1049 1408 9819 1112 1427 9820 1063 1526 9821 1059 1528 9822 1001 1536 9823 1061 1529 9824 1113 1423 9825 1061 1529 9826 997 1530 9827 1064 1424 9828 1113 1423 9829 1051 1531 9830 1114 1421 9831 1058 1420 9832 1000 1515 9833 1050 1414 9834 1114 1421 9835 1064 1532 9836 995 1534 9837 1063 1419 9838 1114 1421 9839 1067 1504 9840 1005 1503 9841 1070 1535 9842 1115 1417 9843 1070 1535 9844 1001 1536 9845 1069 1418 9846 1115 1417 9847 1059 1528 9848 1116 1415 9849 1050 1414 9850 996 1533 9851 1042 1402 9852 1116 1415 9853 1053 1537 9854 991 1539 9855 1056 1413 9856 1116 1415 9857 1052 1540 9858 994 3594 9859 1055 1541 9860 1117 1411 9861 1055 1541 9862 990 1542 9863 1054 1412 9864 1117 1411 9865 1044 1543 9866 1118 1409 9867 1049 1408 9868 995 1527 9869 1041 1396 9870 1118 1409 9871 1056 1544 9872 990 1546 9873 1055 1407 9874 1118 1409 9875 1060 1519 9876 998 1518 9877 1062 1547 9878 1061 1406 9879 1119 1405 9880 1052 1540 9881 1120 1403 9882 1042 1402 9883 992 1538 9884 1048 1401 9885 1120 1403 9886 1034 1387 9887 1044 1543 9888 990 1542 9889 1047 1550 9890 1036 1551 9891 1121 1399 9892 1047 1550 9893 989 1374 9894 1046 1400 9895 1121 1399 9896 1122 1397 9897 1041 1396 9898 991 1545 9899 1122 1397 9900 1048 1553 9901 987 1554 9902 1047 1395 9903 1122 1397 9904 1033 1555 9905 1051 1531 9906 997 1530 9907 1054 1556 9908 1123 1393 9909 1054 1556 9910 993 1557 9911 1124 1390 9912 1033 1555 9913 987 1554 9914 1025 1378 9915 1124 1390 9916 1039 1559 9917 982 1561 9918 1038 1391 9919 1124 1390 9920 1035 1562 9921 989 1573 9922 1037 1563 9923 1125 1564 9924 1037 1563 9925 985 1565 9926 1040 1567 9927 1125 1564 9928 1027 1566 9929 1026 1384 9930 1126 1388 9931 1040 1568 9932 983 1570 9933 1039 1386 9934 1126 1388 9935 1043 1558 9936 993 1557 9937 1046 1571 9938 1035 1562 9939 1127 1572 9940 1046 1571 9941 1128 1385 9942 1026 1384 9943 984 1569 9944 1020 1367 9945 1128 1385 9946 1029 1574 9947 979 1575 9948 1032 1383 9949 1128 1385 9950 1028 1576 9951 982 1584 9952 1031 1577 9953 1129 1381 9954 1031 1577 9955 978 1578 9956 1030 1382 9957 1129 1381 9958 1024 1579 9959 1130 1379 9960 1025 1378 9961 983 1560 9962 1018 1364 9963 1130 1379 9964 1032 1581 9965 978 1582 9966 1031 1377 9967 1130 1379 9968 1131 1375 9969 1036 1551 9970 986 1552 9971 1131 1375 9972 1038 1583 9973 982 1584 9974 1037 1376 9975 1131 1375 9976 1028 1576 9977 1027 1566 9978 985 1565 9979 1030 1585 9980 1132 1372 9981 1030 1585 9982 980 1586 9983 1029 1373 9984 1132 1372 9985 1022 1368 9986 980 1580 9987 1024 1579 9988 1133 1588 9989 981 1587 9990 1022 1368 9991 1134 1370 9992 1020 1367 9993 1135 1366 9994 1019 1591 9995 1138 1592 9996 1140 1595 9997 1139 1593 9998 1140 1595 9999 1142 1597 10000 1141 1596 10001 1142 1597 10002 1144 1599 10003 1143 1598 10004 1144 1599 10005 1146 1601 10006 1145 1600 10007 1146 1601 10008 1148 1603 10009 1147 1602 10010 1148 1603 10011 1150 1605 10012 1149 1604 10013 1150 1605 10014 1152 1607 10015 1151 1606 10016 1152 1607 10017 1154 1609 10018 1153 1608 10019 1154 1609 10020 1156 1611 10021 1155 1610 10022 1156 1611 10023 1158 1613 10024 1157 1612 10025 1158 1613 10026 1160 1615 10027 1159 1614 10028 1160 1615 10029 1162 1617 10030 1161 1616 10031 1162 1617 10032 1164 1619 10033 1163 1618 10034 1164 1619 10035 1166 1621 10036 1165 1620 10037 1166 1621 10038 1168 1623 10039 1167 1622 10040 1168 1623 10041 1170 1625 10042 1169 1624 10043 1170 1625 10044 1172 1627 10045 1171 1626 10046 1172 1627 10047 1174 1629 10048 1173 1628 10049 1174 1629 10050 1176 1631 10051 1175 1630 10052 1176 1631 10053 1178 1633 10054 1177 1632 10055 1178 1633 10056 1180 1635 10057 1179 1634 10058 1180 1635 10059 1182 1637 10060 1181 1636 10061 1182 1637 10062 1184 1639 10063 1183 1638 10064 1184 1639 10065 1186 1641 10066 1185 1640 10067 1186 1641 10068 1188 1643 10069 1187 1642 10070 1188 1643 10071 1190 1645 10072 1189 1644 10073 1190 1645 10074 1192 1647 10075 1191 1646 10076 1192 1647 10077 1194 1649 10078 1193 1648 10079 1194 1649 10080 1196 1651 10081 1195 1650 10082 1196 1651 10083 1198 1655 10084 1197 1652 10085 1150 1605 10086 1148 1603 10087 1206 1653 10088 1198 1655 10089 1200 1657 10090 1199 1656 10091 1200 1657 10092 1138 1592 10093 1137 1594 10094 1199 3595 10095 1137 230 10096 1139 230 10097 1139 230 10098 1141 230 10099 1143 230 10100 1143 230 10101 1145 230 10102 1147 230 10103 1147 230 10104 1149 230 10105 1143 230 10106 1149 230 10107 1151 1658 10108 1143 230 10109 1151 1658 10110 1153 230 10111 1155 230 10112 1155 230 10113 1157 230 10114 1151 1658 10115 1157 230 10116 1159 230 10117 1151 1658 10118 1159 230 10119 1161 230 10120 1167 230 10121 1161 230 10122 1163 230 10123 1167 230 10124 1163 230 10125 1165 230 10126 1167 230 10127 1167 230 10128 1169 230 10129 1171 230 10130 1171 230 10131 1173 230 10132 1175 230 10133 1175 230 10134 1177 230 10135 1179 230 10136 1179 230 10137 1181 230 10138 1183 1659 10139 1183 1659 10140 1185 3596 10141 1187 3597 10142 1187 3597 10143 1189 3598 10144 1191 3599 10145 1191 3599 10146 1193 230 10147 1199 3595 10148 1193 230 10149 1195 230 10150 1199 3595 10151 1195 230 10152 1197 230 10153 1199 3595 10154 1199 3595 10155 1139 230 10156 1143 230 10157 1167 230 10158 1171 230 10159 1183 1659 10160 1171 230 10161 1175 230 10162 1183 1659 10163 1175 230 10164 1179 230 10165 1183 1659 10166 1183 1659 10167 1187 3597 10168 1199 3595 10169 1187 3597 10170 1191 3599 10171 1199 3595 10172 1199 3595 10173 1143 230 10174 1151 1658 10175 1151 1658 10176 1159 230 10177 1167 230 10178 1199 3595 10179 1151 1658 10180 1183 1659 10181 1215 1660 10182 1247 1722 10183 1248 1661 10184 1168 1623 10185 1166 1621 10186 1215 1660 10187 1184 1639 10188 1224 1686 10189 1225 1663 10190 1140 1595 10191 1201 1688 10192 1203 1664 10193 1160 1615 10194 1158 1613 10195 1211 1665 10196 1176 1631 10197 1220 1689 10198 1221 1667 10199 1194 1649 10200 1229 1690 10201 1230 1668 10202 1152 1607 10203 1150 1605 10204 1207 1654 10205 1170 1625 10206 1168 1623 10207 1216 1662 10208 1186 1641 10209 1225 1663 10210 1226 1671 10211 1142 1597 10212 1203 1664 10213 1204 1672 10214 1160 1615 10215 1212 1666 10216 1213 1673 10217 1178 1633 10218 1221 1667 10219 1222 1674 10220 1196 1651 10221 1230 1668 10222 1231 1675 10223 1152 1607 10224 1208 1669 10225 1209 1676 10226 1170 1625 10227 1217 1670 10228 1218 1677 10229 1188 1643 10230 1226 1671 10231 1227 1678 10232 1144 1599 10233 1204 1672 10234 1205 1679 10235 1162 1617 10236 1213 1673 10237 1214 1680 10238 1180 1635 10239 1222 1674 10240 1223 1681 10241 1198 1655 10242 1231 1675 10243 1232 1682 10244 1154 1609 10245 1209 1676 10246 1210 1683 10247 1172 1627 10248 1218 1677 10249 1219 1684 10250 1190 1645 10251 1227 1678 10252 1228 1685 10253 1146 1601 10254 1205 1679 10255 1206 1653 10256 1166 1621 10257 1164 1619 10258 1214 1680 10259 1182 1637 10260 1223 1681 10261 1224 1686 10262 1140 1595 10263 1138 1592 10264 1202 1687 10265 1200 1657 10266 1232 1682 10267 1202 1687 10268 1158 1613 10269 1156 1611 10270 1210 1683 10271 1174 1629 10272 1219 1684 10273 1220 1689 10274 1192 1647 10275 1228 1685 10276 1229 1690 10277 1250 1691 10278 1282 1753 10279 1283 1692 10280 1203 1664 10281 1201 1688 10282 1233 1694 10283 1230 1668 10284 1229 1690 10285 1261 1696 10286 1216 1662 10287 1248 1661 10288 1249 1698 10289 1204 1672 10290 1203 1664 10291 1235 1695 10292 1231 1675 10293 1230 1668 10294 1262 1697 10295 1217 1670 10296 1249 1698 10297 1250 1691 10298 1205 1679 10299 1204 1672 10300 1236 1699 10301 1232 1682 10302 1231 1675 10303 1263 1700 10304 1219 1684 10305 1218 1677 10306 1250 1691 10307 1205 1679 10308 1237 1701 10309 1238 1703 10310 1202 1687 10311 1232 1682 10312 1264 1702 10313 1219 1684 10314 1251 1693 10315 1252 1705 10316 1206 1653 10317 1238 1703 10318 1239 1706 10319 1221 1667 10320 1220 1689 10321 1252 1705 10322 1207 1654 10323 1239 1706 10324 1240 1708 10325 1222 1674 10326 1221 1667 10327 1253 1707 10328 1208 1669 10329 1240 1708 10330 1241 1710 10331 1223 1681 10332 1222 1674 10333 1254 1709 10334 1209 1676 10335 1241 1710 10336 1242 1712 10337 1224 1686 10338 1223 1681 10339 1255 1711 10340 1210 1683 10341 1242 1712 10342 1243 1714 10343 1225 1663 10344 1224 1686 10345 1256 1713 10346 1211 1665 10347 1243 1714 10348 1244 1716 10349 1226 1671 10350 1225 1663 10351 1257 1715 10352 1212 1666 10353 1244 1716 10354 1245 1718 10355 1226 1671 10356 1258 1717 10357 1259 1719 10358 1213 1673 10359 1245 1718 10360 1246 1720 10361 1227 1678 10362 1259 1719 10363 1260 1721 10364 1214 1680 10365 1246 1720 10366 1247 1722 10367 1202 1687 10368 1234 1704 10369 1233 1694 10370 1229 1690 10371 1228 1685 10372 1260 1721 10373 1286 1723 10374 1285 1730 10375 1317 1724 10376 1237 1701 10377 1269 1754 10378 1270 1726 10379 1264 1702 10380 1296 1755 10381 1266 1727 10382 1251 1693 10383 1283 1692 10384 1284 1728 10385 1238 1703 10386 1270 1726 10387 1271 1729 10388 1253 1707 10389 1252 1705 10390 1284 1728 10391 1240 1708 10392 1239 1706 10393 1271 1729 10394 1253 1707 10395 1285 1730 10396 1286 1723 10397 1241 1710 10398 1240 1708 10399 1272 1731 10400 1254 1709 10401 1286 1723 10402 1287 1733 10403 1241 1710 10404 1273 1732 10405 1274 1734 10406 1255 1711 10407 1287 1733 10408 1288 1735 10409 1242 1712 10410 1274 1734 10411 1275 1736 10412 1256 1713 10413 1288 1735 10414 1289 1737 10415 1244 1716 10416 1243 1714 10417 1275 1736 10418 1257 1715 10419 1289 1737 10420 1290 1739 10421 1245 1718 10422 1244 1716 10423 1276 1738 10424 1259 1719 10425 1258 1717 10426 1290 1739 10427 1245 1718 10428 1277 1740 10429 1278 1742 10430 1259 1719 10431 1291 1741 10432 1292 1743 10433 1246 1720 10434 1278 1742 10435 1279 1744 10436 1233 1694 10437 1234 1704 10438 1266 1727 10439 1260 1721 10440 1292 1743 10441 1293 1746 10442 1248 1661 10443 1247 1722 10444 1279 1744 10445 1233 1694 10446 1265 1745 10447 1267 1748 10448 1262 1697 10449 1261 1696 10450 1293 1746 10451 1249 1698 10452 1248 1661 10453 1280 1747 10454 1235 1695 10455 1267 1748 10456 1268 1751 10457 1262 1697 10458 1294 1749 10459 1295 1752 10460 1249 1698 10461 1281 1750 10462 1282 1753 10463 1236 1699 10464 1268 1751 10465 1269 1754 10466 1264 1702 10467 1263 1700 10468 1295 1752 10469 1321 1756 10470 1320 1763 10471 1352 1757 10472 1273 1732 10473 1272 1731 10474 1304 1759 10475 1287 1733 10476 1286 1723 10477 1318 1725 10478 1273 1732 10479 1305 1760 10480 1306 1762 10481 1288 1735 10482 1287 1733 10483 1319 1761 10484 1275 1736 10485 1274 1734 10486 1306 1762 10487 1289 1737 10488 1288 1735 10489 1320 1763 10490 1275 1736 10491 1307 1764 10492 1308 1765 10493 1289 1737 10494 1321 1756 10495 1322 1766 10496 1277 1740 10497 1276 1738 10498 1308 1765 10499 1291 1741 10500 1290 1739 10501 1322 1766 10502 1278 1742 10503 1277 1740 10504 1309 1767 10505 1291 1741 10506 1323 1768 10507 1324 1770 10508 1279 1744 10509 1278 1742 10510 1310 1769 10511 1265 1745 10512 1266 1727 10513 1298 1772 10514 1292 1743 10515 1324 1770 10516 1325 1774 10517 1280 1747 10518 1279 1744 10519 1311 1771 10520 1267 1748 10521 1265 1745 10522 1297 1773 10523 1294 1749 10524 1293 1746 10525 1325 1774 10526 1280 1747 10527 1312 1775 10528 1313 1778 10529 1267 1748 10530 1299 1776 10531 1300 1779 10532 1295 1752 10533 1294 1749 10534 1326 1777 10535 1281 1750 10536 1313 1778 10537 1314 1781 10538 1268 1751 10539 1300 1779 10540 1301 1782 10541 1295 1752 10542 1327 1780 10543 1328 1783 10544 1282 1753 10545 1314 1781 10546 1315 1784 10547 1270 1726 10548 1269 1754 10549 1301 1782 10550 1296 1755 10551 1328 1783 10552 1298 1772 10553 1283 1692 10554 1315 1784 10555 1316 1786 10556 1271 1729 10557 1270 1726 10558 1302 1785 10559 1285 1730 10560 1284 1728 10561 1316 1786 10562 1272 1731 10563 1271 1729 10564 1303 1787 10565 1356 1788 10566 1355 1794 10567 1387 1789 10568 1307 1764 10569 1339 1819 10570 1340 1791 10571 1322 1766 10572 1321 1756 10573 1353 1758 10574 1308 1765 10575 1340 1791 10576 1341 1793 10577 1322 1766 10578 1354 1792 10579 1355 1794 10580 1310 1769 10581 1309 1767 10582 1341 1793 10583 1323 1768 10584 1355 1794 10585 1356 1788 10586 1311 1771 10587 1310 1769 10588 1342 1795 10589 1298 1772 10590 1330 1810 10591 1329 1797 10592 1324 1770 10593 1356 1788 10594 1357 1798 10595 1311 1771 10596 1343 1796 10597 1344 1799 10598 1297 1773 10599 1329 1797 10600 1331 1800 10601 1326 1777 10602 1325 1774 10603 1357 1798 10604 1313 1778 10605 1312 1775 10606 1344 1799 10607 1299 1776 10608 1331 1800 10609 1332 1803 10610 1327 1780 10611 1326 1777 10612 1358 1801 10613 1313 1778 10614 1345 1802 10615 1346 1805 10616 1300 1779 10617 1332 1803 10618 1333 1806 10619 1328 1783 10620 1327 1780 10621 1359 1804 10622 1314 1781 10623 1346 1805 10624 1347 1808 10625 1302 1785 10626 1301 1782 10627 1333 1806 10628 1298 1772 10629 1328 1783 10630 1360 1807 10631 1315 1784 10632 1347 1808 10633 1348 1811 10634 1303 1787 10635 1302 1785 10636 1334 1809 10637 1316 1786 10638 1348 1811 10639 1349 1813 10640 1303 1787 10641 1335 1812 10642 1336 1814 10643 1318 1725 10644 1317 1724 10645 1349 1813 10646 1304 1759 10647 1336 1814 10648 1337 1816 10649 1319 1761 10650 1318 1725 10651 1350 1815 10652 1306 1762 10653 1305 1760 10654 1337 1816 10655 1320 1763 10656 1319 1761 10657 1351 1817 10658 1306 1762 10659 1338 1818 10660 1339 1819 10661 1391 1820 10662 1390 1828 10663 1422 1821 10664 1342 1795 10665 1374 1851 10666 1375 1823 10667 1330 1810 10668 1362 1836 10669 1361 1824 10670 1357 1798 10671 1356 1788 10672 1388 1790 10673 1343 1796 10674 1375 1823 10675 1376 1826 10676 1329 1797 10677 1361 1824 10678 1363 1827 10679 1358 1801 10680 1357 1798 10681 1389 1825 10682 1345 1802 10683 1344 1799 10684 1376 1826 10685 1332 1803 10686 1331 1800 10687 1363 1827 10688 1359 1804 10689 1358 1801 10690 1390 1828 10691 1345 1802 10692 1377 1829 10693 1378 1831 10694 1333 1806 10695 1332 1803 10696 1364 1830 10697 1360 1807 10698 1359 1804 10699 1391 1820 10700 1346 1805 10701 1378 1831 10702 1379 1834 10703 1333 1806 10704 1365 1832 10705 1366 1835 10706 1330 1810 10707 1360 1807 10708 1392 1833 10709 1348 1811 10710 1347 1808 10711 1379 1834 10712 1334 1809 10713 1366 1835 10714 1367 1838 10715 1348 1811 10716 1380 1837 10717 1381 1839 10718 1335 1812 10719 1367 1838 10720 1368 1840 10721 1350 1815 10722 1349 1813 10723 1381 1839 10724 1336 1814 10725 1368 1840 10726 1369 1842 10727 1350 1815 10728 1382 1841 10729 1383 1843 10730 1337 1816 10731 1369 1842 10732 1370 1844 10733 1352 1757 10734 1351 1817 10735 1383 1843 10736 1338 1818 10737 1370 1844 10738 1371 1846 10739 1353 1758 10740 1352 1757 10741 1384 1845 10742 1340 1791 10743 1339 1819 10744 1371 1846 10745 1354 1792 10746 1353 1758 10747 1385 1847 10748 1340 1791 10749 1372 1848 10750 1373 1850 10751 1354 1792 10752 1386 1849 10753 1387 1789 10754 1341 1793 10755 1373 1850 10756 1374 1851 10757 1412 1852 10758 1444 1908 10759 1445 1853 10760 1377 1829 10761 1409 1881 10762 1410 1855 10763 1364 1830 10764 1396 1882 10765 1397 1856 10766 1392 1833 10767 1391 1820 10768 1423 1822 10769 1378 1831 10770 1410 1855 10771 1411 1858 10772 1366 1835 10773 1365 1832 10774 1397 1856 10775 1362 1836 10776 1392 1833 10777 1424 1857 10778 1380 1837 10779 1379 1834 10780 1411 1858 10781 1366 1835 10782 1398 1859 10783 1399 1861 10784 1380 1837 10785 1412 1852 10786 1413 1854 10787 1367 1838 10788 1399 1861 10789 1400 1862 10790 1382 1841 10791 1381 1839 10792 1413 1854 10793 1368 1840 10794 1400 1862 10795 1401 1864 10796 1383 1843 10797 1382 1841 10798 1414 1863 10799 1370 1844 10800 1369 1842 10801 1401 1864 10802 1384 1845 10803 1383 1843 10804 1415 1865 10805 1370 1844 10806 1402 1866 10807 1403 1868 10808 1384 1845 10809 1416 1867 10810 1417 1869 10811 1372 1848 10812 1371 1846 10813 1403 1868 10814 1386 1849 10815 1385 1847 10816 1417 1869 10817 1372 1848 10818 1404 1870 10819 1405 1872 10820 1386 1849 10821 1418 1871 10822 1419 1873 10823 1373 1850 10824 1405 1872 10825 1406 1874 10826 1388 1790 10827 1387 1789 10828 1419 1873 10829 1374 1851 10830 1406 1874 10831 1407 1876 10832 1362 1836 10833 1394 1860 10834 1393 1877 10835 1389 1825 10836 1388 1790 10837 1420 1875 10838 1375 1823 10839 1407 1876 10840 1408 1879 10841 1361 1824 10842 1393 1877 10843 1395 1880 10844 1390 1828 10845 1389 1825 10846 1421 1878 10847 1377 1829 10848 1376 1826 10849 1408 1879 10850 1364 1830 10851 1363 1827 10852 1395 1880 10853 1448 1883 10854 1447 1889 10855 1479 1884 10856 1399 1861 10857 1431 1909 10858 1432 1886 10859 1414 1863 10860 1413 1854 10861 1445 1853 10862 1400 1862 10863 1432 1886 10864 1433 1888 10865 1415 1865 10866 1414 1863 10867 1446 1887 10868 1401 1864 10869 1433 1888 10870 1434 1890 10871 1416 1867 10872 1415 1865 10873 1447 1889 10874 1402 1866 10875 1434 1890 10876 1435 1891 10877 1404 1870 10878 1403 1868 10879 1435 1891 10880 1404 1870 10881 1436 1892 10882 1437 1893 10883 1418 1871 10884 1450 1917 10885 1451 1894 10886 1405 1872 10887 1437 1893 10888 1438 1895 10889 1420 1875 10890 1419 1873 10891 1451 1894 10892 1406 1874 10893 1438 1895 10894 1439 1897 10895 1421 1878 10896 1420 1875 10897 1452 1896 10898 1407 1876 10899 1439 1897 10900 1440 1899 10901 1393 1877 10902 1425 1924 10903 1427 1900 10904 1422 1821 10905 1421 1878 10906 1453 1898 10907 1396 1882 10908 1395 1880 10909 1427 1900 10910 1423 1822 10911 1422 1821 10912 1454 1901 10913 1396 1882 10914 1428 1902 10915 1429 1904 10916 1424 1857 10917 1423 1822 10918 1455 1903 10919 1410 1855 10920 1442 1934 10921 1443 1906 10922 1398 1859 10923 1397 1856 10924 1429 1904 10925 1412 1852 10926 1411 1858 10927 1443 1906 10928 1398 1859 10929 1430 1907 10930 1431 1909 10931 1482 1910 10932 1514 1978 10933 1515 1911 10934 1434 1890 10935 1466 1946 10936 1467 1913 10937 1449 1914 10938 1448 1883 10939 1480 1885 10940 1436 1892 10941 1435 1891 10942 1467 1913 10943 1450 1917 10944 1449 1914 10945 1481 1915 10946 1436 1892 10947 1468 1916 10948 1469 1918 10949 1450 1917 10950 1482 1910 10951 1483 1912 10952 1438 1895 10953 1437 1893 10954 1469 1918 10955 1452 1896 10956 1451 1894 10957 1483 1912 10958 1438 1895 10959 1470 1919 10960 1471 1921 10961 1426 1922 10962 1458 1939 10963 1457 1923 10964 1452 1896 10965 1484 1920 10966 1485 1925 10967 1439 1897 10968 1471 1921 10969 1472 1926 10970 1425 1924 10971 1457 1923 10972 1459 1927 10973 1454 1901 10974 1453 1898 10975 1485 1925 10976 1441 1929 10977 1440 1899 10978 1472 1926 10979 1428 1902 10980 1427 1900 10981 1459 1927 10982 1455 1903 10983 1454 1901 10984 1486 1928 10985 1441 1929 10986 1473 1930 10987 1474 1933 10988 1428 1902 10989 1460 1931 10990 1461 1935 10991 1456 1905 10992 1455 1903 10993 1487 1932 10994 1443 1906 10995 1442 1934 10996 1474 1933 10997 1429 1904 10998 1461 1935 10999 1462 1938 11000 1426 1922 11001 1456 1905 11002 1488 1936 11003 1444 1908 11004 1443 1906 11005 1475 1937 11006 1430 1907 11007 1462 1938 11008 1463 1941 11009 1444 1908 11010 1476 1940 11011 1477 1942 11012 1432 1886 11013 1431 1909 11014 1463 1941 11015 1446 1887 11016 1445 1853 11017 1477 1942 11018 1432 1886 11019 1464 1943 11020 1465 1945 11021 1447 1889 11022 1446 1887 11023 1478 1944 11024 1433 1888 11025 1465 1945 11026 1466 1946 11027 1507 1947 11028 1506 1961 11029 1538 1948 11030 1469 1918 11031 1501 1979 11032 1502 1950 11033 1484 1920 11034 1483 1912 11035 1515 1911 11036 1470 1919 11037 1502 1950 11038 1503 1952 11039 1458 1939 11040 1490 1965 11041 1489 1953 11042 1484 1920 11043 1516 1951 11044 1517 1954 11045 1471 1921 11046 1503 1952 11047 1504 1955 11048 1457 1923 11049 1489 1953 11050 1491 1956 11051 1485 1925 11052 1517 1954 11053 1518 1957 11054 1473 1930 11055 1472 1926 11056 1504 1955 11057 1460 1931 11058 1459 1927 11059 1491 1956 11060 1487 1932 11061 1486 1928 11062 1518 1957 11063 1473 1930 11064 1505 1958 11065 1506 1961 11066 1461 1935 11067 1460 1931 11068 1492 1959 11069 1488 1936 11070 1487 1932 11071 1519 1960 11072 1475 1937 11073 1474 1933 11074 1506 1961 11075 1461 1935 11076 1493 1962 11077 1494 1964 11078 1458 1939 11079 1488 1936 11080 1520 1963 11081 1475 1937 11082 1507 1947 11083 1508 1966 11084 1462 1938 11085 1494 1964 11086 1495 1967 11087 1476 1940 11088 1508 1966 11089 1509 1968 11090 1463 1941 11091 1495 1967 11092 1496 1969 11093 1478 1944 11094 1477 1942 11095 1509 1968 11096 1464 1943 11097 1496 1969 11098 1497 1971 11099 1479 1884 11100 1478 1944 11101 1510 1970 11102 1466 1946 11103 1465 1945 11104 1497 1971 11105 1480 1885 11106 1479 1884 11107 1511 1972 11108 1466 1946 11109 1498 1973 11110 1499 1975 11111 1480 1885 11112 1512 1974 11113 1513 1976 11114 1467 1913 11115 1499 1975 11116 1500 1977 11117 1482 1910 11118 1481 1915 11119 1513 1976 11120 1468 1916 11121 1500 1977 11122 1501 1979 11123 1541 1980 11124 1573 2072 11125 1574 1981 11126 1493 1962 11127 1525 2012 11128 1526 1983 11129 1490 1965 11130 1520 1963 11131 1552 1984 11132 1508 1966 11133 1507 1947 11134 1539 1949 11135 1494 1964 11136 1526 1983 11137 1527 1987 11138 1508 1966 11139 1540 1986 11140 1541 1988 11141 1496 1969 11142 1495 1967 11143 1527 1987 11144 1510 1970 11145 1509 1968 11146 1541 1988 11147 1496 1969 11148 1528 1989 11149 1529 1991 11150 1511 1972 11151 1510 1970 11152 1542 1990 11153 1498 1973 11154 1497 1971 11155 1529 1991 11156 1512 1974 11157 1511 1972 11158 1543 1992 11159 1498 1973 11160 1530 1993 11161 1531 1995 11162 1512 1974 11163 1544 1994 11164 1545 1996 11165 1500 1977 11166 1499 1975 11167 1531 1995 11168 1514 1978 11169 1513 1976 11170 1545 1996 11171 1500 1977 11172 1532 1997 11173 1533 1999 11174 1514 1978 11175 1546 1998 11176 1547 2000 11177 1501 1979 11178 1533 1999 11179 1534 2001 11180 1516 1951 11181 1515 1911 11182 1547 2000 11183 1502 1950 11184 1534 2001 11185 1535 2003 11186 1490 1965 11187 1522 1985 11188 1521 2004 11189 1516 1951 11190 1548 2002 11191 1549 2005 11192 1503 1952 11193 1535 2003 11194 1536 2006 11195 1489 1953 11196 1521 2004 11197 1523 2007 11198 1518 1957 11199 1517 1954 11200 1549 2005 11201 1505 1958 11202 1504 1955 11203 1536 2006 11204 1492 1959 11205 1491 1956 11206 1523 2007 11207 1519 1960 11208 1518 1957 11209 1550 2008 11210 1505 1958 11211 1537 2009 11212 1538 1948 11213 1493 1962 11214 1492 1959 11215 1524 2010 11216 1520 1963 11217 1519 1960 11218 1551 2011 11219 1528 2013 11220 1560 2073 11221 1561 2014 11222 1542 1982 11223 1574 1981 11224 1575 2016 11225 1529 2015 11226 1561 2014 11227 1562 2018 11228 1543 2017 11229 1575 2016 11230 1576 2020 11231 1530 2019 11232 1562 2018 11233 1563 2022 11234 1544 2021 11235 1576 2020 11236 1577 2024 11237 1531 2023 11238 1563 2022 11239 1564 2026 11240 1545 2025 11241 1577 2024 11242 1578 2028 11243 1532 2027 11244 1564 2026 11245 1565 2030 11246 1546 2029 11247 1578 2028 11248 1579 2032 11249 1533 2031 11250 1565 2030 11251 1566 2034 11252 1547 2033 11253 1579 2032 11254 1580 2036 11255 1534 2035 11256 1566 2034 11257 1567 2038 11258 1522 2040 11259 1554 2067 11260 1553 2041 11261 1548 2037 11262 1580 2036 11263 1581 2043 11264 1536 2045 11265 1535 2039 11266 1567 2038 11267 1521 2042 11268 1553 2041 11269 1555 2047 11270 1549 2044 11271 1581 2043 11272 1582 2049 11273 1537 2051 11274 1536 2045 11275 1568 2046 11276 1523 2048 11277 1555 2047 11278 1556 2053 11279 1550 2050 11280 1582 2049 11281 1583 2055 11282 1538 2057 11283 1537 2051 11284 1569 2052 11285 1524 2054 11286 1556 2053 11287 1557 2059 11288 1551 2056 11289 1583 2055 11290 1584 2061 11291 1538 2057 11292 1570 2058 11293 1571 2063 11294 1525 2060 11295 1557 2059 11296 1558 2065 11297 1552 2062 11298 1584 2061 11299 1554 2067 11300 1539 2064 11301 1571 2063 11302 1572 2068 11303 1526 2066 11304 1558 2065 11305 1559 2070 11306 1540 2069 11307 1572 2068 11308 1573 2072 11309 1527 2071 11310 1559 2070 11311 1560 2073 11312 1611 2074 11313 1642 2183 11314 1643 2075 11315 1563 2077 11316 1595 2129 11317 1596 2078 11318 1564 2079 11319 1596 2078 11320 1597 2080 11321 1566 2082 11322 1565 2081 11323 1597 2080 11324 1566 2082 11325 1598 2083 11326 1599 2084 11327 1553 2086 11328 1554 2114 11329 1586 2087 11330 1581 2089 11331 1580 3600 11332 1612 2090 11333 1568 2092 11334 1567 2085 11335 1599 2084 11336 1555 2094 11337 1553 2086 11338 1585 2088 11339 1581 2089 11340 1613 2091 11341 1614 2096 11342 1568 2092 11343 1600 2093 11344 1601 2098 11345 1555 2094 11346 1587 2095 11347 1588 2100 11348 1582 2097 11349 1614 2096 11350 1615 2102 11351 1570 2104 11352 1569 2099 11353 1601 2098 11354 1557 2106 11355 1556 2101 11356 1588 2100 11357 1583 2103 11358 1615 2102 11359 1616 2108 11360 1570 2104 11361 1602 2105 11362 1603 2110 11363 1558 2112 11364 1557 2106 11365 1589 2107 11366 1584 2109 11367 1616 2108 11368 1586 2087 11369 1571 2111 11370 1603 2110 11371 1604 2115 11372 1559 2117 11373 1558 2112 11374 1590 2113 11375 1573 2119 11376 1572 2116 11377 1604 2115 11378 1559 2117 11379 1591 2118 11380 1592 2121 11381 1573 2119 11382 1605 2120 11383 1606 2123 11384 1561 2125 11385 1560 2122 11386 1592 2121 11387 1561 2125 11388 1593 2126 11389 1594 2127 11390 1563 2077 11391 1562 2128 11392 1594 2127 11393 1619 2130 11394 1649 3218 11395 1650 2131 11396 1598 2133 11397 1630 2184 11398 1631 2134 11399 1585 2136 11400 1586 2154 11401 1618 2137 11402 1613 2139 11403 1612 2076 11404 1643 2075 11405 1613 2139 11406 1644 2140 11407 1645 2141 11408 1600 2143 11409 1632 2214 11410 1633 2144 11411 1587 2146 11412 1619 2130 11413 1620 2132 11414 1602 2148 11415 1601 2145 11416 1633 2144 11417 1589 2150 11418 1588 2147 11419 1620 2132 11420 1589 2150 11421 1621 2151 11422 1622 2152 11423 1586 2154 11424 1616 3601 11425 1646 2155 11426 1591 2156 11427 1590 2153 11428 1622 2152 11429 1604 2158 11430 1635 3292 11431 1636 2159 11432 1591 2156 11433 1623 2157 11434 1624 2161 11435 1605 2160 11436 1636 2159 11437 1637 2163 11438 1593 2165 11439 1592 2162 11440 1624 2161 11441 1606 2164 11442 1637 2163 11443 1638 2167 11444 1593 2165 11445 1625 2166 11446 1626 2169 11447 1607 2168 11448 1638 2167 11449 1639 2171 11450 1594 2170 11451 1626 2169 11452 1627 2173 11453 1609 2175 11454 1608 2172 11455 1639 2171 11456 1595 2174 11457 1627 2173 11458 1628 2177 11459 1609 2175 11460 1640 2176 11461 1641 2179 11462 1596 2178 11463 1628 2177 11464 1629 2181 11465 1610 2180 11466 1641 2179 11467 1642 2183 11468 1597 2182 11469 1629 2181 11470 1630 2184 11471 1652 2185 11472 1684 2276 11473 1685 2186 11474 1634 2149 11475 1633 2144 11476 1663 2188 11477 1621 2151 11478 1620 2132 11479 1650 2131 11480 1622 2152 11481 1621 2151 11482 1651 2190 11483 1646 2155 11484 1678 3602 11485 1648 2192 11486 1623 2157 11487 1622 2152 11488 1652 2191 11489 1636 2159 11490 1635 3292 11491 1666 2194 11492 1623 2157 11493 1653 2193 11494 1654 2196 11495 1637 2163 11496 1636 2159 11497 1667 2195 11498 1625 2166 11499 1624 2161 11500 1654 2196 11501 1637 2163 11502 1668 2197 11503 1669 2199 11504 1625 2166 11505 1655 2198 11506 1656 2200 11507 1638 2167 11508 1669 2199 11509 1670 2201 11510 1627 2173 11511 1626 2169 11512 1656 2200 11513 1640 2176 11514 1639 2171 11515 1670 2201 11516 1627 2173 11517 1657 2202 11518 1658 2204 11519 1640 2176 11520 1671 2203 11521 1672 2205 11522 1629 2181 11523 1628 2177 11524 1658 2204 11525 1642 2183 11526 1641 2179 11527 1672 2205 11528 1630 2184 11529 1629 2181 11530 1659 2206 11531 1642 2183 11532 1673 2207 11533 1674 2209 11534 1630 2184 11535 1660 2208 11536 1661 2210 11537 1617 2138 11538 1618 2137 11539 1648 2192 11540 1644 2140 11541 1643 2075 11542 1674 2209 11543 1644 2140 11544 1675 2212 11545 1676 2213 11546 1632 2214 11547 1662 3603 11548 1663 2188 11549 1688 2215 11550 1687 2339 11551 1719 2216 11552 1666 2218 11553 1698 2278 11554 1699 2219 11555 1654 2221 11556 1653 2187 11557 1685 2186 11558 1667 2220 11559 1699 2219 11560 1700 2223 11561 1654 2221 11562 1686 2222 11563 1687 2225 11564 1669 2227 11565 1668 2224 11566 1700 2223 11567 1656 2229 11568 1655 2226 11569 1687 2225 11570 1670 2231 11571 1669 2227 11572 1701 2228 11573 1656 2229 11574 1688 2230 11575 1689 2233 11576 1671 2235 11577 1670 2231 11578 1702 2232 11579 1658 2237 11580 1657 2234 11581 1689 2233 11582 1672 2239 11583 1671 2235 11584 1703 2236 11585 1658 2237 11586 1690 2238 11587 1691 2241 11588 1672 2239 11589 1704 2240 11590 1705 2243 11591 1659 2242 11592 1691 2241 11593 1692 2245 11594 1673 2244 11595 1705 2243 11596 1706 2247 11597 1660 2246 11598 1692 2245 11599 1693 2249 11600 1648 2251 11601 1680 2277 11602 1679 2252 11603 1674 2248 11604 1706 2247 11605 1707 2254 11606 1661 2250 11607 1693 2249 11608 1694 2256 11609 1647 2253 11610 1679 2252 11611 1681 2258 11612 1675 2255 11613 1707 2254 11614 1708 2260 11615 1663 2262 11616 1662 2257 11617 1694 2256 11618 1650 2264 11619 1649 2259 11620 1681 2258 11621 1676 2261 11622 1708 2260 11623 1709 2266 11624 1663 2262 11625 1695 2263 11626 1696 2268 11627 1651 2270 11628 1650 2264 11629 1682 2265 11630 1677 2267 11631 1709 2266 11632 1710 2272 11633 1665 2274 11634 1664 2269 11635 1696 2268 11636 1651 2270 11637 1683 2271 11638 1684 2276 11639 1648 2251 11640 1678 2273 11641 1710 2272 11642 1666 2218 11643 1665 2274 11644 1697 2275 11645 1702 2282 11646 1701 2340 11647 1733 2283 11648 1688 2215 11649 1720 2217 11650 1721 2285 11651 1702 2282 11652 1734 2284 11653 1735 2287 11654 1690 2289 11655 1689 2286 11656 1721 2285 11657 1704 2290 11658 1703 2288 11659 1735 2287 11660 1691 2292 11661 1690 2289 11662 1722 2280 11663 1704 2290 11664 1736 2291 11665 1737 2293 11666 1691 2292 11667 1723 2279 11668 1724 2295 11669 1706 2297 11670 1705 2294 11671 1737 2293 11672 1692 2296 11673 1724 2295 11674 1725 2299 11675 1680 2301 11676 1712 2328 11677 1711 2302 11678 1706 2297 11679 1738 2298 11680 1739 2304 11681 1693 2300 11682 1725 2299 11683 1726 2306 11684 1679 2303 11685 1711 2302 11686 1713 2308 11687 1708 2310 11688 1707 2305 11689 1739 2304 11690 1695 2312 11691 1694 2307 11692 1726 2306 11693 1682 2314 11694 1681 2309 11695 1713 2308 11696 1709 2316 11697 1708 2310 11698 1740 2311 11699 1695 2312 11700 1727 2313 11701 1728 2318 11702 1682 2314 11703 1714 2315 11704 1715 2320 11705 1710 2322 11706 1709 2316 11707 1741 2317 11708 1697 2324 11709 1696 2319 11710 1728 2318 11711 1683 2321 11712 1715 2320 11713 1716 2326 11714 1680 2301 11715 1710 2322 11716 1742 2323 11717 1698 2329 11718 1697 2324 11719 1729 2325 11720 1684 2327 11721 1716 2326 11722 1717 2331 11723 1698 2329 11724 1730 2330 11725 1731 2333 11726 1686 2335 11727 1685 2332 11728 1717 2331 11729 1699 2334 11730 1731 2333 11731 1732 2337 11732 1686 2335 11733 1718 2336 11734 1719 2216 11735 1701 2340 11736 1700 2338 11737 1732 2337 11738 1795 2341 11739 1793 2418 11740 1863 2342 11741 1768 2344 11742 1819 2460 11743 1818 2345 11744 1747 2347 11745 1749 2352 11746 1748 2348 11747 1784 2350 11748 1827 2463 11749 1826 2351 11750 1749 2352 11751 1751 3604 11752 1750 2353 11753 1771 2354 11754 1852 2434 11755 1853 2355 11756 1800 2357 11757 1835 2468 11758 1834 2358 11759 1750 2353 11760 1751 3604 11761 1753 2360 11762 1787 2362 11763 1860 2440 11764 1861 2363 11765 1762 2365 11766 1816 2472 11767 1815 2366 11768 1753 2360 11769 1755 3605 11770 1754 2368 11771 1803 2369 11772 1868 2444 11773 1869 2370 11774 1778 2372 11775 1824 2476 11776 1823 2373 11777 1754 2368 11778 1755 3605 11779 1757 2375 11780 1794 2377 11781 1832 2481 11782 1831 2378 11783 1756 2376 11784 1757 2375 11785 1759 2380 11786 1756 2382 11787 1813 2485 11788 1812 2383 11789 1758 2381 11790 1759 2380 11791 1761 2385 11792 1765 2387 11793 1849 2450 11794 1850 2388 11795 1746 2390 11796 1745 2489 11797 1839 2391 11798 1761 2385 11799 1763 3606 11800 1762 2392 11801 1772 2393 11802 1821 2494 11803 1820 2394 11804 1762 2392 11805 1763 3606 11806 1765 2396 11807 1799 2398 11808 1797 2459 11809 1865 2399 11810 1788 2401 11811 1829 2498 11812 1828 2402 11813 1764 2397 11814 1765 2396 11815 1767 2404 11816 1759 2406 11817 1846 2467 11818 1847 2407 11819 1804 2409 11820 1837 2508 11821 1836 2410 11822 1766 2405 11823 1767 2404 11824 1769 2412 11825 1750 2047 11826 1810 2507 11827 1744 2414 11828 1768 2413 11829 1769 2412 11830 1771 2416 11831 1793 2418 11832 1791 2475 11833 1862 2419 11834 1766 2346 11835 1818 2345 11836 1817 2420 11837 1770 2417 11838 1771 2416 11839 1773 2422 11840 1782 2351 11841 1826 2351 11842 1825 2424 11843 1772 2423 11844 1773 2422 11845 1775 2426 11846 1753 2428 11847 1843 2484 11848 1844 2429 11849 1798 2359 11850 1834 2358 11851 1833 2431 11852 1775 2426 11853 1777 3607 11854 1776 2432 11855 1769 2433 11856 1851 2488 11857 1852 2434 11858 1760 2367 11859 1815 2366 11860 1814 2435 11861 1776 2432 11862 1777 3607 11863 1779 2437 11864 1785 2439 11865 1859 2493 11866 1860 2440 11867 1776 2374 11868 1823 2373 11869 1822 2441 11870 1779 2437 11871 1781 2447 11872 1780 2442 11873 1801 2443 11874 1867 2501 11875 1868 2444 11876 1792 2379 11877 1831 2378 11878 1830 2445 11879 1781 2447 11880 1783 2453 11881 1782 2448 11882 1763 2449 11883 1848 2509 11884 1849 2450 11885 1808 1656 11886 1839 2391 11887 1838 2451 11888 1783 2453 11889 1785 2457 11890 1784 2454 11891 1754 2384 11892 1812 2383 11893 1811 2455 11894 1785 2457 11895 1787 2461 11896 1786 2458 11897 1795 2341 11898 1864 2343 11899 1865 2399 11900 1770 2395 11901 1820 2394 11902 1819 2460 11903 1787 2461 11904 1789 3608 11905 1788 2462 11906 1786 2403 11907 1828 2402 11908 1827 2463 11909 1788 2462 11910 1789 3608 11911 1791 2464 11912 1757 2466 11913 1845 2506 11914 1846 2467 11915 1802 2411 11916 1836 2410 11917 1835 2468 11918 1791 2464 11919 1793 2473 11920 1792 2469 11921 1773 2356 11922 1853 2355 11923 1854 2470 11924 1764 2421 11925 1817 2420 11926 1816 2472 11927 1793 2473 11928 1795 3609 11929 1794 2474 11930 1789 2364 11931 1861 2363 11932 1862 2419 11933 1780 2425 11934 1825 2424 11935 1824 2476 11936 1794 2474 11937 1795 3609 11938 1797 2477 11939 1805 2371 11940 1869 2370 11941 1870 2479 11942 1796 2431 11943 1833 2431 11944 1832 2481 11945 1797 2477 11946 1799 2486 11947 1798 2482 11948 1751 2483 11949 1842 2545 11950 1843 2484 11951 1758 2436 11952 1814 2435 11953 1813 2485 11954 1799 2486 11955 1801 3610 11956 1800 2487 11957 1769 2433 11958 1767 2389 11959 1850 2388 11960 1748 2415 11961 1744 2414 11962 1745 2489 11963 1800 2487 11964 1801 3610 11965 1803 2490 11966 1785 2439 11967 1783 3123 11968 1858 2492 11969 1774 2441 11970 1822 2441 11971 1821 2494 11972 1803 2490 11973 1805 3611 11974 1804 2495 11975 1870 2479 11976 1869 2370 11977 1901 2496 11978 1790 2446 11979 1830 2445 11980 1829 2498 11981 1804 2495 11982 1805 3611 11983 1807 2499 11984 1801 2443 11985 1799 2398 11986 1866 2400 11987 1817 2502 11988 1818 2973 11989 2222 2503 11990 1807 2499 11991 1809 3612 11992 1808 2505 11993 1755 2430 11994 1844 2429 11995 1845 2506 11996 1752 2456 11997 1811 2455 11998 1810 2507 11999 1808 2505 12000 1809 3612 12001 1747 2347 12002 1806 2452 12003 1838 2451 12004 1837 2508 12005 1761 2408 12006 1847 2407 12007 1848 2509 12008 1899 2510 12009 1898 2537 12010 1930 2511 12011 1856 2513 12012 1888 2547 12013 1889 2514 12014 1843 2484 12015 1875 2548 12016 1876 2516 12017 1871 2517 12018 1870 2479 12019 1902 2497 12020 1857 2515 12021 1889 2514 12022 1890 2519 12023 1844 2429 12024 1876 2516 12025 1877 2520 12026 1871 2517 12027 1903 2518 12028 1873 2521 12029 1859 2493 12030 1858 2492 12031 1890 2519 12032 1845 2506 12033 1877 2520 12034 1878 2524 12035 1859 2493 12036 1891 2523 12037 1892 2525 12038 1846 2467 12039 1878 2524 12040 1879 2526 12041 1861 2363 12042 1860 2440 12043 1892 2525 12044 1848 2509 12045 1847 2407 12046 1879 2526 12047 1861 2363 12048 1893 2527 12049 1894 2529 12050 1848 2509 12051 1880 2528 12052 1881 2530 12053 1863 2342 12054 1862 2419 12055 1894 2529 12056 1849 2450 12057 1881 2530 12058 1882 2532 12059 1864 2343 12060 1863 2342 12061 1895 2531 12062 1851 2488 12063 1850 2388 12064 1882 2532 12065 1864 2343 12066 1896 2533 12067 1897 2535 12068 1852 2434 12069 1851 2488 12070 1883 2534 12071 1866 2400 12072 1865 2399 12073 1897 2535 12074 1852 2434 12075 1884 2536 12076 1885 2538 12077 1867 2501 12078 1866 2400 12079 1898 2537 12080 1853 2355 12081 1885 2538 12082 1886 2539 12083 1840 2540 12084 1841 2522 12085 1873 2521 12086 1867 2501 12087 1899 2510 12088 1900 2542 12089 1855 2543 12090 1854 2470 12091 1886 2539 12092 1842 2545 12093 1840 2540 12094 1872 2541 12095 1869 2370 12096 1868 2444 12097 1900 2542 12098 1855 2543 12099 1887 2544 12100 1888 2547 12101 1842 2545 12102 1874 2546 12103 1875 2548 12104 1907 2549 12105 1906 2641 12106 1938 2550 12107 1885 2538 12108 1917 2581 12109 1918 2552 12110 1872 2541 12111 1873 2521 12112 1905 2553 12113 1899 2510 12114 1931 2512 12115 1932 2555 12116 1886 2539 12117 1918 2552 12118 1919 2556 12119 1874 2546 12120 1872 2541 12121 1904 2554 12122 1901 2496 12123 1900 2542 12124 1932 2555 12125 1887 2544 12126 1919 2556 12127 1920 2559 12128 1874 2546 12129 1906 2557 12130 1907 2560 12131 1902 2497 12132 1901 2496 12133 1933 2558 12134 1888 2547 12135 1920 2559 12136 1921 2562 12137 1875 2548 12138 1907 2560 12139 1908 2563 12140 1903 2518 12141 1902 2497 12142 1934 2561 12143 1890 2519 12144 1889 2514 12145 1921 2562 12146 1877 2520 12147 1876 2516 12148 1908 2563 12149 1903 2518 12150 1935 2564 12151 1905 2553 12152 1891 2523 12153 1890 2519 12154 1922 2565 12155 1877 2520 12156 1909 2566 12157 1910 2568 12158 1891 2523 12159 1923 2567 12160 1924 2569 12161 1878 2524 12162 1910 2568 12163 1911 2570 12164 1893 2527 12165 1892 2525 12166 1924 2569 12167 1879 2526 12168 1911 2570 12169 1912 2572 12170 1893 2527 12171 1925 2571 12172 1926 2573 12173 1880 2528 12174 1912 2572 12175 1913 2574 12176 1895 2531 12177 1894 2529 12178 1926 2573 12179 1881 2530 12180 1913 2574 12181 1914 2576 12182 1896 2533 12183 1895 2531 12184 1927 2575 12185 1883 2534 12186 1882 2532 12187 1914 2576 12188 1896 2533 12189 1928 2577 12190 1929 2579 12191 1883 2534 12192 1915 2578 12193 1916 2580 12194 1898 2537 12195 1897 2535 12196 1929 2579 12197 1884 2536 12198 1916 2580 12199 1917 2581 12200 1941 408 12201 1973 408 12202 1974 2582 12203 1934 2583 12204 1933 2642 12205 1965 2584 12206 1920 2586 12207 1952 2643 12208 1953 2587 12209 1908 2589 12210 1907 2549 12211 1939 2551 12212 1935 2591 12213 1934 2583 12214 1966 2585 12215 1921 2588 12216 1953 2587 12217 1954 2593 12218 1909 2595 12219 1908 2589 12220 1940 2590 12221 1905 2597 12222 1935 2591 12223 1967 2592 12224 1922 2594 12225 1954 2593 12226 1955 2599 12227 1910 2601 12228 1909 2595 12229 1941 2596 12230 1923 2600 12231 1955 2599 12232 1956 2603 12233 1911 2605 12234 1910 2601 12235 1942 2602 12236 1924 2604 12237 1956 2603 12238 1957 2607 12239 1911 2605 12240 1943 2606 12241 1944 2609 12242 1925 2608 12243 1957 2607 12244 1958 2611 12245 1912 2610 12246 1944 2609 12247 1945 2613 12248 1926 2612 12249 1958 2611 12250 1959 2615 12251 1913 2614 12252 1945 2613 12253 1946 2617 12254 1927 2616 12255 1959 2615 12256 1960 2619 12257 1914 2618 12258 1946 2617 12259 1947 2621 12260 1929 2623 12261 1928 2620 12262 1960 2619 12263 1915 2622 12264 1947 2621 12265 1948 2625 12266 1930 2627 12267 1929 2623 12268 1961 2624 12269 1916 2626 12270 1948 2625 12271 1949 2629 12272 1931 2631 12273 1930 2627 12274 1962 2628 12275 1917 2630 12276 1949 2629 12277 1950 2633 12278 1904 2635 12279 1905 2597 12280 1937 2598 12281 1932 2637 12282 1931 2631 12283 1963 2632 12284 1918 2634 12285 1950 2633 12286 1951 2639 12287 1906 2641 12288 1904 2635 12289 1936 2636 12290 1933 2642 12291 1932 2637 12292 1964 2638 12293 1919 2640 12294 1951 2639 12295 1952 2643 12296 1970 2644 12297 1968 3613 12298 1969 3614 12299 1969 3614 12300 1999 3615 12301 1970 2644 12302 1999 3615 12303 1998 2690 12304 1970 2644 12305 1998 2690 12306 1997 2684 12307 1994 2645 12308 1997 2684 12309 1996 2679 12310 1994 2645 12311 1996 2679 12312 1995 408 12313 1994 2645 12314 1994 2645 12315 1993 408 12316 1992 3616 12317 1992 3616 12318 1991 408 12319 1990 2653 12320 1990 2653 12321 1989 408 12322 1986 2646 12323 1989 408 12324 1988 2648 12325 1986 2646 12326 1988 2648 12327 1987 2700 12328 1986 2646 12329 1986 2646 12330 1985 3617 12331 1984 3618 12332 1984 3618 12333 1983 3619 12334 1986 2646 12335 1983 3619 12336 1982 2675 12337 1986 2646 12338 1982 2675 12339 1981 2671 12340 1978 2664 12341 1981 2671 12342 1980 2669 12343 1978 2664 12344 1980 2669 12345 1979 2665 12346 1978 2664 12347 1978 2664 12348 1977 3620 12349 1976 3621 12350 1976 3621 12351 1975 3622 12352 1974 2582 12353 1974 2582 12354 1973 408 12355 1970 2644 12356 1973 408 12357 1972 2692 12358 1970 2644 12359 1972 2692 12360 1971 2688 12361 1970 2644 12362 1994 2645 12363 1992 3616 12364 1986 2646 12365 1992 3616 12366 1990 2653 12367 1986 2646 12368 1978 2664 12369 1976 3621 12370 1970 2644 12371 1976 3621 12372 1974 2582 12373 1970 2644 12374 1970 2644 12375 1998 2690 12376 1994 2645 12377 1986 2646 12378 1982 2675 12379 1970 2644 12380 1982 2675 12381 1978 2664 12382 1970 2644 12383 1955 2647 12384 1987 2700 12385 1988 2648 12386 1999 2650 12387 2038 2706 12388 2039 2651 12389 1957 408 12390 1956 2649 12391 1988 2648 12392 1960 2619 12393 2015 2660 12394 2016 2652 12395 1957 408 12396 1989 408 12397 1990 2653 12398 1968 2654 12399 2020 2704 12400 2021 2655 12401 1985 2657 12402 2031 2702 12403 2030 2658 12404 1959 2615 12405 2013 2681 12406 2015 2660 12407 1946 2661 12408 2007 2662 12409 2027 2661 12410 1947 2663 12411 1946 408 12412 1978 2664 12413 1984 2659 12414 2030 2658 12415 2028 2666 12416 1948 2668 12417 1947 2663 12418 1979 2665 12419 1945 2613 12420 2006 2686 12421 2007 2670 12422 1948 2668 12423 1980 2669 12424 1981 2671 12425 1963 2673 12426 1962 408 12427 1994 2645 12428 1950 2674 12429 1949 2672 12430 1981 2671 12431 1938 2676 12432 2002 3623 12433 2022 2677 12434 1963 2673 12435 1995 408 12436 1996 2679 12437 1958 2611 12438 2014 3624 12439 2013 2681 12440 1983 2667 12441 2028 2666 12442 2029 2682 12443 1964 2680 12444 1996 2679 12445 1997 2684 12446 1944 2609 12447 2005 398 12448 2006 2686 12449 1938 2687 12450 1970 2644 12451 1971 2688 12452 1965 2685 12453 1997 2684 12454 1998 2690 12455 1943 2606 12456 2003 2696 12457 2005 398 12458 1939 2689 12459 1971 2688 12460 1972 2692 12461 1990 2694 12462 2034 2695 12463 2014 2694 12464 1942 2602 12465 2004 3625 12466 2003 2696 12467 1941 408 12468 1940 2693 12469 1972 2692 12470 1994 2697 12471 2037 3626 12472 2036 2698 12473 1955 2647 12474 1954 408 12475 1986 2646 12476 1986 2701 12477 2032 3627 12478 2031 2702 12479 1970 2703 12480 2022 3628 12481 2020 2704 12482 1961 2624 12483 2016 2652 12484 2017 2705 12485 1969 2656 12486 2021 2655 12487 2038 2706 12488 1998 2707 12489 2039 3629 12490 2019 2708 12491 1937 2598 12492 2001 2742 12493 2000 2710 12494 1975 2711 12495 2023 2722 12496 2024 2712 12497 1974 2714 12498 2024 3630 12499 2004 2715 12500 1950 2633 12501 2009 3631 12502 2008 2717 12503 1962 2718 12504 2017 3632 12505 2037 2048 12506 1936 2636 12507 2000 2710 12508 2002 2720 12509 1976 2721 12510 2025 2725 12511 2023 2722 12512 1951 2639 12513 2008 2717 12514 2010 2723 12515 1977 2724 12516 2026 2732 12517 2025 2725 12518 1952 2643 12519 2010 2723 12520 2011 2726 12521 1991 2727 12522 2033 2738 12523 2034 2728 12524 1966 2585 12525 2019 3633 12526 2018 2730 12527 1978 2731 12528 2027 2731 12529 2026 2732 12530 1954 2733 12531 2012 3634 12532 2032 2734 12533 1953 2587 12534 2011 2726 12535 2012 2736 12536 1992 2737 12537 2035 2743 12538 2033 2738 12539 1982 2739 12540 2029 3635 12541 2009 2740 12542 1967 2592 12543 2018 2730 12544 2001 2742 12545 1993 2699 12546 2036 2698 12547 2035 2743 12548 2041 2744 12549 2043 2747 12550 2042 2745 12551 2043 2747 12552 2045 2749 12553 2044 2748 12554 2045 2749 12555 2047 2834 12556 2046 2750 12557 2046 2750 12558 2047 2834 12559 2049 2751 12560 2049 2751 12561 2051 2754 12562 2050 2753 12563 2051 2754 12564 2053 2822 12565 2052 2755 12566 2052 2755 12567 2053 2822 12568 2055 2756 12569 2054 2757 12570 2055 2756 12571 2057 2758 12572 2056 2759 12573 2057 2758 12574 2059 2760 12575 2059 2760 12576 2061 2763 12577 2060 2762 12578 2061 2763 12579 2063 2826 12580 2062 2764 12581 2062 2764 12582 2063 2826 12583 2065 2765 12584 2064 2766 12585 2065 2765 12586 2067 2767 12587 2066 2768 12588 2067 2767 12589 2069 2769 12590 2068 2770 12591 2069 2769 12592 2071 2771 12593 2070 2772 12594 2071 2771 12595 2073 2773 12596 2073 2773 12597 2075 2839 12598 2074 2775 12599 2074 2775 12600 2075 2839 12601 2077 2776 12602 2077 2776 12603 2079 2817 12604 2078 2778 12605 2078 2778 12606 2079 2817 12607 2081 2779 12608 2081 2779 12609 2083 2782 12610 2082 2781 12611 2083 2782 12612 2085 2784 12613 2084 2783 12614 2085 2784 12615 2087 2810 12616 2086 2785 12617 2086 2785 12618 2087 2810 12619 2089 2786 12620 2089 2786 12621 2091 2789 12622 2090 2788 12623 2091 2789 12624 2093 2791 12625 2092 2790 12626 2093 2791 12627 2095 2793 12628 2094 2792 12629 2095 2793 12630 2097 2795 12631 2096 2794 12632 2097 2795 12633 2099 2828 12634 2098 2796 12635 2098 2796 12636 2099 2828 12637 2101 2797 12638 2093 2791 12639 2130 2840 12640 2131 2799 12641 2101 2797 12642 2103 2814 12643 2102 2800 12644 2102 2800 12645 2103 2814 12646 2041 2744 12647 2102 2803 12648 2040 230 12649 2042 3636 12650 2042 3636 12651 2044 3637 12652 2046 3638 12653 2046 3638 12654 2048 230 12655 2050 230 12656 2050 230 12657 2052 230 12658 2046 3638 12659 2052 230 12660 2054 3639 12661 2046 3638 12662 2054 3639 12663 2056 3640 12664 2062 3641 12665 2056 3640 12666 2058 3642 12667 2062 3641 12668 2058 3642 12669 2060 3643 12670 2062 3641 12671 2062 3641 12672 2064 230 12673 2066 230 12674 2066 230 12675 2068 3644 12676 2062 3641 12677 2068 3644 12678 2070 2801 12679 2062 3641 12680 2070 2801 12681 2072 230 12682 2074 3645 12683 2074 3645 12684 2076 230 12685 2078 3646 12686 2078 3646 12687 2080 3647 12688 2082 3648 12689 2082 3648 12690 2084 230 12691 2086 2802 12692 2086 2802 12693 2088 230 12694 2090 230 12695 2090 230 12696 2092 230 12697 2086 2802 12698 2092 230 12699 2094 3649 12700 2086 2802 12701 2094 3649 12702 2096 230 12703 2098 3650 12704 2098 3650 12705 2100 3651 12706 2102 2803 12707 2102 2803 12708 2042 3636 12709 2046 3638 12710 2070 2801 12711 2074 3645 12712 2078 3646 12713 2078 3646 12714 2082 3648 12715 2086 2802 12716 2094 3649 12717 2098 3650 12718 2086 2802 12719 2098 3650 12720 2102 2803 12721 2086 2802 12722 2102 2803 12723 2046 3638 12724 2054 3639 12725 2054 3639 12726 2062 3641 12727 2070 2801 12728 2070 2801 12729 2078 3646 12730 2086 2802 12731 2102 2803 12732 2054 3639 12733 2070 2801 12734 2115 2804 12735 2147 2874 12736 2148 2805 12737 2051 2754 12738 2049 2751 12739 2108 2807 12740 2067 2767 12741 2117 2841 12742 2118 2809 12743 2087 2810 12744 2085 2784 12745 2126 2811 12746 2041 2744 12747 2105 2815 12748 2104 2813 12749 2103 2814 12750 2135 2842 12751 2105 2815 12752 2059 2760 12753 2113 2843 12754 2114 2816 12755 2079 2817 12756 2077 2776 12757 2122 2818 12758 2095 2793 12759 2131 2799 12760 2132 2820 12761 2051 2754 12762 2109 2808 12763 2110 2821 12764 2071 2771 12765 2069 2769 12766 2118 2809 12767 2089 2786 12768 2087 2810 12769 2127 2812 12770 2043 2747 12771 2104 2813 12772 2106 2825 12773 2063 2826 12774 2061 2763 12775 2114 2816 12776 2079 2817 12777 2123 2819 12778 2124 2827 12779 2099 2828 12780 2097 2795 12781 2132 2820 12782 2053 2822 12783 2110 2821 12784 2111 2830 12785 2073 2773 12786 2071 2771 12787 2119 2823 12788 2091 2789 12789 2089 2786 12790 2128 2824 12791 2045 2749 12792 2106 2825 12793 2107 2833 12794 2063 2826 12795 2115 2804 12796 2116 2806 12797 2083 2782 12798 2081 2779 12799 2124 2827 12800 2101 2797 12801 2099 2828 12802 2133 2829 12803 2055 2756 12804 2111 2830 12805 2112 2837 12806 2073 2773 12807 2120 2831 12808 2121 2838 12809 2093 2791 12810 2091 2789 12811 2129 2832 12812 2049 2751 12813 2047 2834 12814 2107 2833 12815 2065 2765 12816 2116 2806 12817 2117 2841 12818 2085 2784 12819 2083 2782 12820 2125 2835 12821 2103 2814 12822 2101 2797 12823 2134 2836 12824 2057 2758 12825 2112 2837 12826 2113 2843 12827 2077 2776 12828 2075 2839 12829 2121 2838 12830 2151 2844 12831 2183 2918 12832 2184 2845 12833 2129 2832 12834 2161 2875 12835 2162 2847 12836 2116 2806 12837 2148 2805 12838 2149 2848 12839 2130 2840 12840 2162 2847 12841 2163 2849 12842 2117 2841 12843 2149 2848 12844 2150 2850 12845 2104 2813 12846 2105 2815 12847 2137 2851 12848 2131 2799 12849 2163 2849 12850 2164 2853 12851 2118 2809 12852 2150 2850 12853 2151 2844 12854 2106 2825 12855 2104 2813 12856 2136 2852 12857 2132 2820 12858 2164 2853 12859 2165 2855 12860 2119 2823 12861 2151 2844 12862 2152 2846 12863 2107 2833 12864 2106 2825 12865 2138 2854 12866 2133 2829 12867 2165 2855 12868 2166 2857 12869 2121 2838 12870 2120 2831 12871 2152 2846 12872 2108 2807 12873 2107 2833 12874 2139 2856 12875 2134 2836 12876 2166 2857 12877 2167 2860 12878 2122 2818 12879 2121 2838 12880 2153 2858 12881 2109 2808 12882 2108 2807 12883 2140 2859 12884 2135 2842 12885 2167 2860 12886 2137 2851 12887 2123 2819 12888 2122 2818 12889 2154 2861 12890 2110 2821 12891 2109 2808 12892 2141 2862 12893 2124 2827 12894 2123 2819 12895 2155 2863 12896 2111 2830 12897 2110 2821 12898 2142 2864 12899 2125 2835 12900 2124 2827 12901 2156 2865 12902 2112 2837 12903 2111 2830 12904 2143 2866 12905 2126 2811 12906 2125 2835 12907 2157 2867 12908 2112 2837 12909 2144 2868 12910 2145 2870 12911 2127 2812 12912 2126 2811 12913 2158 2869 12914 2113 2843 12915 2145 2870 12916 2146 2872 12917 2128 2824 12918 2127 2812 12919 2159 2871 12920 2114 2816 12921 2146 2872 12922 2147 2874 12923 2128 2824 12924 2160 2873 12925 2161 2875 12926 2170 3652 12927 2168 3653 12928 2183 3654 12929 2168 3653 12930 2169 408 12931 2184 408 12932 2169 408 12933 2199 3655 12934 2185 3656 12935 2199 3655 12936 2198 3657 12937 2186 3658 12938 2198 3657 12939 2197 3659 12940 2186 3658 12941 2197 3659 12942 2196 3660 12943 2187 408 12944 2186 3658 12945 2197 3659 12946 2187 408 12947 2196 3660 12948 2195 3661 12949 2188 3662 12950 2195 3661 12951 2194 3663 12952 2189 3664 12953 2188 3662 12954 2195 3661 12955 2189 3664 12956 2194 3663 12957 2193 3665 12958 2190 3666 12959 2193 3665 12960 2192 3667 12961 2191 3668 12962 2190 3666 12963 2193 3665 12964 2191 3668 12965 2190 3666 12966 2189 3664 12967 2194 3663 12968 2188 3662 12969 2187 408 12970 2196 3660 12971 2186 3658 12972 2185 3656 12973 2199 3655 12974 2185 3656 12975 2184 408 12976 2169 408 12977 2184 408 12978 2183 3654 12979 2168 3653 12980 2183 3654 12981 2182 3669 12982 2170 3652 12983 2182 3669 12984 2181 3670 12985 2170 3652 12986 2181 3670 12987 2180 2878 12988 2171 2877 12989 2170 3652 12990 2181 3670 12991 2171 2877 12992 2180 2878 12993 2179 3671 12994 2172 2876 12995 2179 3671 12996 2178 3672 12997 2173 3673 12998 2172 2876 12999 2179 3671 13000 2173 3673 13001 2178 3672 13002 2177 3674 13003 2174 3675 13004 2177 3674 13005 2176 3676 13006 2175 3677 13007 2174 3675 13008 2177 3674 13009 2175 3677 13010 2174 3675 13011 2173 3673 13012 2178 3672 13013 2139 2856 13014 2138 2854 13015 2170 2879 13016 2165 2855 13017 2197 2919 13018 2198 2881 13019 2153 2858 13020 2152 2846 13021 2184 2845 13022 2140 2859 13023 2139 2856 13024 2171 2880 13025 2166 2857 13026 2198 2881 13027 2199 2884 13028 2154 2861 13029 2153 2858 13030 2185 2882 13031 2141 2862 13032 2140 2859 13033 2172 2883 13034 2167 2860 13035 2199 2884 13036 2169 2887 13037 2155 2863 13038 2154 2861 13039 2186 2885 13040 2142 2889 13041 2141 2862 13042 2173 2886 13043 2156 2865 13044 2155 2863 13045 2187 2888 13046 2143 2892 13047 2142 2889 13048 2174 2890 13049 2157 2867 13050 2156 2865 13051 2188 2891 13052 2144 2895 13053 2143 2892 13054 2175 2893 13055 2158 2897 13056 2157 2867 13057 2189 2894 13058 2144 2895 13059 2176 2896 13060 2177 2899 13061 2159 2901 13062 2158 2897 13063 2190 2898 13064 2145 2900 13065 2177 2899 13066 2178 2903 13067 2160 2905 13068 2159 2901 13069 2191 2902 13070 2146 2904 13071 2178 2903 13072 2179 2907 13073 2160 2905 13074 2192 2906 13075 2193 2908 13076 2147 2874 13077 2179 2907 13078 2180 2910 13079 2161 2909 13080 2193 2908 13081 2194 2911 13082 2148 2805 13083 2180 2910 13084 2181 2913 13085 2162 2912 13086 2194 2911 13087 2195 2914 13088 2149 2848 13089 2181 2913 13090 2182 2915 13091 2136 2852 13092 2137 2851 13093 2169 2887 13094 2163 2849 13095 2195 2914 13096 2196 2917 13097 2150 2850 13098 2182 2915 13099 2183 2918 13100 2138 2854 13101 2136 2852 13102 2168 2916 13103 2164 2853 13104 2196 2917 13105 2197 2919 13106 2210 2920 13107 2242 3043 13108 2243 2921 13109 1826 2923 13110 2214 2974 13111 2215 2924 13112 1839 2926 13113 1745 2956 13114 2201 2927 13115 1834 2929 13116 2206 2975 13117 2207 2930 13118 1839 2926 13119 2200 2928 13120 2202 2932 13121 1814 2934 13122 1815 2976 13123 2225 2935 13124 1823 2937 13125 2217 2977 13126 2218 2938 13127 1831 2940 13128 2209 2978 13129 2210 2941 13130 1811 2943 13131 1812 2979 13132 2228 2944 13133 1819 2946 13134 1820 2947 13135 2220 2947 13136 1827 2949 13137 1828 2980 13138 2212 2950 13139 1836 2952 13140 2204 2981 13141 2205 2953 13142 1744 2955 13143 2231 2982 13144 2201 2927 13145 1816 2957 13146 1817 2502 13147 2223 2504 13148 1825 2925 13149 2215 2924 13150 2216 2959 13151 1832 2961 13152 1833 2931 13153 2207 2930 13154 1814 2934 13155 2226 2936 13156 2227 2963 13157 1821 2965 13158 1822 2939 13159 2218 2938 13160 1829 2967 13161 1830 2942 13162 2210 2941 13163 1837 2969 13164 1838 2933 13165 2202 2932 13166 1810 2971 13167 1811 2943 13168 2229 2945 13169 1818 2973 13170 1819 2946 13171 2221 2948 13172 1827 2949 13173 2213 2951 13174 2214 2974 13175 1835 2954 13176 2205 2953 13177 2206 2975 13178 1816 2957 13179 2224 2958 13180 2225 2935 13181 1823 2937 13182 1824 2960 13183 2216 2959 13184 1832 2961 13185 2208 2962 13186 2209 2978 13187 1812 2979 13188 1813 2964 13189 2227 2963 13190 1820 2947 13191 1821 2965 13192 2219 2966 13193 1829 2967 13194 2211 2968 13195 2212 2950 13196 1837 2969 13197 2203 2970 13198 2204 2981 13199 1810 2971 13200 2230 2972 13201 2231 2982 13202 2246 2983 13203 2245 2993 13204 2277 2984 13205 2224 2986 13206 2256 3044 13207 2257 2987 13208 2211 2922 13209 2243 2921 13210 2244 2989 13211 2225 2988 13212 2257 2987 13213 2258 2991 13214 2212 2990 13215 2244 2989 13216 2245 2993 13217 2226 2992 13218 2258 2991 13219 2259 2995 13220 2213 2994 13221 2245 2993 13222 2246 2983 13223 2200 2998 13224 2201 3025 13225 2233 2999 13226 2228 3001 13227 2227 2996 13228 2259 2995 13229 2214 2997 13230 2246 2983 13231 2247 3003 13232 2202 3005 13233 2200 2998 13234 2232 3000 13235 2229 3007 13236 2228 3001 13237 2260 3002 13238 2215 3004 13239 2247 3003 13240 2248 3009 13241 2203 3011 13242 2202 3005 13243 2234 3006 13244 2230 3013 13245 2229 3007 13246 2261 3008 13247 2216 3010 13248 2248 3009 13249 2249 3015 13250 2204 3017 13251 2203 3011 13252 2235 3012 13253 2231 3019 13254 2230 3013 13255 2262 3014 13256 2217 3016 13257 2249 3015 13258 2250 3021 13259 2205 3023 13260 2204 3017 13261 2236 3018 13262 2201 3025 13263 2231 3019 13264 2263 3020 13265 2218 3022 13266 2250 3021 13267 2251 3026 13268 2205 3023 13269 2237 3024 13270 2238 3028 13271 2219 3027 13272 2251 3026 13273 2252 3029 13274 2206 2032 13275 2238 3028 13276 2239 3031 13277 2220 3030 13278 2252 3029 13279 2253 3033 13280 2207 3032 13281 2239 3031 13282 2240 3035 13283 2221 3034 13284 2253 3033 13285 2254 3037 13286 2208 3036 13287 2240 3035 13288 2241 3039 13289 2222 3038 13290 2254 3037 13291 2255 3041 13292 2209 3040 13293 2241 3039 13294 2242 3043 13295 2223 3042 13296 2255 3041 13297 2256 3044 13298 2264 3678 13299 2265 230 13300 2295 3679 13301 2295 3679 13302 2294 3680 13303 2264 3678 13304 2294 3680 13305 2293 3681 13306 2264 3678 13307 2293 3681 13308 2292 230 13309 2291 3682 13310 2291 3682 13311 2290 3683 13312 2293 3681 13313 2290 3683 13314 2289 3045 13315 2293 3681 13316 2289 3045 13317 2288 3684 13318 2287 3685 13319 2287 3685 13320 2286 230 13321 2285 230 13322 2285 230 13323 2284 230 13324 2281 3046 13325 2284 230 13326 2283 230 13327 2281 3046 13328 2283 230 13329 2282 230 13330 2281 3046 13331 2281 3046 13332 2280 230 13333 2279 230 13334 2279 230 13335 2278 230 13336 2281 3046 13337 2278 230 13338 2277 230 13339 2281 3046 13340 2277 230 13341 2276 230 13342 2275 3686 13343 2275 3686 13344 2274 230 13345 2273 3047 13346 2273 3047 13347 2272 3687 13348 2269 3688 13349 2272 3687 13350 2271 3689 13351 2269 3688 13352 2271 3689 13353 2270 3690 13354 2269 3688 13355 2269 3688 13356 2268 3691 13357 2267 3692 13358 2267 3692 13359 2266 3693 13360 2264 3678 13361 2289 3045 13362 2287 3685 13363 2281 3046 13364 2287 3685 13365 2285 230 13366 2281 3046 13367 2277 230 13368 2275 3686 13369 2281 3046 13370 2275 3686 13371 2273 3047 13372 2281 3046 13373 2269 3688 13374 2267 3692 13375 2264 3678 13376 2264 3678 13377 2293 3681 13378 2289 3045 13379 2273 3047 13380 2269 3688 13381 2264 3678 13382 2264 3678 13383 2289 3045 13384 2273 3047 13385 2233 2999 13386 2265 3061 13387 2264 3048 13388 2259 2995 13389 2291 3077 13390 2292 3049 13391 2247 3003 13392 2246 2983 13393 2278 2985 13394 2234 3006 13395 2232 3000 13396 2264 3048 13397 2260 3002 13398 2292 3049 13399 2293 3052 13400 2247 3003 13401 2279 3050 13402 2280 3053 13403 2235 3012 13404 2234 3006 13405 2266 3051 13406 2262 3014 13407 2261 3008 13408 2293 3052 13409 2248 3009 13410 2280 3053 13411 2281 3056 13412 2236 3018 13413 2235 3012 13414 2267 3054 13415 2263 3020 13416 2262 3014 13417 2294 3055 13418 2250 3021 13419 2249 3015 13420 2281 3056 13421 2236 3018 13422 2268 3057 13423 2269 3060 13424 2233 2999 13425 2263 3020 13426 2295 3058 13427 2250 3021 13428 2282 3059 13429 2283 3062 13430 2238 3028 13431 2237 3024 13432 2269 3060 13433 2251 3026 13434 2283 3062 13435 2284 3064 13436 2239 3031 13437 2238 3028 13438 2270 3063 13439 2253 3033 13440 2252 3029 13441 2284 3064 13442 2239 3031 13443 2271 3065 13444 2272 3067 13445 2254 3037 13446 2253 3033 13447 2285 3066 13448 2241 3039 13449 2240 3035 13450 2272 3067 13451 2254 3037 13452 2286 3068 13453 2287 3070 13454 2242 3043 13455 2241 3039 13456 2273 3069 13457 2255 3041 13458 2287 3070 13459 2288 3072 13460 2243 2921 13461 2242 3043 13462 2274 3071 13463 2257 2987 13464 2256 3044 13465 2288 3072 13466 2244 2989 13467 2243 2921 13468 2275 3073 13469 2257 2987 13470 2289 3074 13471 2290 3076 13472 2244 2989 13473 2276 3075 13474 2277 2984 13475 2259 2995 13476 2258 2991 13477 2290 3076 13478 1133 1588 13479 1024 1579 13480 2300 3078 13481 1024 1579 13482 978 1578 13483 2298 3079 13484 1023 1589 13485 1133 1588 13486 2302 3080 13487 1134 1370 13488 1023 1369 13489 2305 3082 13490 1021 1590 13491 1134 1370 13492 2308 3083 13493 2317 3085 13494 2314 3694 13495 1021 1590 13496 2314 3694 13497 1135 1366 13498 1021 1590 13499 1135 1366 13500 2314 3694 13501 2297 3086 13502 1019 3087 13503 2297 3695 13504 2296 3088 13505 2298 3696 13506 978 1582 13507 2301 3090 13508 978 1582 13509 1018 1364 13510 2301 3090 13511 1018 1364 13512 1136 1363 13513 2299 3089 13514 2306 3102 13515 1014 3101 13516 2304 3093 13517 1014 3101 13518 1092 3091 13519 2304 3093 13520 2309 3096 13521 2307 3697 13522 1089 3698 13523 1089 3698 13524 1015 3094 13525 2309 3096 13526 2312 3699 13527 1017 3107 13528 2311 3099 13529 1017 3107 13530 1089 3097 13531 2311 3099 13532 1015 3094 13533 1090 3700 13534 2315 3100 13535 2318 3701 13536 1091 3702 13537 2316 3103 13538 1091 3702 13539 1014 3101 13540 2316 3103 13541 2320 3104 13542 2315 3703 13543 1090 3105 13544 1090 3105 13545 1016 3704 13546 2319 3106 13547 1017 3107 13548 2312 3699 13549 2303 3108 13550 2319 3106 13551 1016 3704 13552 2321 3112 13553 1016 3704 13554 1091 3110 13555 2321 3112 13556 2298 3705 13557 2301 3706 13558 1409 1881 13559 1440 1899 13560 1441 1929 13561 2313 3707 13562 1441 1929 13563 2317 3708 13564 2313 3707 13565 2298 3705 13566 1409 1881 13567 2300 3709 13568 1409 1881 13569 1408 1879 13570 2300 3709 13571 1440 1899 13572 2313 3707 13573 2308 3710 13574 1440 1899 13575 2308 3710 13576 2305 3113 13577 2302 3114 13578 2300 3709 13579 1408 1879 13580 1408 1879 13581 1440 1899 13582 2305 3113 13583 2314 3711 13584 2317 3708 13585 1442 1934 13586 2317 3708 13587 1441 1929 13588 1442 1934 13589 1410 1855 13590 1409 1881 13591 2299 3712 13592 1409 1881 13593 2301 3706 13594 2299 3712 13595 2297 3116 13596 2314 3711 13597 1442 1934 13598 1410 1855 13599 2299 3712 13600 2296 3115 13601 2297 3116 13602 1442 1934 13603 1410 1855 13604 2306 3119 13605 2304 3713 13606 1777 3117 13607 2304 3713 13608 1779 3714 13609 1777 3117 13610 2319 3121 13611 2321 3125 13612 1855 2543 13613 1855 2543 13614 1856 2513 13615 2320 3120 13616 2307 3122 13617 2309 3715 13618 1858 2492 13619 2309 3715 13620 1857 2515 13621 1858 2492 13622 1858 2492 13623 1783 3123 13624 2307 3122 13625 1783 3123 13626 1781 3129 13627 2311 3124 13628 2318 3126 13629 2316 3118 13630 1775 2471 13631 2316 3118 13632 1777 3117 13633 1775 2471 13634 1775 2471 13635 1854 2470 13636 2318 3126 13637 1854 2470 13638 1855 2543 13639 2321 3125 13640 2312 3128 13641 2311 3124 13642 1781 3129 13643 1781 3129 13644 1779 3714 13645 2303 3127 13646 1779 3714 13647 2304 3713 13648 2303 3127 13649 2315 3131 13650 2320 3120 13651 1856 2513 13652 1856 2513 13653 1857 2515 13654 2315 3131 13655 1857 2515 13656 2309 3715 13657 2310 3130 13658 2323 3133 13659 2322 3147 13660 861 1350 13661 861 1350 13662 823 1351 13663 2323 3133 13664 867 1347 13665 822 1346 13666 2324 3134 13667 866 3137 13668 824 1348 13669 2327 3138 13670 824 1348 13671 867 1347 13672 2327 3138 13673 976 1139 13674 866 1138 13675 2328 3139 13676 864 1360 13677 976 1139 13678 2330 3140 13679 2332 3142 13680 977 1135 13681 864 3143 13682 2331 3716 13683 2335 3716 13684 2332 3716 13685 2326 3145 13686 862 1361 13687 977 1135 13688 2324 3717 13689 822 1352 13690 2329 3148 13691 822 1352 13692 861 1350 13693 2329 3148 13694 2336 3160 13695 857 3159 13696 2333 3151 13697 857 3159 13698 935 3149 13699 2333 3151 13700 2337 3718 13701 932 3719 13702 2338 3154 13703 932 3719 13704 858 3152 13705 2338 3154 13706 2340 3157 13707 2341 3720 13708 860 3165 13709 860 3165 13710 932 3155 13711 2340 3157 13712 858 3152 13713 933 3721 13714 2342 3158 13715 2343 3161 13716 2344 3722 13717 934 3723 13718 934 3723 13719 857 3159 13720 2343 3161 13721 2342 3724 13722 933 3163 13723 2346 3162 13724 933 3163 13725 859 3725 13726 2345 3164 13727 860 3165 13728 2341 3720 13729 2334 3166 13730 2347 3170 13731 2345 3164 13732 859 3725 13733 859 3725 13734 934 3168 13735 2347 3170 13736 2335 3726 13737 1426 1922 13738 1425 1924 13739 1393 1877 13740 1394 1860 13741 2322 3727 13742 1394 1860 13743 2329 3728 13744 2322 3727 13745 2332 3729 13746 2335 3726 13747 1425 1924 13748 2326 3172 13749 2332 3729 13750 1425 1924 13751 1393 1877 13752 2322 3727 13753 2323 3171 13754 2326 3172 13755 1425 1924 13756 1393 1877 13757 2324 3717 13758 2329 3148 13759 1394 3730 13760 1456 1905 13761 1426 1922 13762 2331 3731 13763 1426 1922 13764 2335 3726 13765 2331 3731 13766 2324 3732 13767 1394 1860 13768 2325 3733 13769 1394 1860 13770 1424 1857 13771 2325 3733 13772 1456 1905 13773 2331 3731 13774 2330 3734 13775 1456 1905 13776 2330 3734 13777 2328 3173 13778 2327 3174 13779 2325 3733 13780 1424 1857 13781 1424 1857 13782 1456 1905 13783 2328 3173 13784 2347 3735 13785 1871 2517 13786 2345 3175 13787 1871 2517 13788 1841 2522 13789 2346 3176 13790 2333 3179 13791 1747 3185 13792 1809 3177 13793 1809 3177 13794 2343 3736 13795 2336 3178 13796 2338 3181 13797 1840 2540 13798 1842 2545 13799 1842 2545 13800 1751 2483 13801 2337 3180 13802 1751 2483 13803 1749 3737 13804 2340 3738 13805 2337 3180 13806 1751 2483 13807 2340 3738 13808 2343 3736 13809 1809 3177 13810 1807 2480 13811 1870 2479 13812 1871 2517 13813 2347 3735 13814 2344 3182 13815 2343 3736 13816 1807 2480 13817 1870 2479 13818 2347 3735 13819 2344 3182 13820 2346 3176 13821 1841 2522 13822 2342 3184 13823 1841 2522 13824 1840 2540 13825 2342 3184 13826 1840 2540 13827 2338 3181 13828 2339 3183 13829 2340 3738 13830 1749 3737 13831 2341 3739 13832 1749 3737 13833 1747 3185 13834 2334 3186 13835 2341 3739 13836 1749 3737 13837 2334 3186 13838 662 3187 13839 663 847 13840 2349 3188 13841 2351 3191 13842 2350 3740 13843 2349 3741 13844 2349 3741 13845 663 3190 13846 2351 3191 13847 2351 3192 13848 664 850 13849 665 852 13850 2352 3195 13851 665 853 13852 666 855 13853 666 855 13854 2355 3742 13855 2353 3194 13856 2355 3742 13857 2354 3743 13858 2353 3194 13859 2356 3197 13860 2355 3744 13861 666 844 13862 666 844 13863 662 846 13864 2356 3197 13865 2357 3198 13866 743 991 13867 742 993 13868 2360 3202 13869 744 983 13870 743 985 13871 743 985 13872 2357 3200 13873 2360 3202 13874 745 996 13875 744 995 13876 2360 3203 13877 2361 3205 13878 2363 3745 13879 2362 3746 13880 2362 3746 13881 746 999 13882 2361 3205 13883 742 990 13884 746 989 13885 2362 3206 13886 2362 3209 13887 2363 3747 13888 1619 2130 13889 1587 2146 13890 1585 2136 13891 2358 3208 13892 1585 2136 13893 1617 2138 13894 2357 3748 13895 2358 3208 13896 1585 2136 13897 2357 3748 13898 1617 2138 13899 2359 3749 13900 2357 3748 13901 2362 3209 13902 1619 2130 13903 1587 2146 13904 2356 3750 13905 1615 3214 13906 2355 3211 13907 1615 3214 13908 1614 2142 13909 2355 3211 13910 1614 2142 13911 1645 2141 13912 2355 3211 13913 2349 3213 13914 2350 3751 13915 1646 2155 13916 1646 2155 13917 1616 3601 13918 2349 3213 13919 1616 3601 13920 1615 3214 13921 2349 3213 13922 1615 3214 13923 2356 3750 13924 2348 3212 13925 1676 2213 13926 1677 3215 13927 2354 3210 13928 1677 3215 13929 2353 3752 13930 2354 3210 13931 1677 3215 13932 1678 3602 13933 2351 3216 13934 1678 3602 13935 1646 2155 13936 2351 3216 13937 1646 2155 13938 2350 3751 13939 2351 3216 13940 2352 3217 13941 2353 3752 13942 1677 3215 13943 2360 3220 13944 2359 3749 13945 1617 2138 13946 1617 2138 13947 1647 2211 13948 2360 3220 13949 1647 2211 13950 1649 3218 13951 2360 3220 13952 1649 3218 13953 1619 2130 13954 2361 3219 13955 1619 2130 13956 2363 3747 13957 2361 3219 13958 2364 3221 13959 503 554 13960 502 556 13961 2369 3225 13962 504 546 13963 503 548 13964 503 548 13965 2364 3223 13966 2369 3225 13967 505 559 13968 504 558 13969 2369 3226 13970 2378 3753 13971 2381 3754 13972 2377 3229 13973 2381 3754 13974 506 562 13975 2377 3229 13976 506 562 13977 505 561 13978 2371 3228 13979 2366 3755 13980 502 553 13981 2383 3231 13982 502 553 13983 506 552 13984 2383 3231 13985 2392 3756 13986 2393 3757 13987 563 673 13988 2393 3757 13989 562 671 13990 563 673 13991 558 653 13992 557 3550 13993 2390 3758 13994 557 3550 13995 2391 3759 13996 2390 3758 13997 558 653 13998 2390 3758 13999 2394 3232 14000 2394 3232 14001 2392 3756 14002 563 673 14003 560 656 14004 561 3551 14005 2395 3267 14006 561 3551 14007 566 674 14008 2396 3234 14009 566 674 14010 565 676 14011 2397 3233 14012 2396 3234 14013 2395 3267 14014 561 3551 14015 2391 3235 14016 557 3552 14017 559 657 14018 2399 3237 14019 564 661 14020 562 660 14021 2401 3240 14022 2398 3274 14023 559 3549 14024 559 3549 14025 560 651 14026 2401 3240 14027 2400 3242 14028 2397 3760 14029 565 670 14030 565 670 14031 564 669 14032 2400 3242 14033 582 3243 14034 583 705 14035 2365 3244 14036 2372 3247 14037 2368 3761 14038 583 3246 14039 2368 3761 14040 2365 3762 14041 583 3246 14042 585 710 14043 2375 3763 14044 2372 3248 14045 586 713 14046 2385 3764 14047 2384 3765 14048 2384 3765 14049 2375 3249 14050 586 713 14051 582 704 14052 2388 3766 14053 2385 3250 14054 643 3251 14055 642 815 14056 2370 3252 14057 637 797 14058 638 796 14059 2387 3254 14060 642 802 14061 644 804 14062 2373 3256 14063 639 801 14064 637 3566 14065 2376 3258 14066 2387 3767 14067 638 787 14068 2386 3261 14069 638 787 14070 641 786 14071 2386 3261 14072 641 786 14073 646 3567 14074 2379 3260 14075 646 3567 14076 643 810 14077 2380 3768 14078 2379 3260 14079 646 3567 14080 2380 3768 14081 644 813 14082 645 814 14083 2373 3769 14084 645 814 14085 640 795 14086 2382 3263 14087 640 795 14088 639 3565 14089 2389 3262 14090 639 3565 14091 2374 3770 14092 2389 3262 14093 2382 3263 14094 2373 3769 14095 645 814 14096 2393 3757 14097 2392 3756 14098 723 3576 14099 723 3576 14100 722 958 14101 2393 3757 14102 722 958 14103 717 941 14104 2393 3757 14105 2393 3757 14106 717 941 14107 2399 3265 14108 717 941 14109 718 940 14110 2400 3264 14111 2396 3234 14112 721 943 14113 2395 3267 14114 721 943 14115 720 942 14116 2395 3267 14117 726 961 14118 2394 3771 14119 2390 3268 14120 2397 3271 14121 2400 3772 14122 721 930 14123 2400 3772 14124 718 931 14125 721 930 14126 723 953 14127 2392 3773 14128 2394 3272 14129 2401 3240 14130 720 939 14131 719 3275 14132 719 3275 14133 724 956 14134 2398 3274 14135 724 956 14136 725 957 14137 2390 3774 14138 2398 3274 14139 724 956 14140 2391 3775 14141 2390 3774 14142 2391 3775 14143 724 956 14144 2382 3776 14145 796 1081 14146 2373 3777 14147 796 1081 14148 793 3276 14149 2373 3777 14150 798 1099 14151 801 1101 14152 2380 3768 14153 801 1101 14154 2379 3260 14155 2380 3768 14156 798 1099 14157 2380 3768 14158 2370 3277 14159 2370 3277 14160 2373 3777 14161 793 3276 14162 2387 3278 14163 2386 3778 14164 800 1103 14165 799 1102 14166 794 3579 14167 2376 3779 14168 794 3579 14169 795 1082 14170 2374 3770 14171 2376 3779 14172 794 3579 14173 2374 3770 14174 795 1082 14175 2389 3262 14176 2374 3770 14177 2376 3779 14178 2387 3278 14179 799 1102 14180 801 1095 14181 800 1097 14182 2386 3279 14183 795 1069 14184 796 3578 14185 2382 3281 14186 2368 3780 14187 1632 2214 14188 2365 3781 14189 1632 2214 14190 1600 2143 14191 2365 3781 14192 1631 2134 14193 2384 3782 14194 2385 3783 14195 1599 2135 14196 1631 2134 14197 2385 3783 14198 1599 2135 14199 2385 3783 14200 2388 3283 14201 2388 3283 14202 2365 3781 14203 1600 2143 14204 2366 3285 14205 2383 3287 14206 1603 3286 14207 1603 3286 14208 1602 2148 14209 2364 3284 14210 1602 2148 14211 1634 2149 14212 2364 3284 14213 1634 2149 14214 2367 3784 14215 2364 3284 14216 2378 3293 14217 1635 3292 14218 2381 3288 14219 1635 3292 14220 1604 2158 14221 2381 3288 14222 1604 2158 14223 1603 3286 14224 2381 3288 14225 2369 3291 14226 2367 3784 14227 1634 2149 14228 1634 2149 14229 1664 2189 14230 2369 3291 14231 1664 2189 14232 1665 3289 14233 2369 3291 14234 1665 3289 14235 2377 3785 14236 2371 3290 14237 2378 3293 14238 2377 3785 14239 1665 3289 14240 1665 3289 14241 1666 2194 14242 2378 3293 14243 2384 3782 14244 1631 2134 14245 2375 3295 14246 1631 2134 14247 1661 2210 14248 2375 3295 14249 1661 2210 14250 1662 3603 14251 2372 3294 14252 1662 3603 14253 1632 2214 14254 2372 3294 14255 1632 2214 14256 2368 3780 14257 2372 3294 14258 2409 3297 14259 2407 3321 14260 374 420 14261 374 420 14262 373 422 14263 2408 3296 14264 373 422 14265 2402 3786 14266 2403 3787 14267 373 422 14268 2403 3787 14269 2408 3296 14270 2424 3788 14271 2423 3302 14272 379 426 14273 2423 3302 14274 381 3301 14275 379 426 14276 379 426 14277 380 475 14278 2425 3299 14279 2424 3788 14280 379 426 14281 2425 3299 14282 380 475 14283 382 476 14284 2421 3303 14285 380 475 14286 2421 3303 14287 2422 3298 14288 2411 3305 14289 2412 3308 14290 389 433 14291 2412 3308 14292 383 443 14293 389 433 14294 389 433 14295 381 3301 14296 2411 3305 14297 2431 3306 14298 2402 3786 14299 373 422 14300 373 422 14301 385 432 14302 2431 3306 14303 2431 3306 14304 384 439 14305 2410 3307 14306 384 439 14307 383 443 14308 2412 3308 14309 2417 3311 14310 2418 3789 14311 427 3790 14312 427 3790 14313 426 3309 14314 2417 3311 14315 2420 3314 14316 415 458 14317 2427 3312 14318 415 458 14319 416 457 14320 2428 3313 14321 417 462 14322 2405 3456 14323 2428 3313 14324 2420 3314 14325 2430 3315 14326 420 463 14327 420 463 14328 414 459 14329 2420 3314 14330 2429 3316 14331 2433 3318 14332 424 470 14333 2433 3318 14334 425 3317 14335 424 470 14336 424 470 14337 420 463 14338 2429 3316 14339 2416 3310 14340 426 3309 14341 425 3317 14342 2413 3319 14343 2404 3304 14344 382 476 14345 382 476 14346 434 474 14347 2413 3319 14348 434 474 14349 429 485 14350 2414 3320 14351 2415 3322 14352 428 488 14353 430 482 14354 430 482 14355 374 420 14356 2415 3322 14357 2414 3320 14358 429 485 14359 428 488 14360 428 488 14361 2415 3322 14362 2419 3323 14363 2433 3325 14364 2429 3791 14365 880 3588 14366 880 3588 14367 968 1159 14368 2433 3325 14369 968 1159 14370 878 1341 14371 2416 3324 14372 878 1341 14373 2417 3792 14374 2416 3324 14375 2422 3326 14376 1608 3346 14377 1609 3327 14378 1576 3329 14379 2409 3793 14380 2408 3330 14381 1609 3327 14382 1610 3794 14383 2424 3332 14384 1578 3333 14385 1577 3331 14386 2408 3330 14387 2424 3332 14388 1610 3794 14389 2423 3795 14390 1610 3794 14391 1611 3335 14392 2426 3337 14393 2423 3795 14394 1610 3794 14395 2426 3337 14396 2431 3796 14397 2410 3340 14398 1579 3338 14399 1579 3338 14400 1578 3333 14401 2403 3334 14402 2402 3339 14403 2431 3796 14404 1579 3338 14405 2411 3336 14406 1611 3335 14407 2412 3341 14408 1611 3335 14409 1612 2090 14410 2412 3341 14411 1612 2090 14412 1580 3600 14413 2410 3340 14414 1580 3600 14415 1579 3338 14416 2410 3340 14417 2419 3343 14418 1575 3347 14419 1574 2124 14420 1574 2124 14421 1606 2123 14422 2414 3342 14423 1606 2123 14424 1607 3797 14425 2414 3342 14426 1607 3797 14427 2413 3798 14428 2414 3342 14429 2404 3345 14430 2413 3798 14431 1607 3797 14432 1607 3797 14433 1608 3346 14434 2404 3345 14435 1608 3346 14436 2422 3326 14437 2421 3344 14438 2415 3348 14439 2407 3799 14440 2409 3793 14441 2409 3793 14442 1576 3329 14443 2415 3348 14444 1576 3329 14445 1575 3347 14446 2415 3348 14447 2439 3350 14448 2443 3427 14449 350 405 14450 350 405 14451 349 406 14452 2438 3349 14453 2437 3353 14454 2436 3400 14455 356 399 14456 2436 3400 14457 357 400 14458 356 399 14459 356 399 14460 2449 3351 14461 2437 3353 14462 2465 3800 14463 2445 3801 14464 2444 3802 14465 2465 3800 14466 2444 3802 14467 2448 3803 14468 2462 3804 14469 362 410 14470 2459 3354 14471 362 410 14472 363 411 14473 2459 3354 14474 2465 3800 14475 2448 3803 14476 2461 3355 14477 2448 3803 14478 2459 3354 14479 2461 3355 14480 2468 3357 14481 2469 3425 14482 352 404 14483 2469 3425 14484 351 403 14485 352 404 14486 2473 3359 14487 2438 3805 14488 349 401 14489 349 401 14490 351 402 14491 2473 3359 14492 2474 3361 14493 2478 3806 14494 352 407 14495 2478 3806 14496 2467 3807 14497 352 407 14498 352 407 14499 350 409 14500 2474 3361 14501 350 409 14502 2443 3808 14503 2480 3360 14504 2470 3809 14505 2479 3810 14506 357 3811 14507 2479 3810 14508 358 3812 14509 357 3811 14510 357 3811 14511 2436 3813 14512 2440 3362 14513 2436 3813 14514 2435 3814 14515 2440 3362 14516 2463 3815 14517 2470 3809 14518 357 3811 14519 2454 3816 14520 2461 3396 14521 364 3817 14522 2461 3396 14523 363 3818 14524 364 3817 14525 364 3817 14526 2477 3819 14527 2453 3820 14528 364 3817 14529 2453 3820 14530 2454 3816 14531 2477 3819 14532 2476 3364 14533 2442 3363 14534 2442 3363 14535 2453 3820 14536 2477 3819 14537 2463 3815 14538 357 3811 14539 2440 3362 14540 2463 3815 14541 2440 3362 14542 2476 3364 14543 2446 3821 14544 2445 3822 14545 2455 3823 14546 2445 3822 14547 2465 3824 14548 2455 3823 14549 2456 3825 14550 2446 3821 14551 2457 3826 14552 2446 3821 14553 2455 3823 14554 2457 3826 14555 362 415 14556 2462 3827 14557 361 414 14558 2462 3827 14559 2460 3828 14560 361 414 14561 2460 3828 14562 2456 3825 14563 2457 3826 14564 2451 3829 14565 2449 3404 14566 2481 3393 14567 2449 3404 14568 356 3365 14569 2464 3367 14570 2460 3828 14571 2457 3826 14572 361 414 14573 2457 3826 14574 2451 3829 14575 2481 3393 14576 2449 3404 14577 2464 3367 14578 2481 3393 14579 356 3365 14580 353 394 14581 2471 3366 14582 2481 3393 14583 361 414 14584 2457 3826 14585 2475 3369 14586 2477 3830 14587 361 413 14588 2477 3830 14589 364 412 14590 361 413 14591 2472 3371 14592 2471 3831 14593 353 3538 14594 353 3538 14595 358 396 14596 2472 3371 14597 2441 3832 14598 372 419 14599 2466 3374 14600 372 419 14601 370 3372 14602 2466 3374 14603 2434 3375 14604 371 417 14605 372 3376 14606 2447 3833 14607 369 416 14608 2452 3380 14609 369 416 14610 371 3378 14611 2452 3380 14612 370 418 14613 369 3539 14614 2447 3381 14615 466 3384 14616 465 3389 14617 2440 3385 14618 2471 3387 14619 2472 3392 14620 459 505 14621 459 505 14622 458 507 14623 2464 3367 14624 466 3384 14625 2470 3834 14626 2463 3388 14627 2475 3390 14628 456 496 14629 457 504 14630 464 503 14631 463 3395 14632 2477 3835 14633 463 3395 14634 2476 3394 14635 2477 3835 14636 2477 3835 14637 2475 3390 14638 464 503 14639 2470 3834 14640 466 3384 14641 2479 3391 14642 466 3384 14643 467 509 14644 2479 3391 14645 467 509 14646 460 506 14647 2479 3391 14648 460 506 14649 459 505 14650 2472 3392 14651 2464 3367 14652 458 507 14653 2481 3393 14654 458 507 14655 456 496 14656 2481 3393 14657 465 3389 14658 2463 3388 14659 2476 3394 14660 2461 3396 14661 2454 3816 14662 470 515 14663 481 518 14664 476 531 14665 2455 3405 14666 481 518 14667 2455 3405 14668 2465 3836 14669 2461 3396 14670 470 515 14671 474 514 14672 481 518 14673 2465 3836 14674 2461 3396 14675 463 3401 14676 464 503 14677 2442 3397 14678 464 503 14679 470 515 14680 2453 3398 14681 471 522 14682 472 517 14683 2437 3353 14684 472 517 14685 467 3399 14686 2436 3400 14687 467 3399 14688 466 3384 14689 2435 3386 14690 2436 3400 14691 2437 3353 14692 472 517 14693 463 3401 14694 2442 3397 14695 2440 3402 14696 2451 3829 14697 477 528 14698 478 533 14699 471 522 14700 2450 3383 14701 2449 3404 14702 2449 3404 14703 2451 3829 14704 478 533 14705 475 534 14706 2457 3407 14707 2455 3405 14708 477 528 14709 2451 3829 14710 2457 3407 14711 2459 3414 14712 495 3837 14713 497 542 14714 490 537 14715 489 3415 14716 2462 3408 14717 489 3415 14718 2460 3417 14719 2462 3408 14720 2462 3408 14721 2459 3414 14722 497 542 14723 2456 3416 14724 489 3415 14725 2446 3409 14726 489 3415 14727 482 529 14728 2446 3409 14729 2445 3411 14730 2446 3409 14731 483 532 14732 483 532 14733 488 520 14734 2445 3411 14735 488 520 14736 494 536 14737 2445 3411 14738 2444 3410 14739 494 536 14740 2448 3413 14741 494 536 14742 501 544 14743 2448 3413 14744 496 3412 14745 495 3837 14746 2459 3414 14747 2447 3418 14748 2452 3428 14749 1043 1558 14750 1043 1558 14751 1127 1572 14752 2447 3418 14753 1127 1572 14754 1045 3419 14755 2447 3418 14756 1045 3419 14757 992 3838 14758 2458 3420 14759 992 3838 14760 2466 3839 14761 2458 3420 14762 2468 3357 14763 1035 1562 14764 2469 3425 14765 1035 1562 14766 1125 1564 14767 2469 3425 14768 1125 1564 14769 1040 1567 14770 2469 3425 14771 2443 3427 14772 2439 3350 14773 1034 1387 14774 1034 1387 14775 1120 1403 14776 2443 3427 14777 1120 1403 14778 1045 1548 14779 2443 3427 14780 1045 1548 14781 988 3430 14782 2480 3426 14783 2441 3840 14784 2466 3839 14785 992 3838 14786 992 3838 14787 1053 1394 14788 2441 3840 14789 1053 1394 14790 1123 1393 14791 2434 3429 14792 2441 3840 14793 1053 1394 14794 2434 3429 14795 1123 1393 14796 1043 1558 14797 2434 3429 14798 2473 3841 14799 1040 1568 14800 2438 3349 14801 1040 1568 14802 1126 1388 14803 2438 3349 14804 1126 1388 14805 1034 1387 14806 2438 3349 14807 2478 3422 14808 988 3421 14809 2467 3356 14810 988 3421 14811 1045 3419 14812 2467 3356 14813 1045 3419 14814 1127 1572 14815 2467 3356 14816 1127 1572 14817 1035 1562 14818 2467 3356 14819 314 369 14820 2482 3441 14821 2484 3432 14822 2486 3433 14823 2488 3434 14824 316 360 14825 316 360 14826 315 362 14827 2486 3433 14828 317 371 14829 316 360 14830 2488 3434 14831 318 367 14832 317 371 14833 2489 3435 14834 2497 3842 14835 2496 3437 14836 2498 3438 14837 2496 3437 14838 319 368 14839 318 367 14840 318 367 14841 2490 3436 14842 2498 3438 14843 2490 3436 14844 2499 3843 14845 2498 3438 14846 2499 3843 14847 2500 3844 14848 2498 3438 14849 2501 3845 14850 2500 3844 14851 2499 3843 14852 2504 3846 14853 2503 3440 14854 2502 3439 14855 2503 3440 14856 320 372 14857 2502 3439 14858 2501 3845 14859 2499 3843 14860 2504 3846 14861 319 368 14862 2496 3437 14863 2502 3439 14864 2502 3439 14865 2501 3845 14866 2504 3846 14867 314 369 14868 320 372 14869 2503 3440 14870 348 389 14871 343 392 14872 2491 3442 14873 346 393 14874 347 3447 14875 2494 3444 14876 345 391 14877 2483 3448 14878 2485 3446 14879 342 388 14880 2487 3449 14881 2491 3442 14882 2493 3443 14883 2492 3847 14884 347 3447 14885 2492 3847 14886 2494 3444 14887 347 3447 14888 345 391 14889 346 393 14890 2495 3445 14891 344 381 14892 2485 3446 14893 2487 3449 14894 2498 3451 14895 411 451 14896 412 461 14897 412 461 14898 418 465 14899 2498 3451 14900 2496 3453 14901 2497 3450 14902 418 465 14903 418 465 14904 422 469 14905 2502 3452 14906 422 469 14907 421 3848 14908 2502 3452 14909 2501 3459 14910 2406 3458 14911 2500 3455 14912 2406 3458 14913 2405 3456 14914 2500 3455 14915 2405 3456 14916 417 462 14917 411 451 14918 411 451 14919 2498 3454 14920 2405 3456 14921 2501 3459 14922 2502 3452 14923 2432 3457 14924 2502 3452 14925 421 3848 14926 427 3790 14927 2432 3457 14928 2502 3452 14929 2418 3789 14930 427 3790 14931 2418 3789 14932 2502 3452 14933 2491 3461 14934 2487 3849 14935 880 1356 14936 2430 3850 14937 2420 3851 14938 2492 3852 14939 2430 3850 14940 2492 3852 14941 2493 3460 14942 2491 3461 14943 880 1356 14944 2429 3462 14945 2430 3850 14946 2493 3460 14947 2429 3462 14948 2492 3852 14949 2420 3851 14950 2494 3853 14951 2420 3851 14952 2427 3854 14953 2494 3853 14954 2427 3854 14955 879 1324 14956 2495 3445 14957 879 1324 14958 974 1353 14959 2483 3448 14960 2495 3445 14961 879 1324 14962 2483 3448 14963 974 1353 14964 880 1356 14965 2485 3463 14966 880 1356 14967 2487 3849 14968 2485 3463 14969 2495 3445 14970 2494 3853 14971 2427 3854 14972 2488 3855 14973 2486 3856 14974 889 1172 14975 889 1172 14976 964 1171 14977 2488 3855 14978 964 1171 14979 879 1324 14980 2489 3435 14981 879 1324 14982 2427 3854 14983 2428 3857 14984 879 1324 14985 2428 3857 14986 2490 3436 14987 2428 3857 14988 2405 3858 14989 2499 3859 14990 2489 3435 14991 2488 3855 14992 964 1171 14993 2428 3857 14994 2499 3859 14995 2490 3436 14996 2405 3858 14997 2406 3860 14998 2499 3859 14999 2406 3860 15000 2432 3861 15001 2504 3862 15002 2406 3860 15003 2504 3862 15004 2499 3859 15005 2504 3863 15006 2432 3864 15007 2503 3464 15008 2432 3864 15009 2418 3465 15010 2503 3464 15011 2418 3465 15012 2417 3792 15013 2482 3441 15014 2417 3792 15015 878 1341 15016 2482 3441 15017 878 1341 15018 970 1153 15019 2482 3441 15020 970 1153 15021 889 1340 15022 2484 3432 15023 2482 3441 15024 970 1153 15025 2484 3432 15026 889 1340 15027 2486 3865 15028 2484 3432 15029 224 3466 15030 225 346 15031 2506 3467 15032 225 346 15033 226 3470 15034 2507 3469 15035 226 3470 15036 227 3472 15037 2508 3471 15038 227 3472 15039 228 3474 15040 2509 3473 15041 228 3474 15042 229 3866 15043 2510 3475 15044 2511 3478 15045 2510 3475 15046 229 3866 15047 229 3866 15048 230 3476 15049 2511 3478 15050 2512 3477 15051 230 3476 15052 231 3479 15053 2513 3480 15054 231 3479 15055 232 3481 15056 2514 3482 15057 232 3481 15058 233 3483 15059 2515 3484 15060 233 3483 15061 234 3485 15062 2516 3486 15063 234 3485 15064 235 3487 15065 2517 3488 15066 235 3487 15067 236 3489 15068 2518 3490 15069 236 3489 15070 2519 3493 15071 236 3489 15072 237 3491 15073 2519 3493 15074 2520 3492 15075 237 3491 15076 238 3494 15077 238 3494 15078 239 3497 15079 2522 3496 15080 239 3497 15081 240 3499 15082 2523 3498 15083 240 3499 15084 241 3501 15085 2524 3500 15086 241 3501 15087 224 3466 15088 2505 3468 15089 2518 3867 15090 2519 3868 15091 1417 1869 15092 1416 1867 15093 1448 1883 15094 2513 3869 15095 1448 1883 15096 1449 1914 15097 2511 3870 15098 2513 3869 15099 1448 1883 15100 2512 3871 15101 2511 3870 15102 2512 3871 15103 1448 1883 15104 2518 3867 15105 1417 1869 15106 2517 3872 15107 1417 1869 15108 1416 1867 15109 2517 3872 15110 1416 1867 15111 2513 3869 15112 2514 3873 15113 2516 3503 15114 2517 3872 15115 1416 1867 15116 1416 1867 15117 2514 3873 15118 2515 3502 15119 2510 3874 15120 2511 3870 15121 1449 1914 15122 1449 1914 15123 1450 1917 15124 2509 3875 15125 1450 1917 15126 1418 1871 15127 2506 3505 15128 1417 1869 15129 2519 3868 15130 2520 3876 15131 1417 1869 15132 2520 3876 15133 2521 3877 15134 2509 3875 15135 2510 3874 15136 1449 1914 15137 2508 3878 15138 2509 3875 15139 1450 1917 15140 1418 1871 15141 1417 1869 15142 2521 3877 15143 1418 1871 15144 2521 3877 15145 2522 3879 15146 2507 3880 15147 2508 3878 15148 1450 1917 15149 2506 3505 15150 2507 3880 15151 1450 1917 15152 1418 1871 15153 2522 3879 15154 2523 3881 15155 1418 1871 15156 2523 3881 15157 2524 3882 15158 1418 1871 15159 2524 3882 15160 2505 3504 15161 2531 3883 15162 0 6 15163 2530 3507 15164 0 6 15165 1 8 15166 2530 3507 15167 2532 3506 15168 1 8 15169 2 14 15170 2 14 15171 3 9 15172 2535 3509 15173 2536 3511 15174 2535 3509 15175 3 9 15176 3 9 15177 4 0 15178 2536 3511 15179 5 2 15180 2538 3513 15181 2537 3510 15182 5 2 15183 6 12 15184 2539 3512 15185 6 12 15186 0 6 15187 2531 3514 15188 2540 3517 15189 113 121 15190 2541 3516 15191 113 121 15192 112 120 15193 2541 3516 15194 114 124 15195 113 121 15196 2540 3517 15197 114 124 15198 2542 3518 15199 2525 3519 15200 2526 3520 15201 2527 3521 15202 116 114 15203 116 114 15204 115 122 15205 2526 3520 15206 117 115 15207 116 114 15208 2527 3521 15209 117 115 15210 2528 3522 15211 2529 3523 15212 118 126 15213 2529 3523 15214 2533 3524 15215 2535 3525 15216 2536 3884 15217 905 1197 15218 955 1199 15219 892 1180 15220 2532 3506 15221 892 1180 15222 837 3582 15223 2532 3506 15224 955 1199 15225 2532 3506 15226 2534 3508 15227 837 3582 15228 2530 3885 15229 2532 3506 15230 2534 3508 15231 2535 3525 15232 955 1199 15233 2531 3886 15234 2530 3887 15235 837 3587 15236 837 3587 15237 895 1312 15238 2539 3512 15239 895 1312 15240 962 1177 15241 2539 3512 15242 2539 3512 15243 962 1177 15244 2538 3513 15245 962 1177 15246 905 1319 15247 2537 3526 15248 905 1319 15249 2536 3888 15250 2537 3526 15251 2539 3512 15252 2531 3886 15253 837 3587 15254 2527 3527 15255 2526 3889 15256 1062 1425 15257 1112 1427 15258 1049 1408 15259 2529 3523 15260 1049 1408 15261 994 3589 15262 2529 3523 15263 1112 1427 15264 2529 3523 15265 2528 3522 15266 994 3589 15267 2541 3890 15268 2533 3891 15269 994 3589 15270 2533 3891 15271 2529 3523 15272 2527 3527 15273 1062 1425 15274 1112 1427 15275 2541 3892 15276 994 3594 15277 2540 3517 15278 994 3594 15279 1052 1540 15280 2540 3517 15281 1119 1405 15282 1062 1547 15283 2525 3893 15284 1062 1547 15285 2526 3894 15286 2525 3893 15287 1119 1405 15288 2525 3893 15289 2542 3518 15290 2542 3518 15291 2540 3517 15292 1119 1405 15293</p>
        </triangles>
      </mesh>
    </geometry>
  </library_geometries>
  <library_visual_scenes>
    <visual_scene id="Scene" name="Scene">
      <node id="Lampara" name="Lampara" type="NODE">
        <matrix sid="transform">1 0 0 0 0 1 0 -3.57026 0 0 1 0 0 0 0 1</matrix>
        <instance_geometry url="#Cylinder_002-mesh" name="Lampara">
          <bind_material>
            <technique_common>
              <instance_material symbol="Material-material" target="#Material-material">
                <bind_vertex_input semantic="UVMap" input_semantic="TEXCOORD" input_set="0"/>
              </instance_material>
            </technique_common>
          </bind_material>
        </instance_geometry>
        <node id="C" name="C" type="NODE">
          <matrix sid="transform">0.3140321 0 0 0 0 0.3140321 0 -2.11954e-4 0 0 0.3140321 1.092445 0 0 0 1</matrix>
          <instance_geometry url="#Cylinder-mesh" name="C">
            <bind_material>
              <technique_common>
                <instance_material symbol="Material_001-material" target="#Material_001-material">
                  <bind_vertex_input semantic="UVMap" input_semantic="TEXCOORD" input_set="0"/>
                </instance_material>
              </technique_common>
            </bind_material>
          </instance_geometry>
        </node>
      </node>
    </visual_scene>
  </library_visual_scenes>
  <scene>
    <instance_visual_scene url="#Scene"/>
  </scene>
</COLLADA>